Sub-Sample;"Day Relative to Event";-15;-14;-13;-12;-11;-10;-9;-8;-7;-6;-5;-4;-3;-2;-1;0;1;2;3;4;5;6;7;8;9;10;11;12;13;14;15
GB;"Average Abnormal Return (AAR)";-0.0021;0.0064;0.0036;0.0002;0.0002;0.0037;-0.0063;-0.0016;0.0014;0.0011;0.0002;0.0002;0.0062;-0.0015;-0.0017;-0.0057;-0.0038;0.0002;0.0002;0.0101;-0.0045;0.008;-0.0126;0.0023;0.0002;0.0002;-0.002;-0.0022;-0.0075;0.0066;0.0044
GB;N;134;134;134;134;134;134;134;134;134;134;134;134;134;134;134;134;134;134;134;134;134;134;134;134;134;134;134;134;134;134;134
GB;Pos:Neg;55:79;89:45;78:56;70:64;70:64;86:48;37:97;57:77;72:62;78:56;70:64;70:64;94:40;66:68;65:69;58:76;61:73;70:64;70:64;87:47;62:72;92:42;34:100;77:57;70:64;70:64;62:72;63:71;51:83;89:45;85:49
GB;"Patell Z";-2.2665;5.6448;3.369;0.0727;0.0727;2.7556;-6.2165;-1.3047;1.8799;2.7184;0.0727;0.0727;5.2191;-1.7409;-0.4471;-7.2471;-1.3029;0.0727;0.0727;9.0855;-3.0584;7.3704;-11.2018;2.5143;0.0727;0.0727;-1.439;-1.9174;-6.7817;6.1714;3.5944
GB;"Patell Z P-Values";0.0234;1.6534E-8;0.0008;0.942;0.942;0.0059;5.0831E-10;0.192;0.0601;0.0066;0.942;0.942;1.7982E-7;0.0817;0.6548;4.2566E-13;0.1926;0.942;0.942;1.0323E-19;0.0022;1.7016E-13;3.9946E-29;0.0119;0.942;0.942;0.1502;0.0552;1.1881E-11;6.7673E-10;0.0003
GB;"Generalized Sign Z";;;;;;;;;;;;;;;;;;;;;;;;;;;;;;;
GB;"Generalized Sign Z P-Values";;;;;;;;;;;;;;;;;;;;;;;;;;;;;;;
GB;"Sign Z";;;;;;;;;;;;;;;;;;;;;;;;;;;;;;;
GB;"Sign Z P-Values";;;;;;;;;;;;;;;;;;;;;;;;;;;;;;;
GB;"Csect T";-1.8856;5.1788;2.7949;1.6911;1.6911;3.3606;-5.6775;-1.6092;1.3187;0.7757;1.6911;1.6911;5.5252;-0.8174;-1.3973;-1.9474;-1.8595;1.6911;1.6911;3.817;-2.0713;4.1406;-4.2435;1.1827;1.6911;1.6911;-0.9607;-0.8773;-3.2425;3.8735;2.6565
GB;"Csect T P-Values";0.0615;8.0666E-7;0.006;0.0932;0.0932;0.001;8.2071E-8;0.11;0.1895;0.4393;0.0932;0.0932;1.6706E-7;0.4151;0.1647;0.0536;0.0652;0.0932;0.0932;0.0002;0.0403;0.0001;0;0.239;0.0932;0.0932;0.3384;0.3819;0.0015;0.0002;0.0089
GB;"StdCSect T";-2.3383;5.2778;2.8924;0.7801;0.7801;2.9516;-6.5912;-1.4155;1.7817;2.4622;0.7801;0.7801;5.5932;-1.0618;-0.3903;-2.5319;-0.8038;0.7801;0.7801;3.1949;-1.598;4.2949;-4.7222;1.5519;0.7801;0.7801;-0.711;-0.7836;-3.5865;3.9875;2.5788
GB;"StdCSect T P-Values";0.0209;5.1756E-7;0.0045;0.4367;0.4367;0.0037;9.3535E-10;0.1592;0.0771;0.0151;0.4367;0.4367;1.2178E-7;0.2902;0.697;0.0125;0.4229;0.4367;0.4367;0.0017;0.1124;0;5.8414E-6;0.1231;0.4367;0.4367;0.4783;0.4347;0.0005;0.0001;0.011
GB;"Rank Z";;;;;;;;;;;;;;;;;;;;;;;;;;;;;;;
GB;"Rank Z P-Values";;;;;;;;;;;;;;;;;;;;;;;;;;;;;;;
GB;"Generalized Rank T";;;;;;;;;;;;;;;;;;;;;;;;;;;;;;;
GB;"Generalized Rank T P-Values";;;;;;;;;;;;;;;;;;;;;;;;;;;;;;;
GB;"Generalized Rank Z";;;;;;;;;;;;;;;;;;;;;;;;;;;;;;;
GB;"Generalized Rank Z P-Values";;;;;;;;;;;;;;;;;;;;;;;;;;;;;;;
GB;"Adjusted Patell Z";;;;;;;;;;;;;;;;;;;;;;;;;;;;;;;
GB;"Adjusted Patell Z P-Values";;;;;;;;;;;;;;;;;;;;;;;;;;;;;;;
GB;"Adjusted StdCSect T";;;;;;;;;;;;;;;;;;;;;;;;;;;;;;;
GB;"Adjusted StdCSect T P-Values";;;;;;;;;;;;;;;;;;;;;;;;;;;;;;;
GB;"Skewness-Corrected T";;;;;;;;;;;;;;;;;;;;;;;;;;;;;;;
GB;"Skewness-Corrected T P-Values";;;;;;;;;;;;;;;;;;;;;;;;;;;;;;;
GB;"CDA T";;;;;;;;;;;;;;;;;;;;;;;;;;;;;;;
GB;"CDA T P-Values";;;;;;;;;;;;;;;;;;;;;;;;;;;;;;;
GB;Wilcoxon;;;;;;;;;;;;;;;;;;;;;;;;;;;;;;;
GB;"Wilcoxon P-Values";;;;;;;;;;;;;;;;;;;;;;;;;;;;;;;
DE;"Average Abnormal Return (AAR)";0.0004;-0.0078;-0.0018;0.0003;0.0003;-0.0007;0.0108;-0.0007;0.002;-0.0086;0.0003;0.0003;-0.0065;-0.004;-0.0063;-0.0062;0.0012;0.0003;0.0003;0.003;-0.0106;-0.0106;-0.0099;-0.0142;0.0003;0.0003;-0.0104;0.0011;0.0281;-0.009;0.0037
DE;N;67;67;67;67;67;67;67;67;67;67;67;67;67;67;67;67;67;67;67;67;67;67;67;67;67;67;67;67;67;67;67
DE;Pos:Neg;30:37;34:33;33:34;38:29;38:29;33:34;51:16;31:36;31:36;21:46;38:29;38:29;18:49;23:44;26:41;26:41;36:31;38:29;38:29;28:39;24:43;27:40;25:42;18:49;38:29;38:29;20:47;35:32;58:9;21:46;43:24
DE;"Patell Z";-0.5742;-1.4468;0.5664;0.0941;0.0941;-1.2737;5.1116;-0.0273;0.8641;-3.9229;0.0941;0.0941;-4.8915;-4.053;-3.6921;-6.8119;1.774;0.0941;0.0941;-0.5405;-5.9709;-6.1298;-6.4271;-10.1001;0.0941;0.0941;-8.5455;1.1574;17.6806;-6.3927;3.325
DE;"Patell Z P-Values";0.5659;0.1479;0.5711;0.925;0.925;0.2028;3.1947E-7;0.9782;0.3875;0.0001;0.925;0.925;1.0006E-6;0.0001;0.0002;9.6311E-12;0.0761;0.925;0.925;0.5889;2.3589E-9;8.7983E-10;1.3008E-10;5.5188E-24;0.925;0.925;1.2802E-17;0.2471;5.9128E-70;1.6302E-10;0.0009
DE;"Generalized Sign Z";;;;;;;;;;;;;;;;;;;;;;;;;;;;;;;
DE;"Generalized Sign Z P-Values";;;;;;;;;;;;;;;;;;;;;;;;;;;;;;;
DE;"Sign Z";;;;;;;;;;;;;;;;;;;;;;;;;;;;;;;
DE;"Sign Z P-Values";;;;;;;;;;;;;;;;;;;;;;;;;;;;;;;
DE;"Csect T";0.2108;-1.3538;-0.6544;1.2756;1.2756;-0.3171;4.5435;-0.3804;1.0582;-3.8089;1.2756;1.2756;-4.4275;-1.2924;-2.5957;-1.2195;0.4309;1.2756;1.2756;0.5387;-2.1238;-3.4587;-2.6618;-4.0025;1.2756;1.2756;-3.4498;0.2685;7.0461;-2.5916;1.7524
DE;"Csect T P-Values";0.8337;0.1804;0.5151;0.2066;0.2066;0.7521;0;0.7049;0.2938;0.0003;0.2066;0.2066;0;0.2007;0.0116;0.227;0.6679;0.2066;0.2066;0.5919;0.0374;0.001;0.0098;0.0002;0.2066;0.2066;0.001;0.7891;1.3414E-9;0.0117;0.0844
DE;"StdCSect T";-0.5202;-0.8552;0.4162;1.0078;1.0078;-1.1684;5.9483;-0.0237;0.7418;-3.5234;1.0078;1.0078;-5.2187;-2.022;-2.0439;-2.2257;1.0131;1.0078;1.0078;-0.1454;-1.7595;-2.922;-2.0836;-4.2913;1.0078;1.0078;-4.1681;0.4709;6.7356;-3.1241;2.3622
DE;"StdCSect T P-Values";0.6046;0.3955;0.6786;0.3173;0.3173;0.2468;1.138E-7;0.9811;0.4608;0.0008;0.3173;0.3173;1.9598E-6;0.0472;0.045;0.0295;0.3147;0.3173;0.3173;0.8849;0.0831;0.0048;0.0411;0.0001;0.3173;0.3173;0.0001;0.6393;4.7699E-9;0.0026;0.0211
DE;"Rank Z";;;;;;;;;;;;;;;;;;;;;;;;;;;;;;;
DE;"Rank Z P-Values";;;;;;;;;;;;;;;;;;;;;;;;;;;;;;;
DE;"Generalized Rank T";;;;;;;;;;;;;;;;;;;;;;;;;;;;;;;
DE;"Generalized Rank T P-Values";;;;;;;;;;;;;;;;;;;;;;;;;;;;;;;
DE;"Generalized Rank Z";;;;;;;;;;;;;;;;;;;;;;;;;;;;;;;
DE;"Generalized Rank Z P-Values";;;;;;;;;;;;;;;;;;;;;;;;;;;;;;;
DE;"Adjusted Patell Z";;;;;;;;;;;;;;;;;;;;;;;;;;;;;;;
DE;"Adjusted Patell Z P-Values";;;;;;;;;;;;;;;;;;;;;;;;;;;;;;;
DE;"Adjusted StdCSect T";;;;;;;;;;;;;;;;;;;;;;;;;;;;;;;
DE;"Adjusted StdCSect T P-Values";;;;;;;;;;;;;;;;;;;;;;;;;;;;;;;
DE;"Skewness-Corrected T";;;;;;;;;;;;;;;;;;;;;;;;;;;;;;;
DE;"Skewness-Corrected T P-Values";;;;;;;;;;;;;;;;;;;;;;;;;;;;;;;
DE;"CDA T";;;;;;;;;;;;;;;;;;;;;;;;;;;;;;;
DE;"CDA T P-Values";;;;;;;;;;;;;;;;;;;;;;;;;;;;;;;
DE;Wilcoxon;;;;;;;;;;;;;;;;;;;;;;;;;;;;;;;
DE;"Wilcoxon P-Values";;;;;;;;;;;;;;;;;;;;;;;;;;;;;;;
IT;"Average Abnormal Return (AAR)";0.0108;-0.0011;-0.0002;0.0006;0.0006;-0.0002;0.0078;-0.0012;-0.0011;0.0033;0.0006;0.0006;-0.0016;0.002;-0.002;0.0019;0.0004;0.0006;0.0006;0.0039;-0.0158;-0.0045;-0.0056;-0.0212;0.0006;0.0006;-0.0004;0.0068;0.0201;-0.017;0.0064
IT;N;29;29;29;29;29;29;29;29;29;29;29;29;29;29;29;29;29;29;29;29;29;29;29;29;29;29;29;29;29;29;29
IT;Pos:Neg;19:10;12:17;8:21;19:10;19:10;15:14;24:5;11:18;15:14;20:9;19:10;19:10;10:19;15:14;16:13;16:13;17:12;19:10;19:10;18:11;8:21;10:19;16:13;11:18;19:10;19:10;13:16;17:12;26:3;8:21;15:14
IT;"Patell Z";3.9886;-0.14;-0.4534;0.1789;0.1789;0.4417;3.5826;-0.0791;0.0003;1.8375;0.1789;0.1789;-0.7457;-0.1332;-0.2162;0.9217;1.4585;0.1789;0.1789;2.0411;-6.1189;-2.6708;-0.5746;-6.9119;0.1789;0.1789;0.9435;2.9316;8.5687;-7.6175;1.831
IT;"Patell Z P-Values";0.0001;0.8887;0.6503;0.8581;0.8581;0.6587;0.0003;0.937;0.9997;0.0661;0.8581;0.8581;0.4558;0.894;0.8288;0.3567;0.1447;0.8581;0.8581;0.0412;9.4229E-10;0.0076;0.5656;4.7804E-12;0.8581;0.8581;0.3454;0.0034;1.0466E-17;2.5873E-14;0.0671
IT;"Generalized Sign Z";;;;;;;;;;;;;;;;;;;;;;;;;;;;;;;
IT;"Generalized Sign Z P-Values";;;;;;;;;;;;;;;;;;;;;;;;;;;;;;;
IT;"Sign Z";;;;;;;;;;;;;;;;;;;;;;;;;;;;;;;
IT;"Sign Z P-Values";;;;;;;;;;;;;;;;;;;;;;;;;;;;;;;
IT;"Csect T";3.386;-0.3806;-0.0471;1.7923;1.7923;-0.0703;3.6552;-0.5366;-0.4818;1.8121;1.7923;1.7923;-0.7574;0.7075;-0.431;0.2598;0.1081;1.7923;1.7923;0.534;-2.6127;-1.5414;-0.9738;-2.7283;1.7923;1.7923;-0.0722;1.1583;4.0471;-3.711;1.3979
IT;"Csect T P-Values";0.0021;0.7064;0.9627;0.0839;0.0839;0.9445;0.0011;0.5958;0.6337;0.0807;0.0839;0.0839;0.4551;0.4851;0.6698;0.7969;0.9147;0.0839;0.0839;0.5975;0.0143;0.1344;0.3385;0.0109;0.0839;0.0839;0.943;0.2565;0.0004;0.0009;0.1731
IT;"StdCSect T";3.7472;-0.1148;-0.3235;2.1137;2.1137;0.3805;3.6042;-0.0718;0.0003;2.3506;2.1137;2.1137;-0.886;-0.1099;-0.1002;0.321;0.8046;2.1137;2.1137;0.6295;-2.3101;-1.8007;-0.3862;-2.7182;2.1137;2.1137;0.3902;1.1772;3.8247;-3.9864;0.9644
IT;"StdCSect T P-Values";0.0008;0.9095;0.7487;0.0436;0.0436;0.7064;0.0012;0.9432;0.9998;0.026;0.0436;0.0436;0.3832;0.9132;0.9209;0.7506;0.4278;0.0436;0.0436;0.5341;0.0285;0.0825;0.7022;0.0111;0.0436;0.0436;0.6993;0.249;0.0007;0.0004;0.3431
IT;"Rank Z";;;;;;;;;;;;;;;;;;;;;;;;;;;;;;;
IT;"Rank Z P-Values";;;;;;;;;;;;;;;;;;;;;;;;;;;;;;;
IT;"Generalized Rank T";;;;;;;;;;;;;;;;;;;;;;;;;;;;;;;
IT;"Generalized Rank T P-Values";;;;;;;;;;;;;;;;;;;;;;;;;;;;;;;
IT;"Generalized Rank Z";;;;;;;;;;;;;;;;;;;;;;;;;;;;;;;
IT;"Generalized Rank Z P-Values";;;;;;;;;;;;;;;;;;;;;;;;;;;;;;;
IT;"Adjusted Patell Z";;;;;;;;;;;;;;;;;;;;;;;;;;;;;;;
IT;"Adjusted Patell Z P-Values";;;;;;;;;;;;;;;;;;;;;;;;;;;;;;;
IT;"Adjusted StdCSect T";;;;;;;;;;;;;;;;;;;;;;;;;;;;;;;
IT;"Adjusted StdCSect T P-Values";;;;;;;;;;;;;;;;;;;;;;;;;;;;;;;
IT;"Skewness-Corrected T";;;;;;;;;;;;;;;;;;;;;;;;;;;;;;;
IT;"Skewness-Corrected T P-Values";;;;;;;;;;;;;;;;;;;;;;;;;;;;;;;
IT;"CDA T";;;;;;;;;;;;;;;;;;;;;;;;;;;;;;;
IT;"CDA T P-Values";;;;;;;;;;;;;;;;;;;;;;;;;;;;;;;
IT;Wilcoxon;;;;;;;;;;;;;;;;;;;;;;;;;;;;;;;
IT;"Wilcoxon P-Values";;;;;;;;;;;;;;;;;;;;;;;;;;;;;;;
SE;"Average Abnormal Return (AAR)";0.0081;-0.0207;0.0032;0.0012;0.0012;-0.0047;0.011;-0.0064;-0.0145;-0.0123;0.0012;0.0012;-0.0068;0.0203;-0.0118;0.022;-0.015;0.0012;0.0012;0.01;0.0033;-0.0061;0.0034;0.0268;0.0012;0.0012;-0.0017;0.0116;-0.0131;0.0235;0.0051
SE;N;63;63;63;63;63;63;63;63;63;63;63;63;63;63;63;63;63;63;63;63;63;63;63;63;63;63;63;63;63;63;63
SE;Pos:Neg;47:16;5:58;37:26;52:11;52:11;27:36;53:10;24:39;7:56;14:49;52:11;52:11;20:43;50:13;19:44;48:15;12:51;52:11;52:11;42:21;38:25;26:37;38:25;57:6;52:11;52:11;28:35;40:23;23:40;57:6;38:25
SE;"Patell Z";3.4901;-9.931;2.1679;0.4458;0.4458;-2.9822;5.7027;-2.5034;-7.6874;-5.7744;0.4458;0.4458;-4.2921;8.8524;-6.5162;8.1595;-6.9988;0.4458;0.4458;2.9852;0.3084;-3.0394;1.8303;13.1005;0.4458;0.4458;-1.7015;7.3168;-6.7423;13.8205;3.0482
SE;"Patell Z P-Values";0.0005;3.0515E-23;0.0302;0.6557;0.6557;0.0029;1.179E-8;0.0123;1.5014E-14;7.7225E-9;0.6557;0.6557;0;8.5634E-19;7.2128E-11;3.3655E-16;2.5809E-12;0.6557;0.6557;0.0028;0.7578;0.0024;0.0672;3.2704E-39;0.6557;0.6557;0.0889;2.5388E-13;1.5593E-11;1.9171E-43;0.0023
SE;"Generalized Sign Z";;;;;;;;;;;;;;;;;;;;;;;;;;;;;;;
SE;"Generalized Sign Z P-Values";;;;;;;;;;;;;;;;;;;;;;;;;;;;;;;
SE;"Sign Z";;;;;;;;;;;;;;;;;;;;;;;;;;;;;;;
SE;"Sign Z P-Values";;;;;;;;;;;;;;;;;;;;;;;;;;;;;;;
SE;"Csect T";3.9604;-5.4135;1.445;5.0309;5.0309;-1.9446;6.4366;-1.4615;-7.8991;-6.0707;5.0309;5.0309;-2.7986;6.5763;-3.1827;5.9051;-5.9799;5.0309;5.0309;2.7639;1.3006;-1.6407;1.4659;9.342;5.0309;5.0309;-0.6592;4.1786;-2.9706;9.325;2.2584
SE;"Csect T P-Values";0.0002;1.0621E-6;0.1535;4.4539E-6;4.4539E-6;0.0564;2.0097E-8;0.1489;5.9221E-11;8.452E-8;4.4539E-6;4.4539E-6;0.0068;1.157E-8;0.0023;1.6095E-7;1.204E-7;4.4539E-6;4.4539E-6;0.0075;0.1982;0.1059;0.1477;1.9348E-13;4.4539E-6;4.4539E-6;0.5122;0.0001;0.0042;2.0675E-13;0.0275
SE;"StdCSect T";4.2153;-9.0148;1.9759;6.3371;6.3371;-2.2958;7.7701;-1.2436;-8.1894;-5.9895;6.3371;6.3371;-3.3758;6.3604;-4.1559;4.6596;-5.7989;6.3371;6.3371;1.5289;0.2411;-1.5404;1.6481;10.2488;6.3371;6.3371;-1.1739;4.7773;-3.609;9.0103;2.724
SE;"StdCSect T P-Values";0.0001;7.0102E-13;0.0526;2.9746E-8;2.9746E-8;0.0251;9.9194E-11;0.2183;1.8576E-11;1.1596E-7;2.9746E-8;2.9746E-8;0.0013;2.7141E-8;0.0001;0;2.4283E-7;2.9746E-8;2.9746E-8;0.1314;0.8102;0.1286;0.1044;5.7231E-15;2.9746E-8;2.9746E-8;0.2449;0;0.0006;7.1349E-13;0.0084
SE;"Rank Z";;;;;;;;;;;;;;;;;;;;;;;;;;;;;;;
SE;"Rank Z P-Values";;;;;;;;;;;;;;;;;;;;;;;;;;;;;;;
SE;"Generalized Rank T";;;;;;;;;;;;;;;;;;;;;;;;;;;;;;;
SE;"Generalized Rank T P-Values";;;;;;;;;;;;;;;;;;;;;;;;;;;;;;;
SE;"Generalized Rank Z";;;;;;;;;;;;;;;;;;;;;;;;;;;;;;;
SE;"Generalized Rank Z P-Values";;;;;;;;;;;;;;;;;;;;;;;;;;;;;;;
SE;"Adjusted Patell Z";;;;;;;;;;;;;;;;;;;;;;;;;;;;;;;
SE;"Adjusted Patell Z P-Values";;;;;;;;;;;;;;;;;;;;;;;;;;;;;;;
SE;"Adjusted StdCSect T";;;;;;;;;;;;;;;;;;;;;;;;;;;;;;;
SE;"Adjusted StdCSect T P-Values";;;;;;;;;;;;;;;;;;;;;;;;;;;;;;;
SE;"Skewness-Corrected T";;;;;;;;;;;;;;;;;;;;;;;;;;;;;;;
SE;"Skewness-Corrected T P-Values";;;;;;;;;;;;;;;;;;;;;;;;;;;;;;;
SE;"CDA T";;;;;;;;;;;;;;;;;;;;;;;;;;;;;;;
SE;"CDA T P-Values";;;;;;;;;;;;;;;;;;;;;;;;;;;;;;;
SE;Wilcoxon;;;;;;;;;;;;;;;;;;;;;;;;;;;;;;;
SE;"Wilcoxon P-Values";;;;;;;;;;;;;;;;;;;;;;;;;;;;;;;
NL;"Average Abnormal Return (AAR)";-0.0029;-0.0044;-0.0033;0.0005;0.0005;0.0025;0.0015;0.0025;0.0048;-0.0012;0.0005;0.0005;-0.01;9.375E-6;0.0036;0.0042;-0.007;0.0005;0.0005;0.0022;-0.0084;-0.0027;0.0036;-0.0123;0.0005;0.0005;-0.0103;-0.0098;0.0252;-0.0077;0.0031
NL;N;32;32;32;32;32;32;32;32;32;32;32;32;32;32;32;32;32;32;32;32;32;32;32;32;32;32;32;32;32;32;32
NL;Pos:Neg;18:14;11:21;15:17;17:15;17:15;17:15;13:19;19:13;16:16;15:17;17:15;17:15;8:24;18:14;18:14;18:14;13:19;17:15;17:15;18:14;14:18;13:19;20:12;11:21;17:15;17:15;10:22;14:18;29:3;9:23;17:15
NL;"Patell Z";-0.8206;-1.182;-0.9282;0.1254;0.1254;0.1664;0.8144;0.2828;2.0438;-0.2694;0.1254;0.1254;-4.867;-0.6103;3.0124;-0.7651;-2.0959;0.1254;0.1254;-1.0986;-4.4516;-0.5731;2.3364;-4.7425;0.1254;0.1254;-6.1175;-3.9443;11.0597;-3.5303;0.1642
NL;"Patell Z P-Values";0.4119;0.2372;0.3533;0.9002;0.9002;0.8678;0.4154;0.7773;0.041;0.7876;0.9002;0.9002;1.1332E-6;0.5417;0.0026;0.4442;0.0361;0.9002;0.9002;0.2719;8.525E-6;0.5666;0.0195;2.1112E-6;0.9002;0.9002;9.5066E-10;0.0001;1.9667E-28;0.0004;0.8696
NL;"Generalized Sign Z";;;;;;;;;;;;;;;;;;;;;;;;;;;;;;;
NL;"Generalized Sign Z P-Values";;;;;;;;;;;;;;;;;;;;;;;;;;;;;;;
NL;"Sign Z";;;;;;;;;;;;;;;;;;;;;;;;;;;;;;;
NL;"Sign Z P-Values";;;;;;;;;;;;;;;;;;;;;;;;;;;;;;;
NL;"Csect T";-0.5109;-1.6873;-1.2393;2.1597;2.1597;0.8552;0.6888;0.788;1.3263;-0.3804;2.1597;2.1597;-3.2432;0.0034;0.6254;0.6586;-1.9578;2.1597;2.1597;0.3831;-1.7237;-0.8482;0.8576;-2.6062;2.1597;2.1597;-1.952;-1.4736;7.6057;-2.3722;0.6656
NL;"Csect T P-Values";0.613;0.1016;0.2245;0.0386;0.0386;0.399;0.4961;0.4367;0.1944;0.7063;0.0386;0.0386;0.0028;0.9973;0.5363;0.515;0.0593;0.0386;0.0386;0.7043;0.0947;0.4028;0.3977;0.0139;0.0386;0.0386;0.06;0.1507;1.4168E-8;0.0241;0.5106
NL;"StdCSect T";-0.3888;-1.1908;-0.9536;1.5725;1.5725;0.1295;0.8226;0.1749;1.2763;-0.2541;1.5725;1.5725;-3.8049;-0.5393;1.2029;-0.2912;-1.5982;1.5725;1.5725;-0.4133;-1.7968;-0.3619;1.4864;-2.3803;1.5725;1.5725;-2.6626;-1.1009;6.814;-2.5082;0.1081
NL;"StdCSect T P-Values";0.7001;0.2428;0.3477;0.126;0.126;0.8978;0.417;0.8623;0.2113;0.8011;0.126;0.126;0.0006;0.5936;0.2381;0.7728;0.1201;0.126;0.126;0.6822;0.0821;0.7199;0.1473;0.0236;0.126;0.126;0.0122;0.2794;1.24E-7;0.0176;0.9146
NL;"Rank Z";;;;;;;;;;;;;;;;;;;;;;;;;;;;;;;
NL;"Rank Z P-Values";;;;;;;;;;;;;;;;;;;;;;;;;;;;;;;
NL;"Generalized Rank T";;;;;;;;;;;;;;;;;;;;;;;;;;;;;;;
NL;"Generalized Rank T P-Values";;;;;;;;;;;;;;;;;;;;;;;;;;;;;;;
NL;"Generalized Rank Z";;;;;;;;;;;;;;;;;;;;;;;;;;;;;;;
NL;"Generalized Rank Z P-Values";;;;;;;;;;;;;;;;;;;;;;;;;;;;;;;
NL;"Adjusted Patell Z";;;;;;;;;;;;;;;;;;;;;;;;;;;;;;;
NL;"Adjusted Patell Z P-Values";;;;;;;;;;;;;;;;;;;;;;;;;;;;;;;
NL;"Adjusted StdCSect T";;;;;;;;;;;;;;;;;;;;;;;;;;;;;;;
NL;"Adjusted StdCSect T P-Values";;;;;;;;;;;;;;;;;;;;;;;;;;;;;;;
NL;"Skewness-Corrected T";;;;;;;;;;;;;;;;;;;;;;;;;;;;;;;
NL;"Skewness-Corrected T P-Values";;;;;;;;;;;;;;;;;;;;;;;;;;;;;;;
NL;"CDA T";;;;;;;;;;;;;;;;;;;;;;;;;;;;;;;
NL;"CDA T P-Values";;;;;;;;;;;;;;;;;;;;;;;;;;;;;;;
NL;Wilcoxon;;;;;;;;;;;;;;;;;;;;;;;;;;;;;;;
NL;"Wilcoxon P-Values";;;;;;;;;;;;;;;;;;;;;;;;;;;;;;;
CH;"Average Abnormal Return (AAR)";0.0047;0.0003;-0.0003;0.0002;0.0002;0.0049;-0.002;0.002;-0.0015;-0.0018;0.0002;0.0002;0.0019;-0.0015;0.0029;0.0143;-0.0096;0.0002;0.0002;0.0108;0.0103;-0.0058;0.0082;0.0048;0.0002;0.0002;-0.0052;-0.0149;-0.0047;0.0117;0.0058
CH;N;55;55;55;55;55;55;55;55;55;55;55;55;55;55;55;55;55;55;55;55;55;55;55;55;55;55;55;55;55;55;55
CH;Pos:Neg;38:17;30:25;33:22;33:22;33:22;37:18;23:32;40:15;29:26;30:25;33:22;33:22;32:23;19:36;35:20;38:17;9:46;33:22;33:22;44:11;38:17;16:39;37:18;32:23;33:22;33:22;22:33;19:36;25:30;43:12;39:16
CH;"Patell Z";2.2117;0.4556;1.123;-0.0169;-0.0169;2.073;-2.1681;2.2278;-1.0446;0.0622;-0.0169;-0.0169;1.499;-2.085;2.3531;6.3797;-6.0227;-0.0169;-0.0169;6.5109;6.0158;-3.9461;6.383;2.6011;-0.0169;-0.0169;-5.2512;-7.7726;-3.6042;8.4686;4.6086
CH;"Patell Z P-Values";0.027;0.6486;0.2614;0.9865;0.9865;0.0382;0.0302;0.0259;0.2962;0.9504;0.9865;0.9865;0.1339;0.0371;0.0186;1.7741E-10;1.7151E-9;0.9865;0.9865;7.4725E-11;1.7896E-9;0.0001;1.737E-10;0.0093;0.9865;0.9865;1.5115E-7;7.688E-15;0.0003;2.4836E-17;4.0531E-6
CH;"Generalized Sign Z";;;;;;;;;;;;;;;;;;;;;;;;;;;;;;;
CH;"Generalized Sign Z P-Values";;;;;;;;;;;;;;;;;;;;;;;;;;;;;;;
CH;"Sign Z";;;;;;;;;;;;;;;;;;;;;;;;;;;;;;;
CH;"Sign Z P-Values";;;;;;;;;;;;;;;;;;;;;;;;;;;;;;;
CH;"Csect T";3.6196;0.155;-0.215;1.0717;1.0717;1.4232;-0.8667;0.8766;-0.7871;-0.985;1.0717;1.0717;1.2711;-0.6514;2.0509;4.4002;-4.8063;1.0717;1.0717;3.5598;2.714;-2.89;2.8595;1.7776;1.0717;1.0717;-1.586;-3.1533;-1.4413;5.6682;3.5613
CH;"Csect T P-Values";0.0007;0.8774;0.8306;0.2886;0.2886;0.1604;0.3899;0.3846;0.4347;0.329;0.2886;0.2886;0.2091;0.5176;0.0451;0.0001;0;0.2886;0.2886;0.0008;0.0089;0.0055;0.006;0.0811;0.2886;0.2886;0.1186;0.0026;0.1553;5.7727E-7;0.0008
CH;"StdCSect T";3.079;0.3966;1.2543;-0.1648;-0.1648;0.7786;-1.8859;2.0661;-1.0315;0.0731;-0.1648;-0.1648;1.6289;-1.4723;2.5922;3.7604;-4.2655;-0.1648;-0.1648;3.2146;2.6595;-3.0039;3.6337;1.8038;-0.1648;-0.1648;-2.4752;-2.8954;-1.9627;6.2142;3.8732
CH;"StdCSect T P-Values";0.0033;0.6932;0.2151;0.8698;0.8698;0.4396;0.0647;0.0436;0.3069;0.942;0.8698;0.8698;0.1092;0.1467;0.0122;0.0004;0.0001;0.8698;0.8698;0.0022;0.0103;0.004;0.0006;0.0768;0.8698;0.8698;0.0165;0.0055;0.0548;7.7187E-8;0.0003
CH;"Rank Z";;;;;;;;;;;;;;;;;;;;;;;;;;;;;;;
CH;"Rank Z P-Values";;;;;;;;;;;;;;;;;;;;;;;;;;;;;;;
CH;"Generalized Rank T";;;;;;;;;;;;;;;;;;;;;;;;;;;;;;;
CH;"Generalized Rank T P-Values";;;;;;;;;;;;;;;;;;;;;;;;;;;;;;;
CH;"Generalized Rank Z";;;;;;;;;;;;;;;;;;;;;;;;;;;;;;;
CH;"Generalized Rank Z P-Values";;;;;;;;;;;;;;;;;;;;;;;;;;;;;;;
CH;"Adjusted Patell Z";;;;;;;;;;;;;;;;;;;;;;;;;;;;;;;
CH;"Adjusted Patell Z P-Values";;;;;;;;;;;;;;;;;;;;;;;;;;;;;;;
CH;"Adjusted StdCSect T";;;;;;;;;;;;;;;;;;;;;;;;;;;;;;;
CH;"Adjusted StdCSect T P-Values";;;;;;;;;;;;;;;;;;;;;;;;;;;;;;;
CH;"Skewness-Corrected T";;;;;;;;;;;;;;;;;;;;;;;;;;;;;;;
CH;"Skewness-Corrected T P-Values";;;;;;;;;;;;;;;;;;;;;;;;;;;;;;;
CH;"CDA T";;;;;;;;;;;;;;;;;;;;;;;;;;;;;;;
CH;"CDA T P-Values";;;;;;;;;;;;;;;;;;;;;;;;;;;;;;;
CH;Wilcoxon;;;;;;;;;;;;;;;;;;;;;;;;;;;;;;;
CH;"Wilcoxon P-Values";;;;;;;;;;;;;;;;;;;;;;;;;;;;;;;
BE;"Average Abnormal Return (AAR)";0.002;0.0072;-0.0048;0.0003;0.0003;-0.0041;0.0059;0.0108;-0.0026;0.001;0.0003;0.0003;-0.0076;-0.0047;0.0075;0.0045;0.0182;0.0003;0.0003;-0.005;-0.0014;0.0018;-0.0037;-0.0034;0.0003;0.0003;-0.0072;0.0016;0.0109;0.005;0.0059
BE;N;17;17;17;17;17;17;17;17;17;17;17;17;17;17;17;17;17;17;17;17;17;17;17;17;17;17;17;17;17;17;17
BE;Pos:Neg;12:5;12:5;7:10;10:7;10:7;9:8;14:3;14:3;4:13;10:7;10:7;10:7;3:14;4:13;10:7;9:8;13:4;10:7;10:7;9:8;7:10;8:9;7:10;7:10;10:7;10:7;9:8;6:11;15:2;13:4;14:3
BE;"Patell Z";0.5112;2.364;-1.7793;0.109;0.109;-1.6378;2.0036;4.0667;-1.1592;0.6509;0.109;0.109;-2.6879;-1.7362;2.4331;0.6251;6.0837;0.109;0.109;-1.1942;-1.01;0.6027;-0.9963;-1.9796;0.109;0.109;-3.5104;0.7452;4.9589;1.4295;2.4592
BE;"Patell Z P-Values";0.6092;0.0181;0.0752;0.9132;0.9132;0.1015;0.0451;0;0.2464;0.5151;0.9132;0.9132;0.0072;0.0825;0.015;0.5319;1.1742E-9;0.9132;0.9132;0.2324;0.3125;0.5467;0.3191;0.0478;0.9132;0.9132;0.0004;0.4562;7.0911E-7;0.1529;0.0139
BE;"Generalized Sign Z";;;;;;;;;;;;;;;;;;;;;;;;;;;;;;;
BE;"Generalized Sign Z P-Values";;;;;;;;;;;;;;;;;;;;;;;;;;;;;;;
BE;"Sign Z";;;;;;;;;;;;;;;;;;;;;;;;;;;;;;;
BE;"Sign Z P-Values";;;;;;;;;;;;;;;;;;;;;;;;;;;;;;;
BE;"Csect T";0.5871;1.915;-1.6558;0.9806;0.9806;-1.7581;2.3477;3.2218;-0.8619;0.3381;0.9806;0.9806;-4.3191;-1.8442;2.1222;0.5159;3.4783;0.9806;0.9806;-0.804;-0.2177;0.3957;-1.0971;-0.6923;0.9806;0.9806;-1.2698;0.3377;0.8454;1.9623;2.5915
BE;"Csect T P-Values";0.5653;0.0735;0.1172;0.3414;0.3414;0.0978;0.0321;0.0053;0.4015;0.7397;0.3414;0.3414;0.0005;0.0838;0.0498;0.613;0.0031;0.3414;0.3414;0.4332;0.8304;0.6975;0.2888;0.4987;0.3414;0.3414;0.2223;0.74;0.4103;0.0674;0.0197
BE;"StdCSect T";0.5192;2.0673;-1.7911;1.1394;1.1394;-1.8597;2.7033;3.7329;-1.2774;0.7446;1.1394;1.1394;-4.2719;-2.028;2.2932;0.2227;3.9463;1.1394;1.1394;-0.5903;-0.4937;0.4365;-1.0769;-1.1361;1.1394;1.1394;-1.7105;0.4287;1.3213;1.5747;2.7952
BE;"StdCSect T P-Values";0.6107;0.0553;0.0922;0.2713;0.2713;0.0814;0.0157;0.0018;0.2197;0.4673;0.2713;0.2713;0.0006;0.0596;0.0357;0.8266;0.0012;0.2713;0.2713;0.5632;0.6282;0.6683;0.2975;0.2726;0.2713;0.2713;0.1065;0.6739;0.205;0.1349;0.013
BE;"Rank Z";;;;;;;;;;;;;;;;;;;;;;;;;;;;;;;
BE;"Rank Z P-Values";;;;;;;;;;;;;;;;;;;;;;;;;;;;;;;
BE;"Generalized Rank T";;;;;;;;;;;;;;;;;;;;;;;;;;;;;;;
BE;"Generalized Rank T P-Values";;;;;;;;;;;;;;;;;;;;;;;;;;;;;;;
BE;"Generalized Rank Z";;;;;;;;;;;;;;;;;;;;;;;;;;;;;;;
BE;"Generalized Rank Z P-Values";;;;;;;;;;;;;;;;;;;;;;;;;;;;;;;
BE;"Adjusted Patell Z";;;;;;;;;;;;;;;;;;;;;;;;;;;;;;;
BE;"Adjusted Patell Z P-Values";;;;;;;;;;;;;;;;;;;;;;;;;;;;;;;
BE;"Adjusted StdCSect T";;;;;;;;;;;;;;;;;;;;;;;;;;;;;;;
BE;"Adjusted StdCSect T P-Values";;;;;;;;;;;;;;;;;;;;;;;;;;;;;;;
BE;"Skewness-Corrected T";;;;;;;;;;;;;;;;;;;;;;;;;;;;;;;
BE;"Skewness-Corrected T P-Values";;;;;;;;;;;;;;;;;;;;;;;;;;;;;;;
BE;"CDA T";;;;;;;;;;;;;;;;;;;;;;;;;;;;;;;
BE;"CDA T P-Values";;;;;;;;;;;;;;;;;;;;;;;;;;;;;;;
BE;Wilcoxon;;;;;;;;;;;;;;;;;;;;;;;;;;;;;;;
BE;"Wilcoxon P-Values";;;;;;;;;;;;;;;;;;;;;;;;;;;;;;;
FR;"Average Abnormal Return (AAR)";0.0023;0.0059;-0.0046;0;0;-0.0002;0.0018;-0.001;0.0036;1.3889E-6;0;0;-0.0052;0.0008;-0.0003;-0.0035;-0.0016;0;0;-0.0073;-0.0186;-0.002;-0.0026;-0.0169;0;0;-0.0136;0.0009;0.0297;-0.0049;0.0044
FR;N;72;72;72;72;72;72;72;72;72;72;72;72;72;72;72;72;72;72;72;72;72;72;72;72;72;72;72;72;72;72;72
FR;Pos:Neg;40:32;41:31;21:51;30:42;30:42;30:42;44:28;29:43;43:29;37:35;30:42;30:42;18:54;29:43;34:38;33:39;39:33;30:42;30:42;24:48;17:55;35:37;36:36;18:54;30:42;30:42;18:54;38:34;66:6;25:47;41:31
FR;"Patell Z";0.8953;3.4138;-3.7337;-0.0878;-0.0878;-1.1377;1.1161;-1.2228;2.8854;1.1685;-0.0878;-0.0878;-4.0717;-0.9373;0.2005;-2.8972;-0.2356;-0.0878;-0.0878;-5.9567;-12.1169;-1.9035;-1.1241;-10.7494;-0.0878;-0.0878;-8.9411;1.6917;18.5913;-4.1416;2.7458
FR;"Patell Z P-Values";0.3706;0.0006;0.0002;0.93;0.93;0.2552;0.2644;0.2214;0.0039;0.2426;0.93;0.93;0;0.3486;0.8411;0.0038;0.8137;0.93;0.93;2.5732E-9;8.5993E-34;0.057;0.261;5.9676E-27;0.93;0.93;3.8522E-19;0.0907;3.7788E-77;0;0.006
FR;"Generalized Sign Z";;;;;;;;;;;;;;;;;;;;;;;;;;;;;;;
FR;"Generalized Sign Z P-Values";;;;;;;;;;;;;;;;;;;;;;;;;;;;;;;
FR;"Sign Z";;;;;;;;;;;;;;;;;;;;;;;;;;;;;;;
FR;"Sign Z P-Values";;;;;;;;;;;;;;;;;;;;;;;;;;;;;;;
FR;"Csect T";1.289;2.3789;-2.0798;0;0;-0.1084;0.8997;-0.4866;1.672;0.0007;0;0;-3.5611;0.3361;-0.1863;-1.067;-0.5352;0;0;-2.0712;-4.312;-0.7028;-0.9395;-6.2642;0;0;-4.4151;0.2564;9.6443;-2.02;2.1285
FR;"Csect T P-Values";0.2016;0.0201;0.0412;1;1;0.914;0.3713;0.628;0.0989;0.9994;1;1;0.0007;0.7378;0.8527;0.2896;0.5942;1;1;0.042;0.0001;0.4845;0.3507;2.5437E-8;1;1;0;0.7984;1.5311E-14;0.0472;0.0368
FR;"StdCSect T";0.8854;2.3846;-2.8254;-0.9672;-0.9672;-1.0508;0.8365;-0.9294;2.0157;0.9407;-0.9672;-0.9672;-4.3297;-0.7247;0.1857;-1.2306;-0.1357;-0.9672;-0.9672;-2.2783;-4.1472;-1.0261;-0.5961;-6.0166;-0.9672;-0.9672;-3.9701;0.6722;9.3046;-2.1747;2.0711
FR;"StdCSect T P-Values";0.3789;0.0198;0.0061;0.3367;0.3367;0.2969;0.4057;0.3558;0.0476;0.35;0.3367;0.3367;0;0.471;0.8532;0.2225;0.8925;0.3367;0.3367;0.0257;0.0001;0.3083;0.553;7.0365E-8;0.3367;0.3367;0.0002;0.5037;6.4388E-14;0.033;0.042
FR;"Rank Z";;;;;;;;;;;;;;;;;;;;;;;;;;;;;;;
FR;"Rank Z P-Values";;;;;;;;;;;;;;;;;;;;;;;;;;;;;;;
FR;"Generalized Rank T";;;;;;;;;;;;;;;;;;;;;;;;;;;;;;;
FR;"Generalized Rank T P-Values";;;;;;;;;;;;;;;;;;;;;;;;;;;;;;;
FR;"Generalized Rank Z";;;;;;;;;;;;;;;;;;;;;;;;;;;;;;;
FR;"Generalized Rank Z P-Values";;;;;;;;;;;;;;;;;;;;;;;;;;;;;;;
FR;"Adjusted Patell Z";;;;;;;;;;;;;;;;;;;;;;;;;;;;;;;
FR;"Adjusted Patell Z P-Values";;;;;;;;;;;;;;;;;;;;;;;;;;;;;;;
FR;"Adjusted StdCSect T";;;;;;;;;;;;;;;;;;;;;;;;;;;;;;;
FR;"Adjusted StdCSect T P-Values";;;;;;;;;;;;;;;;;;;;;;;;;;;;;;;
FR;"Skewness-Corrected T";;;;;;;;;;;;;;;;;;;;;;;;;;;;;;;
FR;"Skewness-Corrected T P-Values";;;;;;;;;;;;;;;;;;;;;;;;;;;;;;;
FR;"CDA T";;;;;;;;;;;;;;;;;;;;;;;;;;;;;;;
FR;"CDA T P-Values";;;;;;;;;;;;;;;;;;;;;;;;;;;;;;;
FR;Wilcoxon;;;;;;;;;;;;;;;;;;;;;;;;;;;;;;;
FR;"Wilcoxon P-Values";;;;;;;;;;;;;;;;;;;;;;;;;;;;;;;
ES;"Average Abnormal Return (AAR)";0.0068;0.0038;-0.0088;0.0002;0.0002;-0.0071;0.0031;0.004;-0.0012;-0.0022;0.0002;0.0002;-0.0023;-0.0029;-0.0035;0.0131;0.0076;0.0002;0.0002;0.0136;-0.0112;0.0058;-0.0209;-0.0038;0.0002;0.0002;0.0073;0.0208;0.0072;0.0081;0.0019
ES;N;24;24;24;24;24;24;24;24;24;24;24;24;24;24;24;24;24;24;24;24;24;24;24;24;24;24;24;24;24;24;24
ES;Pos:Neg;19:5;16:8;11:13;11:13;11:13;5:19;15:9;16:8;11:13;11:13;11:13;11:13;12:12;7:17;9:15;14:10;16:8;11:13;11:13;15:9;9:15;14:10;3:21;11:13;11:13;11:13;14:10;18:6;19:5;18:6;11:13
ES;"Patell Z";2.4779;1.4387;-2.9598;0.078;0.078;-2.9342;0.6925;1.9522;-0.2609;-0.7616;0.078;0.078;-0.864;-1.2481;-1.0065;4.0064;3.8738;0.078;0.078;4.3413;-3.9166;2.0648;-6.9725;-0.6135;0.078;0.078;3.1173;7.583;2.6363;3.0061;0.5552
ES;"Patell Z P-Values";0.0132;0.1502;0.0031;0.9379;0.9379;0.0033;0.4886;0.0509;0.7942;0.4463;0.9379;0.9379;0.3876;0.212;0.3142;0.0001;0.0001;0.9379;0.9379;0;0.0001;0.0389;3.1147E-12;0.5395;0.9379;0.9379;0.0018;3.3765E-14;0.0084;0.0026;0.5788
ES;"Generalized Sign Z";;;;;;;;;;;;;;;;;;;;;;;;;;;;;;;
ES;"Generalized Sign Z P-Values";;;;;;;;;;;;;;;;;;;;;;;;;;;;;;;
ES;"Sign Z";;;;;;;;;;;;;;;;;;;;;;;;;;;;;;;
ES;"Sign Z P-Values";;;;;;;;;;;;;;;;;;;;;;;;;;;;;;;
ES;"Csect T";4.6947;1.3223;-1.6328;0.6896;0.6896;-2.9859;0.9341;1.3958;-0.4236;-0.9624;0.6896;0.6896;-0.8482;-0.9626;-0.955;1.3589;1.8746;0.6896;0.6896;1.4009;-2.1569;1.5752;-5.1134;-0.579;0.6896;0.6896;0.8181;3.2777;1.2008;2.3434;0.6599
ES;"Csect T P-Values";0.0001;0.1991;0.1161;0.4973;0.4973;0.0066;0.36;0.1761;0.6758;0.3459;0.4973;0.4973;0.4051;0.3458;0.3495;0.1874;0.0736;0.4973;0.4973;0.1746;0.0417;0.1289;0;0.5682;0.4973;0.4973;0.4217;0.0033;0.2421;0.0281;0.5159
ES;"StdCSect T";4.8268;1.2474;-1.7323;0.8809;0.8809;-3.564;0.6876;2.0431;-0.2811;-1.0586;0.8809;0.8809;-0.9132;-1.2036;-0.7088;1.4766;2.3353;0.8809;0.8809;1.5297;-1.8364;1.3949;-5.7106;-0.2965;0.8809;0.8809;1.0644;3.5857;1.5091;2.7397;0.495
ES;"StdCSect T P-Values";0.0001;0.2248;0.0966;0.3875;0.3875;0.0016;0.4986;0.0527;0.7811;0.3008;0.3875;0.3875;0.3706;0.241;0.4856;0.1533;0.0286;0.3875;0.3875;0.1397;0.0793;0.1764;8.1524E-6;0.7695;0.3875;0.3875;0.2982;0.0016;0.1449;0.0117;0.6253
ES;"Rank Z";;;;;;;;;;;;;;;;;;;;;;;;;;;;;;;
ES;"Rank Z P-Values";;;;;;;;;;;;;;;;;;;;;;;;;;;;;;;
ES;"Generalized Rank T";;;;;;;;;;;;;;;;;;;;;;;;;;;;;;;
ES;"Generalized Rank T P-Values";;;;;;;;;;;;;;;;;;;;;;;;;;;;;;;
ES;"Generalized Rank Z";;;;;;;;;;;;;;;;;;;;;;;;;;;;;;;
ES;"Generalized Rank Z P-Values";;;;;;;;;;;;;;;;;;;;;;;;;;;;;;;
ES;"Adjusted Patell Z";;;;;;;;;;;;;;;;;;;;;;;;;;;;;;;
ES;"Adjusted Patell Z P-Values";;;;;;;;;;;;;;;;;;;;;;;;;;;;;;;
ES;"Adjusted StdCSect T";;;;;;;;;;;;;;;;;;;;;;;;;;;;;;;
ES;"Adjusted StdCSect T P-Values";;;;;;;;;;;;;;;;;;;;;;;;;;;;;;;
ES;"Skewness-Corrected T";;;;;;;;;;;;;;;;;;;;;;;;;;;;;;;
ES;"Skewness-Corrected T P-Values";;;;;;;;;;;;;;;;;;;;;;;;;;;;;;;
ES;"CDA T";;;;;;;;;;;;;;;;;;;;;;;;;;;;;;;
ES;"CDA T P-Values";;;;;;;;;;;;;;;;;;;;;;;;;;;;;;;
ES;Wilcoxon;;;;;;;;;;;;;;;;;;;;;;;;;;;;;;;
ES;"Wilcoxon P-Values";;;;;;;;;;;;;;;;;;;;;;;;;;;;;;;
NO;"Average Abnormal Return (AAR)";-0.0059;0.0025;0.0001;0.0013;0.0013;0.0088;-0.0195;0.004;0.0071;-0.0054;0.0013;0.0013;0.0133;0.0152;0.0107;0.0292;-0.0092;0.0013;0.0013;0.0237;0.0498;0.0023;0.0187;0.0326;0.0013;0.0013;-0.0115;-0.0008;-0.0436;0.0279;-0.007
NO;N;16;16;16;16;16;16;16;16;16;16;16;16;16;16;16;16;16;16;16;16;16;16;16;16;16;16;16;16;16;16;16
NO;Pos:Neg;6:10;8:8;13:3;9:7;9:7;10:6;4:12;9:7;7:9;8:8;9:7;9:7;12:4;11:5;11:5;10:6;8:8;9:7;9:7;14:2;16:0;8:8;12:4;16:0;9:7;9:7;4:12;6:10;1:15;14:2;6:10
NO;"Patell Z";-3.177;0.5914;1.3878;0.1308;0.1308;2.1459;-5.209;0.4815;-0.4304;0.2165;0.1308;0.1308;2.8682;1.8663;3.1362;3.6773;-1.3073;0.1308;0.1308;4.6517;10.4502;-1.1627;3.5941;7.1845;0.1308;0.1308;-3.541;-0.5789;-9.6148;7.0494;-0.8947
NO;"Patell Z P-Values";0.0015;0.5543;0.1652;0.896;0.896;0.0319;1.8983E-7;0.6301;0.6669;0.8286;0.896;0.896;0.0041;0.062;0.0017;0.0002;0.1911;0.896;0.896;3.2922E-6;1.4629E-25;0.245;0.0003;6.7463E-13;0.896;0.896;0.0004;0.5627;6.9235E-22;1.7963E-12;0.3709
NO;"Generalized Sign Z";;;;;;;;;;;;;;;;;;;;;;;;;;;;;;;
NO;"Generalized Sign Z P-Values";;;;;;;;;;;;;;;;;;;;;;;;;;;;;;;
NO;"Sign Z";;;;;;;;;;;;;;;;;;;;;;;;;;;;;;;
NO;"Sign Z P-Values";;;;;;;;;;;;;;;;;;;;;;;;;;;;;;;
NO;"Csect T";-0.997;0.5506;0.009;1.8427;1.8427;2.2587;-2.5141;0.6236;0.7995;-0.8358;1.8427;1.8427;2.8652;2.2516;1.8952;2.3538;-1.2224;1.8427;1.8427;3.221;5.7192;0.2703;2.923;5.2732;1.8427;1.8427;-1.9352;-0.1209;-4.1318;4.5047;-1.573
NO;"Csect T P-Values";0.3346;0.59;0.993;0.0852;0.0852;0.0392;0.0238;0.5423;0.4365;0.4164;0.0852;0.0852;0.0118;0.0398;0.0775;0.0326;0.2404;0.0852;0.0852;0.0057;0;0.7906;0.0105;0.0001;0.0852;0.0852;0.0721;0.9054;0.0009;0.0004;0.1366
NO;"StdCSect T";-1.752;0.6362;0.5934;1.3627;1.3627;2.012;-3.1242;0.2929;-0.454;0.2235;1.3627;1.3627;2.4991;1.2348;2.1055;1.4211;-0.8201;1.3627;1.3627;3.4683;6.9623;-0.6177;2.8971;6.7135;1.3627;1.3627;-2.2748;-0.3479;-5.2133;5.1537;-0.7624
NO;"StdCSect T P-Values";0.1002;0.5342;0.5618;0.1931;0.1931;0.0625;0.007;0.7736;0.6563;0.8262;0.1931;0.1931;0.0245;0.2359;0.0525;0.1757;0.425;0.1931;0.1931;0.0034;4.5586E-6;0.546;0.0111;6.9434E-6;0.1931;0.1931;0.038;0.7328;0.0001;0.0001;0.4577
NO;"Rank Z";;;;;;;;;;;;;;;;;;;;;;;;;;;;;;;
NO;"Rank Z P-Values";;;;;;;;;;;;;;;;;;;;;;;;;;;;;;;
NO;"Generalized Rank T";;;;;;;;;;;;;;;;;;;;;;;;;;;;;;;
NO;"Generalized Rank T P-Values";;;;;;;;;;;;;;;;;;;;;;;;;;;;;;;
NO;"Generalized Rank Z";;;;;;;;;;;;;;;;;;;;;;;;;;;;;;;
NO;"Generalized Rank Z P-Values";;;;;;;;;;;;;;;;;;;;;;;;;;;;;;;
NO;"Adjusted Patell Z";;;;;;;;;;;;;;;;;;;;;;;;;;;;;;;
NO;"Adjusted Patell Z P-Values";;;;;;;;;;;;;;;;;;;;;;;;;;;;;;;
NO;"Adjusted StdCSect T";;;;;;;;;;;;;;;;;;;;;;;;;;;;;;;
NO;"Adjusted StdCSect T P-Values";;;;;;;;;;;;;;;;;;;;;;;;;;;;;;;
NO;"Skewness-Corrected T";;;;;;;;;;;;;;;;;;;;;;;;;;;;;;;
NO;"Skewness-Corrected T P-Values";;;;;;;;;;;;;;;;;;;;;;;;;;;;;;;
NO;"CDA T";;;;;;;;;;;;;;;;;;;;;;;;;;;;;;;
NO;"CDA T P-Values";;;;;;;;;;;;;;;;;;;;;;;;;;;;;;;
NO;Wilcoxon;;;;;;;;;;;;;;;;;;;;;;;;;;;;;;;
NO;"Wilcoxon P-Values";;;;;;;;;;;;;;;;;;;;;;;;;;;;;;;
PL;"Average Abnormal Return (AAR)";0.0047;-0.009;-0.007;0.0012;0.0012;0.0019;0.0152;-0.0033;-0.0131;-0.0146;0.0012;0.0012;-0.0146;0.0052;-0.0344;-0.103;0.0494;0.0012;0.0012;0.0038;-0.0067;0.0044;-0.0072;-0.0246;0.0012;0.0012;-0.0119;0.0159;0.031;0.0126;0.0253
PL;N;10;10;10;10;10;10;10;10;10;10;10;10;10;10;10;10;10;10;10;10;10;10;10;10;10;10;10;10;10;10;10
PL;Pos:Neg;4:6;1:9;5:5;7:3;7:3;7:3;9:1;6:4;1:9;1:9;7:3;7:3;3:7;5:5;0:10;0:10;9:1;7:3;7:3;6:4;5:5;6:4;4:6;2:8;7:3;7:3;3:7;8:2;8:2;6:4;8:2
PL;"Patell Z";0.0612;-1.7777;-1.2534;0.1641;0.1641;0.1783;2.7697;0.0011;-2.1813;-2.2123;0.1641;0.1641;-2.873;0.7412;-4.9374;-16.3493;9.2526;0.1641;0.1641;-0.756;-1.2669;1.4801;-1.1602;-4.7348;0.1641;0.1641;-1.5283;2.4881;4.4027;1.7893;4.7036
PL;"Patell Z P-Values";0.9512;0.0755;0.2101;0.8697;0.8697;0.8585;0.0056;0.9991;0.0292;0.0269;0.8697;0.8697;0.0041;0.4585;7.9154E-7;4.4022E-60;2.1914E-20;0.8697;0.8697;0.4496;0.2052;0.1388;0.246;2.1932E-6;0.8697;0.8697;0.1264;0.0128;0;0.0736;2.5558E-6
PL;"Generalized Sign Z";;;;;;;;;;;;;;;;;;;;;;;;;;;;;;;
PL;"Generalized Sign Z P-Values";;;;;;;;;;;;;;;;;;;;;;;;;;;;;;;
PL;"Sign Z";;;;;;;;;;;;;;;;;;;;;;;;;;;;;;;
PL;"Sign Z P-Values";;;;;;;;;;;;;;;;;;;;;;;;;;;;;;;
PL;"Csect T";0.7872;-1.3356;-1.0454;1.8972;1.8972;0.4119;2.6539;-0.6105;-3.5537;-2.7553;1.8972;1.8972;-2.0557;0.7168;-3.3052;-3.7829;3.6121;1.8972;1.8972;0.1796;-0.4177;0.4611;-0.6369;-1.7552;1.8972;1.8972;-1.2897;2.9141;1.3923;1.468;2.4715
PL;"Csect T P-Values";0.4514;0.2145;0.3231;0.0903;0.0903;0.6901;0.0263;0.5566;0.0062;0.0223;0.0903;0.0903;0.07;0.4917;0.0092;0.0043;0.0056;0.0903;0.0903;0.8614;0.686;0.6557;0.5401;0.1131;0.0903;0.0903;0.2293;0.0172;0.1973;0.1762;0.0355
PL;"StdCSect T";0.0759;-1.5438;-1.0912;2.1845;2.1845;0.2486;2.4073;0.0015;-2.8873;-2.8608;2.1845;2.1845;-2.1381;0.7081;-3.9516;-4.1103;3.2703;2.1845;2.1845;-0.251;-0.4703;1.0044;-0.6978;-1.8427;2.1845;2.1845;-0.9017;2.5923;1.3224;1.2552;2.4159
PL;"StdCSect T P-Values";0.9411;0.157;0.3035;0.0568;0.0568;0.8092;0.0394;0.9989;0.018;0.0188;0.0568;0.0568;0.0612;0.4968;0.0033;0.0026;0.0097;0.0568;0.0568;0.8074;0.6493;0.3414;0.503;0.0985;0.0568;0.0568;0.3907;0.0291;0.2186;0.241;0.0389
PL;"Rank Z";;;;;;;;;;;;;;;;;;;;;;;;;;;;;;;
PL;"Rank Z P-Values";;;;;;;;;;;;;;;;;;;;;;;;;;;;;;;
PL;"Generalized Rank T";;;;;;;;;;;;;;;;;;;;;;;;;;;;;;;
PL;"Generalized Rank T P-Values";;;;;;;;;;;;;;;;;;;;;;;;;;;;;;;
PL;"Generalized Rank Z";;;;;;;;;;;;;;;;;;;;;;;;;;;;;;;
PL;"Generalized Rank Z P-Values";;;;;;;;;;;;;;;;;;;;;;;;;;;;;;;
PL;"Adjusted Patell Z";;;;;;;;;;;;;;;;;;;;;;;;;;;;;;;
PL;"Adjusted Patell Z P-Values";;;;;;;;;;;;;;;;;;;;;;;;;;;;;;;
PL;"Adjusted StdCSect T";;;;;;;;;;;;;;;;;;;;;;;;;;;;;;;
PL;"Adjusted StdCSect T P-Values";;;;;;;;;;;;;;;;;;;;;;;;;;;;;;;
PL;"Skewness-Corrected T";;;;;;;;;;;;;;;;;;;;;;;;;;;;;;;
PL;"Skewness-Corrected T P-Values";;;;;;;;;;;;;;;;;;;;;;;;;;;;;;;
PL;"CDA T";;;;;;;;;;;;;;;;;;;;;;;;;;;;;;;
PL;"CDA T P-Values";;;;;;;;;;;;;;;;;;;;;;;;;;;;;;;
PL;Wilcoxon;;;;;;;;;;;;;;;;;;;;;;;;;;;;;;;
PL;"Wilcoxon P-Values";;;;;;;;;;;;;;;;;;;;;;;;;;;;;;;
DK;"Average Abnormal Return (AAR)";0.0216;-0.0016;-0.0026;0.0009;0.0009;-0.0055;0.014;-0.0042;-0.0044;-0.0116;0.0009;0.0009;-0.0038;0.0075;0.001;0.0226;-0.0039;0.0009;0.0009;0.0282;0.0109;-0.0303;0.0142;0.0106;0.0009;0.0009;0.0108;-0.0056;-0.0163;0.0045;-0.0011
DK;N;23;23;23;23;23;23;23;23;23;23;23;23;23;23;23;23;23;23;23;23;23;23;23;23;23;23;23;23;23;23;23
DK;Pos:Neg;17:6;9:14;13:10;16:7;16:7;13:10;17:6;10:13;11:12;6:17;16:7;16:7;11:12;16:7;13:10;15:8;12:11;16:7;16:7;18:5;15:8;3:20;17:6;15:8;16:7;16:7;13:10;7:16;8:15;17:6;12:11
DK;"Patell Z";5.6721;-0.6977;-0.6749;0.2151;0.2151;-1.7701;3.891;-1.3463;-0.9108;-3.0145;0.2151;0.2151;-1.3275;1.6532;0.4496;5.0462;-0.9918;0.2151;0.2151;6.746;3.0988;-9.6829;4.1438;2.2613;0.2151;0.2151;2.5364;-2.5811;-3.5738;1.5655;0.0198
DK;"Patell Z P-Values";1.4105E-8;0.4854;0.4997;0.8297;0.8297;0.0767;0.0001;0.1782;0.3624;0.0026;0.8297;0.8297;0.1843;0.0983;0.653;4.5065E-7;0.3213;0.8297;0.8297;1.5193E-11;0.0019;3.5653E-22;0;0.0237;0.8297;0.8297;0.0112;0.0098;0.0004;0.1175;0.9842
DK;"Generalized Sign Z";;;;;;;;;;;;;;;;;;;;;;;;;;;;;;;
DK;"Generalized Sign Z P-Values";;;;;;;;;;;;;;;;;;;;;;;;;;;;;;;
DK;"Sign Z";;;;;;;;;;;;;;;;;;;;;;;;;;;;;;;
DK;"Sign Z P-Values";;;;;;;;;;;;;;;;;;;;;;;;;;;;;;;
DK;"Csect T";2.8476;-0.4552;-0.648;2.8682;2.8682;-1.5817;3.5376;-1.5513;-1.1018;-2.9534;2.8682;2.8682;-1.043;1.7027;0.4066;1.8694;-0.8325;2.8682;2.8682;2.5995;1.7784;-5.408;3.1168;1.9822;2.8682;2.8682;1.4148;-0.6249;-2.2608;1.0833;-0.2541
DK;"Csect T P-Values";0.0094;0.6534;0.5237;0.0089;0.0089;0.128;0.0018;0.1351;0.2824;0.0073;0.0089;0.0089;0.3083;0.1027;0.6882;0.0749;0.4141;0.0089;0.0089;0.0164;0.0892;0;0.005;0.0601;0.0089;0.0089;0.1711;0.5385;0.034;0.2904;0.8018
DK;"StdCSect T";3.3539;-0.7206;-0.671;2.7564;2.7564;-1.4783;3.9295;-1.7183;-0.8815;-3.0065;2.7564;2.7564;-1.0994;1.4605;0.6205;1.7013;-0.6366;2.7564;2.7564;2.3794;1.5768;-5.0594;3.0801;1.5111;2.7564;2.7564;1.2278;-0.9957;-2.0637;1.1478;0.0149
DK;"StdCSect T P-Values";0.0029;0.4787;0.5092;0.0115;0.0115;0.1535;0.0007;0.0998;0.3876;0.0065;0.0115;0.0115;0.2835;0.1583;0.5413;0.103;0.531;0.0115;0.0115;0.0264;0.1291;0;0.0055;0.145;0.0115;0.0115;0.2325;0.3302;0.051;0.2634;0.9882
DK;"Rank Z";;;;;;;;;;;;;;;;;;;;;;;;;;;;;;;
DK;"Rank Z P-Values";;;;;;;;;;;;;;;;;;;;;;;;;;;;;;;
DK;"Generalized Rank T";;;;;;;;;;;;;;;;;;;;;;;;;;;;;;;
DK;"Generalized Rank T P-Values";;;;;;;;;;;;;;;;;;;;;;;;;;;;;;;
DK;"Generalized Rank Z";;;;;;;;;;;;;;;;;;;;;;;;;;;;;;;
DK;"Generalized Rank Z P-Values";;;;;;;;;;;;;;;;;;;;;;;;;;;;;;;
DK;"Adjusted Patell Z";;;;;;;;;;;;;;;;;;;;;;;;;;;;;;;
DK;"Adjusted Patell Z P-Values";;;;;;;;;;;;;;;;;;;;;;;;;;;;;;;
DK;"Adjusted StdCSect T";;;;;;;;;;;;;;;;;;;;;;;;;;;;;;;
DK;"Adjusted StdCSect T P-Values";;;;;;;;;;;;;;;;;;;;;;;;;;;;;;;
DK;"Skewness-Corrected T";;;;;;;;;;;;;;;;;;;;;;;;;;;;;;;
DK;"Skewness-Corrected T P-Values";;;;;;;;;;;;;;;;;;;;;;;;;;;;;;;
DK;"CDA T";;;;;;;;;;;;;;;;;;;;;;;;;;;;;;;
DK;"CDA T P-Values";;;;;;;;;;;;;;;;;;;;;;;;;;;;;;;
DK;Wilcoxon;;;;;;;;;;;;;;;;;;;;;;;;;;;;;;;
DK;"Wilcoxon P-Values";;;;;;;;;;;;;;;;;;;;;;;;;;;;;;;
AT;"Average Abnormal Return (AAR)";0.0136;0.0031;-0.0061;-0.0004;-0.0004;-0.0126;-0.0065;0.0019;-0.0122;-0.0096;-0.0004;-0.0004;-0.0088;-0.0213;-0.008;-0.0554;0.0008;-0.0004;-0.0004;-0.0379;-0.0461;-0.0104;0.0197;-0.0048;-0.0004;-0.0004;-0.0258;0.0306;0.0262;-0.0075;0.0069
AT;N;9;9;9;9;9;9;9;9;9;9;9;9;9;9;9;9;9;9;9;9;9;9;9;9;9;9;9;9;9;9;9
AT;Pos:Neg;8:1;4:5;3:6;1:8;1:8;1:8;4:5;6:3;1:8;1:8;1:8;1:8;3:6;2:7;2:7;3:6;5:4;1:8;1:8;2:7;1:8;4:5;4:5;3:6;1:8;1:8;1:8;7:2;5:4;4:5;6:3
AT;"Patell Z";3.1024;0.5754;-1.3816;-0.0819;-0.0819;-2.8053;-1.0729;0.5841;-2.8614;-2.2115;-0.0819;-0.0819;-1.5155;-4.425;-1.8798;-12.1034;0.9406;-0.0819;-0.0819;-8.0997;-9.2725;-2.0749;4.2261;-0.5651;-0.0819;-0.0819;-5.9026;6.775;5.4799;-1.1798;1.6634
AT;"Patell Z P-Values";0.0019;0.565;0.1671;0.9347;0.9347;0.005;0.2833;0.5592;0.0042;0.027;0.9347;0.9347;0.1296;9.6428E-6;0.0601;1.0136E-33;0.3469;0.9347;0.9347;5.5077E-16;1.8188E-20;0.038;0;0.572;0.9347;0.9347;3.579E-9;1.2437E-11;4.2547E-8;0.2381;0.0962
AT;"Generalized Sign Z";;;;;;;;;;;;;;;;;;;;;;;;;;;;;;;
AT;"Generalized Sign Z P-Values";;;;;;;;;;;;;;;;;;;;;;;;;;;;;;;
AT;"Sign Z";;;;;;;;;;;;;;;;;;;;;;;;;;;;;;;
AT;"Sign Z P-Values";;;;;;;;;;;;;;;;;;;;;;;;;;;;;;;
AT;"Csect T";3.486;0.8791;-1.1932;-2.9592;-2.9592;-2.2852;-1.0347;0.3187;-1.7724;-3.014;-2.9592;-2.9592;-1.5659;-2.2426;-1.2416;-1.9723;0.0723;-2.9592;-2.9592;-1.8103;-2.3698;-1.0948;1.4987;-0.3171;-2.9592;-2.9592;-2.2464;2.5327;1.6789;-0.8573;1.3625
AT;"Csect T P-Values";0.0082;0.405;0.267;0.0182;0.0182;0.0516;0.3311;0.7581;0.1143;0.0167;0.0182;0.0182;0.156;0.0552;0.2495;0.084;0.9441;0.0182;0.0182;0.1078;0.0453;0.3055;0.1723;0.7593;0.0182;0.0182;0.0549;0.0351;0.1317;0.4162;0.2102
AT;"StdCSect T";3.2543;0.7748;-1.2669;-2.8953;-2.8953;-2.9278;-1.0103;0.4807;-1.9422;-3.3339;-2.8953;-2.8953;-1.3845;-2.5845;-1.1907;-2.3695;0.4088;-2.8953;-2.8953;-2.0625;-2.5156;-1.0406;1.5006;-0.1873;-2.8953;-2.8953;-2.1109;2.6692;1.9009;-0.6087;1.4313
AT;"StdCSect T P-Values";0.0116;0.4607;0.2408;0.02;0.02;0.0191;0.3419;0.6436;0.088;0.0103;0.02;0.02;0.2036;0.0324;0.2679;0.0453;0.6934;0.02;0.02;0.0731;0.0361;0.3285;0.1719;0.8561;0.02;0.02;0.0678;0.0284;0.0938;0.5596;0.1902
AT;"Rank Z";;;;;;;;;;;;;;;;;;;;;;;;;;;;;;;
AT;"Rank Z P-Values";;;;;;;;;;;;;;;;;;;;;;;;;;;;;;;
AT;"Generalized Rank T";;;;;;;;;;;;;;;;;;;;;;;;;;;;;;;
AT;"Generalized Rank T P-Values";;;;;;;;;;;;;;;;;;;;;;;;;;;;;;;
AT;"Generalized Rank Z";;;;;;;;;;;;;;;;;;;;;;;;;;;;;;;
AT;"Generalized Rank Z P-Values";;;;;;;;;;;;;;;;;;;;;;;;;;;;;;;
AT;"Adjusted Patell Z";;;;;;;;;;;;;;;;;;;;;;;;;;;;;;;
AT;"Adjusted Patell Z P-Values";;;;;;;;;;;;;;;;;;;;;;;;;;;;;;;
AT;"Adjusted StdCSect T";;;;;;;;;;;;;;;;;;;;;;;;;;;;;;;
AT;"Adjusted StdCSect T P-Values";;;;;;;;;;;;;;;;;;;;;;;;;;;;;;;
AT;"Skewness-Corrected T";;;;;;;;;;;;;;;;;;;;;;;;;;;;;;;
AT;"Skewness-Corrected T P-Values";;;;;;;;;;;;;;;;;;;;;;;;;;;;;;;
AT;"CDA T";;;;;;;;;;;;;;;;;;;;;;;;;;;;;;;
AT;"CDA T P-Values";;;;;;;;;;;;;;;;;;;;;;;;;;;;;;;
AT;Wilcoxon;;;;;;;;;;;;;;;;;;;;;;;;;;;;;;;
AT;"Wilcoxon P-Values";;;;;;;;;;;;;;;;;;;;;;;;;;;;;;;
CL;"Average Abnormal Return (AAR)";;;;;;;;;;;;;;;;;;;;;;;;;;;;;;;
CL;N;;;;;;;;;;;;;;;;;;;;;;;;;;;;;;;
CL;Pos:Neg;;;;;;;;;;;;;;;;;;;;;;;;;;;;;;;
CL;"Patell Z";;;;;;;;;;;;;;;;;;;;;;;;;;;;;;;
CL;"Patell Z P-Values";;;;;;;;;;;;;;;;;;;;;;;;;;;;;;;
CL;"Generalized Sign Z";;;;;;;;;;;;;;;;;;;;;;;;;;;;;;;
CL;"Generalized Sign Z P-Values";;;;;;;;;;;;;;;;;;;;;;;;;;;;;;;
CL;"Sign Z";;;;;;;;;;;;;;;;;;;;;;;;;;;;;;;
CL;"Sign Z P-Values";;;;;;;;;;;;;;;;;;;;;;;;;;;;;;;
CL;"Csect T";;;;;;;;;;;;;;;;;;;;;;;;;;;;;;;
CL;"Csect T P-Values";;;;;;;;;;;;;;;;;;;;;;;;;;;;;;;
CL;"StdCSect T";;;;;;;;;;;;;;;;;;;;;;;;;;;;;;;
CL;"StdCSect T P-Values";;;;;;;;;;;;;;;;;;;;;;;;;;;;;;;
CL;"Rank Z";;;;;;;;;;;;;;;;;;;;;;;;;;;;;;;
CL;"Rank Z P-Values";;;;;;;;;;;;;;;;;;;;;;;;;;;;;;;
CL;"Generalized Rank T";;;;;;;;;;;;;;;;;;;;;;;;;;;;;;;
CL;"Generalized Rank T P-Values";;;;;;;;;;;;;;;;;;;;;;;;;;;;;;;
CL;"Generalized Rank Z";;;;;;;;;;;;;;;;;;;;;;;;;;;;;;;
CL;"Generalized Rank Z P-Values";;;;;;;;;;;;;;;;;;;;;;;;;;;;;;;
CL;"Adjusted Patell Z";;;;;;;;;;;;;;;;;;;;;;;;;;;;;;;
CL;"Adjusted Patell Z P-Values";;;;;;;;;;;;;;;;;;;;;;;;;;;;;;;
CL;"Adjusted StdCSect T";;;;;;;;;;;;;;;;;;;;;;;;;;;;;;;
CL;"Adjusted StdCSect T P-Values";;;;;;;;;;;;;;;;;;;;;;;;;;;;;;;
CL;"Skewness-Corrected T";;;;;;;;;;;;;;;;;;;;;;;;;;;;;;;
CL;"Skewness-Corrected T P-Values";;;;;;;;;;;;;;;;;;;;;;;;;;;;;;;
CL;"CDA T";;;;;;;;;;;;;;;;;;;;;;;;;;;;;;;
CL;"CDA T P-Values";;;;;;;;;;;;;;;;;;;;;;;;;;;;;;;
CL;Wilcoxon;;;;;;;;;;;;;;;;;;;;;;;;;;;;;;;
CL;"Wilcoxon P-Values";;;;;;;;;;;;;;;;;;;;;;;;;;;;;;;
LU;"Average Abnormal Return (AAR)";-0.001;0.0086;-0.0046;0.0006;0.0006;-0.0165;0.0082;0.0101;-0.0127;-0.0056;0.0006;0.0006;-0.0124;0.0083;-0.0016;-0.0055;0.0177;0.0006;0.0006;0.0151;0.001;0.016;0.0035;-0.0004;0.0006;0.0006;0.0174;0.007;-0.0018;0.0149;0.0108
LU;N;6;6;6;6;6;6;6;6;6;6;6;6;6;6;6;6;6;6;6;6;6;6;6;6;6;6;6;6;6;6;6
LU;Pos:Neg;3:3;4:2;2:4;4:2;4:2;1:5;3:3;4:2;2:4;1:5;4:2;4:2;2:4;4:2;2:4;3:3;4:2;4:2;4:2;6:0;3:3;5:1;3:3;2:4;4:2;4:2;3:3;5:1;4:2;5:1;4:2
LU;"Patell Z";0.07;1.8696;-0.5596;0.1052;0.1052;-2.7566;1.4257;1.7475;-2.2443;-1.0422;0.1052;0.1052;-2.1871;1.1942;-0.1045;-1.325;2.6107;0.1052;0.1052;2.4512;-0.6997;2.8004;0.3945;0.0405;0.1052;0.1052;2.5643;2.1864;0.2159;2.4672;2.0742
LU;"Patell Z P-Values";0.9442;0.0615;0.5757;0.9162;0.9162;0.0058;0.154;0.0806;0.0248;0.2973;0.9162;0.9162;0.0287;0.2324;0.9168;0.1852;0.009;0.9162;0.9162;0.0142;0.4841;0.0051;0.6932;0.9677;0.9162;0.9162;0.0103;0.0288;0.829;0.0136;0.0381
LU;"Generalized Sign Z";;;;;;;;;;;;;;;;;;;;;;;;;;;;;;;
LU;"Generalized Sign Z P-Values";;;;;;;;;;;;;;;;;;;;;;;;;;;;;;;
LU;"Sign Z";;;;;;;;;;;;;;;;;;;;;;;;;;;;;;;
LU;"Sign Z P-Values";;;;;;;;;;;;;;;;;;;;;;;;;;;;;;;
LU;"Csect T";-0.1202;1.56;-0.5891;1.1306;1.1306;-2.6067;1.2861;1.2328;-1.7071;-1.5518;1.1306;1.1306;-1.0998;1.3567;-0.6778;-0.5517;1.7991;1.1306;1.1306;3.354;0.067;2.4155;0.6366;-0.0508;1.1306;1.1306;0.7191;0.3083;-0.0646;2.8107;1.5749
LU;"Csect T P-Values";0.909;0.1795;0.5814;0.3095;0.3095;0.0479;0.2547;0.2725;0.1485;0.1814;0.3095;0.3095;0.3215;0.2329;0.528;0.6049;0.1319;0.3095;0.3095;0.0202;0.9491;0.0605;0.5524;0.9614;0.3095;0.3095;0.5043;0.7703;0.951;0.0375;0.1761
LU;"StdCSect T";0.0495;1.7477;-0.4676;1.2568;1.2568;-2.5572;1.3234;1.2821;-1.7192;-1.7218;1.2568;1.2568;-1.1292;1.1572;-0.2493;-0.7538;1.8345;1.2568;1.2568;3.4395;-0.3151;2.1404;0.5429;0.0359;1.2568;1.2568;0.6679;0.6782;0.0558;3.1476;1.7453
LU;"StdCSect T P-Values";0.9624;0.1409;0.6597;0.2644;0.2644;0.0508;0.243;0.256;0.1462;0.1457;0.2644;0.2644;0.3101;0.2994;0.8131;0.4849;0.126;0.2644;0.2644;0.0184;0.7654;0.0853;0.6105;0.9727;0.2644;0.2644;0.5338;0.5278;0.9576;0.0254;0.1414
LU;"Rank Z";;;;;;;;;;;;;;;;;;;;;;;;;;;;;;;
LU;"Rank Z P-Values";;;;;;;;;;;;;;;;;;;;;;;;;;;;;;;
LU;"Generalized Rank T";;;;;;;;;;;;;;;;;;;;;;;;;;;;;;;
LU;"Generalized Rank T P-Values";;;;;;;;;;;;;;;;;;;;;;;;;;;;;;;
LU;"Generalized Rank Z";;;;;;;;;;;;;;;;;;;;;;;;;;;;;;;
LU;"Generalized Rank Z P-Values";;;;;;;;;;;;;;;;;;;;;;;;;;;;;;;
LU;"Adjusted Patell Z";;;;;;;;;;;;;;;;;;;;;;;;;;;;;;;
LU;"Adjusted Patell Z P-Values";;;;;;;;;;;;;;;;;;;;;;;;;;;;;;;
LU;"Adjusted StdCSect T";;;;;;;;;;;;;;;;;;;;;;;;;;;;;;;
LU;"Adjusted StdCSect T P-Values";;;;;;;;;;;;;;;;;;;;;;;;;;;;;;;
LU;"Skewness-Corrected T";;;;;;;;;;;;;;;;;;;;;;;;;;;;;;;
LU;"Skewness-Corrected T P-Values";;;;;;;;;;;;;;;;;;;;;;;;;;;;;;;
LU;"CDA T";;;;;;;;;;;;;;;;;;;;;;;;;;;;;;;
LU;"CDA T P-Values";;;;;;;;;;;;;;;;;;;;;;;;;;;;;;;
LU;Wilcoxon;;;;;;;;;;;;;;;;;;;;;;;;;;;;;;;
LU;"Wilcoxon P-Values";;;;;;;;;;;;;;;;;;;;;;;;;;;;;;;
CZ;"Average Abnormal Return (AAR)";;;;;;;;;;;;;;;;;;;;;;;;;;;;;;;
CZ;N;;;;;;;;;;;;;;;;;;;;;;;;;;;;;;;
CZ;Pos:Neg;;;;;;;;;;;;;;;;;;;;;;;;;;;;;;;
CZ;"Patell Z";;;;;;;;;;;;;;;;;;;;;;;;;;;;;;;
CZ;"Patell Z P-Values";;;;;;;;;;;;;;;;;;;;;;;;;;;;;;;
CZ;"Generalized Sign Z";;;;;;;;;;;;;;;;;;;;;;;;;;;;;;;
CZ;"Generalized Sign Z P-Values";;;;;;;;;;;;;;;;;;;;;;;;;;;;;;;
CZ;"Sign Z";;;;;;;;;;;;;;;;;;;;;;;;;;;;;;;
CZ;"Sign Z P-Values";;;;;;;;;;;;;;;;;;;;;;;;;;;;;;;
CZ;"Csect T";;;;;;;;;;;;;;;;;;;;;;;;;;;;;;;
CZ;"Csect T P-Values";;;;;;;;;;;;;;;;;;;;;;;;;;;;;;;
CZ;"StdCSect T";;;;;;;;;;;;;;;;;;;;;;;;;;;;;;;
CZ;"StdCSect T P-Values";;;;;;;;;;;;;;;;;;;;;;;;;;;;;;;
CZ;"Rank Z";;;;;;;;;;;;;;;;;;;;;;;;;;;;;;;
CZ;"Rank Z P-Values";;;;;;;;;;;;;;;;;;;;;;;;;;;;;;;
CZ;"Generalized Rank T";;;;;;;;;;;;;;;;;;;;;;;;;;;;;;;
CZ;"Generalized Rank T P-Values";;;;;;;;;;;;;;;;;;;;;;;;;;;;;;;
CZ;"Generalized Rank Z";;;;;;;;;;;;;;;;;;;;;;;;;;;;;;;
CZ;"Generalized Rank Z P-Values";;;;;;;;;;;;;;;;;;;;;;;;;;;;;;;
CZ;"Adjusted Patell Z";;;;;;;;;;;;;;;;;;;;;;;;;;;;;;;
CZ;"Adjusted Patell Z P-Values";;;;;;;;;;;;;;;;;;;;;;;;;;;;;;;
CZ;"Adjusted StdCSect T";;;;;;;;;;;;;;;;;;;;;;;;;;;;;;;
CZ;"Adjusted StdCSect T P-Values";;;;;;;;;;;;;;;;;;;;;;;;;;;;;;;
CZ;"Skewness-Corrected T";;;;;;;;;;;;;;;;;;;;;;;;;;;;;;;
CZ;"Skewness-Corrected T P-Values";;;;;;;;;;;;;;;;;;;;;;;;;;;;;;;
CZ;"CDA T";;;;;;;;;;;;;;;;;;;;;;;;;;;;;;;
CZ;"CDA T P-Values";;;;;;;;;;;;;;;;;;;;;;;;;;;;;;;
CZ;Wilcoxon;;;;;;;;;;;;;;;;;;;;;;;;;;;;;;;
CZ;"Wilcoxon P-Values";;;;;;;;;;;;;;;;;;;;;;;;;;;;;;;
FO;"Average Abnormal Return (AAR)";;;;;;;;;;;;;;;;;;;;;;;;;;;;;;;
FO;N;;;;;;;;;;;;;;;;;;;;;;;;;;;;;;;
FO;Pos:Neg;;;;;;;;;;;;;;;;;;;;;;;;;;;;;;;
FO;"Patell Z";;;;;;;;;;;;;;;;;;;;;;;;;;;;;;;
FO;"Patell Z P-Values";;;;;;;;;;;;;;;;;;;;;;;;;;;;;;;
FO;"Generalized Sign Z";;;;;;;;;;;;;;;;;;;;;;;;;;;;;;;
FO;"Generalized Sign Z P-Values";;;;;;;;;;;;;;;;;;;;;;;;;;;;;;;
FO;"Sign Z";;;;;;;;;;;;;;;;;;;;;;;;;;;;;;;
FO;"Sign Z P-Values";;;;;;;;;;;;;;;;;;;;;;;;;;;;;;;
FO;"Csect T";;;;;;;;;;;;;;;;;;;;;;;;;;;;;;;
FO;"Csect T P-Values";;;;;;;;;;;;;;;;;;;;;;;;;;;;;;;
FO;"StdCSect T";;;;;;;;;;;;;;;;;;;;;;;;;;;;;;;
FO;"StdCSect T P-Values";;;;;;;;;;;;;;;;;;;;;;;;;;;;;;;
FO;"Rank Z";;;;;;;;;;;;;;;;;;;;;;;;;;;;;;;
FO;"Rank Z P-Values";;;;;;;;;;;;;;;;;;;;;;;;;;;;;;;
FO;"Generalized Rank T";;;;;;;;;;;;;;;;;;;;;;;;;;;;;;;
FO;"Generalized Rank T P-Values";;;;;;;;;;;;;;;;;;;;;;;;;;;;;;;
FO;"Generalized Rank Z";;;;;;;;;;;;;;;;;;;;;;;;;;;;;;;
FO;"Generalized Rank Z P-Values";;;;;;;;;;;;;;;;;;;;;;;;;;;;;;;
FO;"Adjusted Patell Z";;;;;;;;;;;;;;;;;;;;;;;;;;;;;;;
FO;"Adjusted Patell Z P-Values";;;;;;;;;;;;;;;;;;;;;;;;;;;;;;;
FO;"Adjusted StdCSect T";;;;;;;;;;;;;;;;;;;;;;;;;;;;;;;
FO;"Adjusted StdCSect T P-Values";;;;;;;;;;;;;;;;;;;;;;;;;;;;;;;
FO;"Skewness-Corrected T";;;;;;;;;;;;;;;;;;;;;;;;;;;;;;;
FO;"Skewness-Corrected T P-Values";;;;;;;;;;;;;;;;;;;;;;;;;;;;;;;
FO;"CDA T";;;;;;;;;;;;;;;;;;;;;;;;;;;;;;;
FO;"CDA T P-Values";;;;;;;;;;;;;;;;;;;;;;;;;;;;;;;
FO;Wilcoxon;;;;;;;;;;;;;;;;;;;;;;;;;;;;;;;
FO;"Wilcoxon P-Values";;;;;;;;;;;;;;;;;;;;;;;;;;;;;;;
IE;"Average Abnormal Return (AAR)";-0.0013;0.0127;-0.0034;-0.0002;-0.0002;-0.0066;-0.0053;-0.0065;-0.0035;0.0049;-0.0002;-0.0002;-0.0004;-0.0063;-0.0079;-0.017;0.0002;-0.0002;-0.0002;0.0069;-0.0134;0.0006;-0.013;-0.0096;-0.0002;-0.0002;-0.0169;-0.0172;0.0057;0.0029;0.0096
IE;N;9;9;9;9;9;9;9;9;9;9;9;9;9;9;9;9;9;9;9;9;9;9;9;9;9;9;9;9;9;9;9
IE;Pos:Neg;6:3;8:1;4:5;4:5;4:5;3:6;4:5;4:5;4:5;5:4;4:5;4:5;4:5;2:7;3:6;3:6;5:4;4:5;4:5;7:2;3:6;6:3;4:5;3:6;4:5;4:5;3:6;3:6;6:3;7:2;7:2
IE;"Patell Z";-0.4828;3.1517;-1.0136;-0.022;-0.022;-1.869;-1.1412;-1.1328;-0.4203;1.5414;-0.022;-0.022;0.0823;-1.8572;-1.6806;-4.971;0.272;-0.022;-0.022;2.2276;-2.7524;-0.2646;-3.2046;-3.0677;-0.022;-0.022;-3.3222;-5.4296;1.3328;0.3685;2.4941
IE;"Patell Z P-Values";0.6293;0.0016;0.3108;0.9825;0.9825;0.0616;0.2538;0.2573;0.6743;0.1232;0.9825;0.9825;0.9344;0.0633;0.0928;6.6599E-7;0.7856;0.9825;0.9825;0.0259;0.0059;0.7913;0.0014;0.0022;0.9825;0.9825;0.0009;5.6484E-8;0.1826;0.7125;0.0126
IE;"Generalized Sign Z";;;;;;;;;;;;;;;;;;;;;;;;;;;;;;;
IE;"Generalized Sign Z P-Values";;;;;;;;;;;;;;;;;;;;;;;;;;;;;;;
IE;"Sign Z";;;;;;;;;;;;;;;;;;;;;;;;;;;;;;;
IE;"Sign Z P-Values";;;;;;;;;;;;;;;;;;;;;;;;;;;;;;;
IE;"Csect T";-0.5486;2.8264;-1.2093;-0.5426;-0.5426;-1.7291;-1.5671;-1.3191;-0.8412;1.0622;-0.5426;-0.5426;-0.1047;-1.3848;-1.3568;-2.0795;0.0331;-0.5426;-0.5426;1.029;-1.4226;0.093;-1.0366;-1.1753;-0.5426;-0.5426;-1.8083;-1.8902;0.7548;0.5412;1.8128
IE;"Csect T P-Values";0.5983;0.0223;0.2611;0.6022;0.6022;0.1221;0.1557;0.2236;0.4247;0.3191;0.6022;0.6022;0.9192;0.2035;0.2119;0.0712;0.9744;0.6022;0.6022;0.3336;0.1927;0.9282;0.3302;0.2737;0.6022;0.6022;0.1082;0.0954;0.472;0.6031;0.1074
IE;"StdCSect T";-0.7528;2.5144;-1.2882;-0.2346;-0.2346;-1.9693;-1.3344;-1.0735;-0.4807;1.1463;-0.2346;-0.2346;0.0762;-1.5332;-1.2739;-2.2577;0.1835;-0.2346;-0.2346;1.2636;-1.3564;-0.1392;-1.0609;-1.2472;-0.2346;-0.2346;-1.8624;-2.1722;0.7021;0.2236;1.5058
IE;"StdCSect T P-Values";0.4731;0.0361;0.2337;0.8204;0.8204;0.0844;0.2188;0.3144;0.6436;0.2848;0.8204;0.8204;0.9411;0.1638;0.2385;0.0539;0.859;0.8204;0.8204;0.242;0.212;0.8928;0.3197;0.2476;0.8204;0.8204;0.0996;0.0616;0.5025;0.8287;0.1705
IE;"Rank Z";;;;;;;;;;;;;;;;;;;;;;;;;;;;;;;
IE;"Rank Z P-Values";;;;;;;;;;;;;;;;;;;;;;;;;;;;;;;
IE;"Generalized Rank T";;;;;;;;;;;;;;;;;;;;;;;;;;;;;;;
IE;"Generalized Rank T P-Values";;;;;;;;;;;;;;;;;;;;;;;;;;;;;;;
IE;"Generalized Rank Z";;;;;;;;;;;;;;;;;;;;;;;;;;;;;;;
IE;"Generalized Rank Z P-Values";;;;;;;;;;;;;;;;;;;;;;;;;;;;;;;
IE;"Adjusted Patell Z";;;;;;;;;;;;;;;;;;;;;;;;;;;;;;;
IE;"Adjusted Patell Z P-Values";;;;;;;;;;;;;;;;;;;;;;;;;;;;;;;
IE;"Adjusted StdCSect T";;;;;;;;;;;;;;;;;;;;;;;;;;;;;;;
IE;"Adjusted StdCSect T P-Values";;;;;;;;;;;;;;;;;;;;;;;;;;;;;;;
IE;"Skewness-Corrected T";;;;;;;;;;;;;;;;;;;;;;;;;;;;;;;
IE;"Skewness-Corrected T P-Values";;;;;;;;;;;;;;;;;;;;;;;;;;;;;;;
IE;"CDA T";;;;;;;;;;;;;;;;;;;;;;;;;;;;;;;
IE;"CDA T P-Values";;;;;;;;;;;;;;;;;;;;;;;;;;;;;;;
IE;Wilcoxon;;;;;;;;;;;;;;;;;;;;;;;;;;;;;;;
IE;"Wilcoxon P-Values";;;;;;;;;;;;;;;;;;;;;;;;;;;;;;;
PT;"Average Abnormal Return (AAR)";-0.0071;-0.0025;-0.012;0.0003;0.0003;0.001;0.0063;0.0087;0.0066;-0.0141;0.0003;0.0003;-0.0158;-0.0077;0.0023;0.0235;0.013;0.0003;0.0003;0.0157;0.0219;0.0124;0.0084;0.001;0.0003;0.0003;0.0449;0.0032;-0.0234;-0.0019;0.0032
PT;N;3;3;3;3;3;3;3;3;3;3;3;3;3;3;3;3;3;3;3;3;3;3;3;3;3;3;3;3;3;3;3
PT;Pos:Neg;1:2;2:1;1:2;1:2;1:2;1:2;2:1;2:1;2:1;1:2;1:2;1:2;0:3;0:3;3:0;2:1;2:1;1:2;1:2;2:1;2:1;1:2;2:1;1:2;1:2;1:2;3:0;2:1;2:1;1:2;1:2
PT;"Patell Z";-0.8364;-0.5391;-2.0142;0.0544;0.0544;-0.0048;0.9632;1.2625;1.2461;-2.7046;0.0544;0.0544;-2.1784;-1.0664;0.2881;4.0844;1.9024;0.0544;0.0544;2.6834;2.0695;1.0562;0.7809;0.6015;0.0544;0.0544;6.1674;1.0766;-2.4693;-0.3682;0.3572
PT;"Patell Z P-Values";0.4029;0.5898;0.044;0.9566;0.9566;0.9961;0.3354;0.2068;0.2127;0.0068;0.9566;0.9566;0.0294;0.2862;0.7732;0;0.0571;0.9566;0.9566;0.0073;0.0385;0.2909;0.4348;0.5475;0.9566;0.9566;6.94E-10;0.2817;0.0135;0.7127;0.721
PT;"Generalized Sign Z";;;;;;;;;;;;;;;;;;;;;;;;;;;;;;;
PT;"Generalized Sign Z P-Values";;;;;;;;;;;;;;;;;;;;;;;;;;;;;;;
PT;"Sign Z";;;;;;;;;;;;;;;;;;;;;;;;;;;;;;;
PT;"Sign Z P-Values";;;;;;;;;;;;;;;;;;;;;;;;;;;;;;;
PT;"Csect T";-0.7839;-0.539;-1.2021;0.7183;0.7183;0.2169;0.625;0.9032;0.5282;-0.7812;0.7183;0.7183;-10.9204;-13.1839;1.1307;0.8528;1.3;0.7183;0.7183;1.2528;0.9348;0.3078;0.9047;0.0777;0.7183;0.7183;3.319;0.1822;-0.7206;-0.0986;0.9219
PT;"Csect T P-Values";0.5152;0.6439;0.3524;0.5472;0.5472;0.8484;0.5958;0.4618;0.6501;0.5165;0.5472;0.5472;0.0083;0.0057;0.3755;0.4836;0.3232;0.5472;0.5472;0.3369;0.4486;0.7873;0.4611;0.9451;0.5472;0.5472;0.08;0.8722;0.546;0.9305;0.4539
PT;"StdCSect T";-0.7994;-0.6843;-1.1781;0.7531;0.7531;-0.0075;0.7634;1.0606;0.6846;-0.8532;0.7531;0.7531;-6.1593;-8.4612;1.1974;0.9177;1.353;0.7531;0.7531;1.1883;0.6598;0.2113;0.6121;0.3167;0.7531;0.7531;3.6177;0.4012;-0.7057;-0.1609;0.8657
PT;"StdCSect T P-Values";0.5079;0.5644;0.3599;0.53;0.53;0.9947;0.525;0.4;0.5643;0.4834;0.53;0.53;0.0254;0.0137;0.3538;0.4556;0.3087;0.53;0.53;0.3567;0.5772;0.8523;0.6028;0.7815;0.53;0.53;0.0686;0.7271;0.5535;0.8869;0.4779
PT;"Rank Z";;;;;;;;;;;;;;;;;;;;;;;;;;;;;;;
PT;"Rank Z P-Values";;;;;;;;;;;;;;;;;;;;;;;;;;;;;;;
PT;"Generalized Rank T";;;;;;;;;;;;;;;;;;;;;;;;;;;;;;;
PT;"Generalized Rank T P-Values";;;;;;;;;;;;;;;;;;;;;;;;;;;;;;;
PT;"Generalized Rank Z";;;;;;;;;;;;;;;;;;;;;;;;;;;;;;;
PT;"Generalized Rank Z P-Values";;;;;;;;;;;;;;;;;;;;;;;;;;;;;;;
PT;"Adjusted Patell Z";;;;;;;;;;;;;;;;;;;;;;;;;;;;;;;
PT;"Adjusted Patell Z P-Values";;;;;;;;;;;;;;;;;;;;;;;;;;;;;;;
PT;"Adjusted StdCSect T";;;;;;;;;;;;;;;;;;;;;;;;;;;;;;;
PT;"Adjusted StdCSect T P-Values";;;;;;;;;;;;;;;;;;;;;;;;;;;;;;;
PT;"Skewness-Corrected T";;;;;;;;;;;;;;;;;;;;;;;;;;;;;;;
PT;"Skewness-Corrected T P-Values";;;;;;;;;;;;;;;;;;;;;;;;;;;;;;;
PT;"CDA T";;;;;;;;;;;;;;;;;;;;;;;;;;;;;;;
PT;"CDA T P-Values";;;;;;;;;;;;;;;;;;;;;;;;;;;;;;;
PT;Wilcoxon;;;;;;;;;;;;;;;;;;;;;;;;;;;;;;;
PT;"Wilcoxon P-Values";;;;;;;;;;;;;;;;;;;;;;;;;;;;;;;
FI;"Average Abnormal Return (AAR)";-0.0063;0.0013;-0.0005;0.0005;0.0005;-0.0043;0.001;0.0003;-0.0016;0.0075;0.0005;0.0005;0.0008;-0.0105;-0.0021;-0.0058;5.5556E-6;0.0005;0.0005;-0.0178;-0.0273;0.0044;-0.0086;0.001;0.0005;0.0005;0.0019;0.0193;-0.0082;0.0202;0.0097
FI;N;18;18;18;18;18;18;18;18;18;18;18;18;18;18;18;18;18;18;18;18;18;18;18;18;18;18;18;18;18;18;18
FI;Pos:Neg;3:15;7:11;9:9;13:5;13:5;7:11;7:11;5:13;5:13;8:10;13:5;13:5;11:7;5:13;9:9;9:9;10:8;13:5;13:5;6:12;6:12;11:7;7:11;11:7;13:5;13:5;11:7;15:3;6:12;16:2;15:3
FI;"Patell Z";-2.3676;0.2242;-0.1491;0.0991;0.0991;-1.5279;-0.0257;0.4129;-1.3465;4.8254;0.0991;0.0991;0.7455;-4.5939;-0.5163;-3.28;0.9449;0.0991;0.0991;-6.9593;-8.7473;0.5341;-3.0997;-0.4173;0.0991;0.0991;1.3169;6.5213;-2.4575;7.4899;3.5429
FI;"Patell Z P-Values";0.0179;0.8226;0.8815;0.9211;0.9211;0.1265;0.9795;0.6797;0.1781;1.3974E-6;0.9211;0.9211;0.456;4.3513E-6;0.6057;0.001;0.3447;0.9211;0.9211;3.4207E-12;2.1855E-18;0.5933;0.0019;0.6764;0.9211;0.9211;0.1879;6.9719E-11;0.014;6.8918E-14;0.0004
FI;"Generalized Sign Z";;;;;;;;;;;;;;;;;;;;;;;;;;;;;;;
FI;"Generalized Sign Z P-Values";;;;;;;;;;;;;;;;;;;;;;;;;;;;;;;
FI;"Sign Z";;;;;;;;;;;;;;;;;;;;;;;;;;;;;;;
FI;"Sign Z P-Values";;;;;;;;;;;;;;;;;;;;;;;;;;;;;;;
FI;"Csect T";-1.8321;0.2714;-0.1212;1.5534;1.5534;-1.1174;0.3422;0.0796;-0.3697;0.5987;1.5534;1.5534;0.2957;-2.4439;-0.583;-0.5694;0.0014;1.5534;1.5534;-1.2993;-2.4064;0.4821;-1.752;0.1918;1.5534;1.5534;0.3527;3.2711;-1.3108;5.3652;3.1621
FI;"Csect T P-Values";0.0845;0.7893;0.905;0.1388;0.1388;0.2794;0.7364;0.9375;0.7162;0.5572;0.1388;0.1388;0.771;0.0257;0.5675;0.5765;0.9989;0.1388;0.1388;0.2112;0.0278;0.6359;0.0978;0.8502;0.1388;0.1388;0.7287;0.0045;0.2074;0.0001;0.0057
FI;"StdCSect T";-2.2096;0.1344;-0.1028;1.1778;1.1778;-1.1416;-0.0275;0.2811;-1.285;0.8294;1.1778;1.1778;0.8067;-3.3092;-0.4249;-1.1734;0.6154;1.1778;1.1778;-1.7469;-2.7378;0.1987;-1.7761;-0.238;1.1778;1.1778;0.8153;3.1462;-1.2879;5.5651;2.8874
FI;"StdCSect T P-Values";0.0411;0.8946;0.9194;0.2551;0.2551;0.2694;0.9784;0.782;0.216;0.4183;0.2551;0.2551;0.431;0.0041;0.6763;0.2568;0.5465;0.2551;0.2551;0.0987;0.014;0.8448;0.0936;0.8147;0.2551;0.2551;0.4262;0.0059;0.215;0;0.0102
FI;"Rank Z";;;;;;;;;;;;;;;;;;;;;;;;;;;;;;;
FI;"Rank Z P-Values";;;;;;;;;;;;;;;;;;;;;;;;;;;;;;;
FI;"Generalized Rank T";;;;;;;;;;;;;;;;;;;;;;;;;;;;;;;
FI;"Generalized Rank T P-Values";;;;;;;;;;;;;;;;;;;;;;;;;;;;;;;
FI;"Generalized Rank Z";;;;;;;;;;;;;;;;;;;;;;;;;;;;;;;
FI;"Generalized Rank Z P-Values";;;;;;;;;;;;;;;;;;;;;;;;;;;;;;;
FI;"Adjusted Patell Z";;;;;;;;;;;;;;;;;;;;;;;;;;;;;;;
FI;"Adjusted Patell Z P-Values";;;;;;;;;;;;;;;;;;;;;;;;;;;;;;;
FI;"Adjusted StdCSect T";;;;;;;;;;;;;;;;;;;;;;;;;;;;;;;
FI;"Adjusted StdCSect T P-Values";;;;;;;;;;;;;;;;;;;;;;;;;;;;;;;
FI;"Skewness-Corrected T";;;;;;;;;;;;;;;;;;;;;;;;;;;;;;;
FI;"Skewness-Corrected T P-Values";;;;;;;;;;;;;;;;;;;;;;;;;;;;;;;
FI;"CDA T";;;;;;;;;;;;;;;;;;;;;;;;;;;;;;;
FI;"CDA T P-Values";;;;;;;;;;;;;;;;;;;;;;;;;;;;;;;
FI;Wilcoxon;;;;;;;;;;;;;;;;;;;;;;;;;;;;;;;
FI;"Wilcoxon P-Values";;;;;;;;;;;;;;;;;;;;;;;;;;;;;;;
US;"Average Abnormal Return (AAR)";0.0095;0.0184;0.0014;0.0023;0.0023;0.0042;0.0015;-0.0033;-0.0757;-0.0426;0.0023;0.0023;0.0011;0.0148;-0.0042;0.0487;-0.001;0.0023;0.0023;0.0446;-0.0174;-0.0132;-0.011;0.0264;0.0023;0.0023;0.0176;-0.0063;0.0026;-0.0049;0.0144
US;N;3;3;3;3;3;3;3;3;3;3;3;3;3;3;3;3;3;3;3;3;3;3;3;3;3;3;3;3;3;3;3
US;Pos:Neg;1:2;3:0;1:2;2:1;2:1;2:1;2:1;1:2;2:1;1:2;2:1;2:1;2:1;2:1;2:1;3:0;2:1;2:1;2:1;2:1;2:1;1:2;1:2;2:1;2:1;2:1;3:0;1:2;2:1;1:2;2:1
US;"Patell Z";-0.1883;2.7286;-0.3756;0.1592;0.1592;0.5808;-0.066;-0.3694;-3.2254;-2.2539;0.1592;0.1592;-0.5327;0.7574;0.388;3.3087;-0.5614;0.1592;0.1592;3.0049;-2.2531;-1.1272;0.1961;2.1956;0.1592;0.1592;1.8446;-0.9771;0.7244;-0.7004;1.2144
US;"Patell Z P-Values";0.8506;0.0064;0.7072;0.8735;0.8735;0.5614;0.9474;0.7118;0.0013;0.0242;0.8735;0.8735;0.5942;0.4488;0.698;0.0009;0.5745;0.8735;0.8735;0.0027;0.0243;0.2597;0.8445;0.0281;0.8735;0.8735;0.0651;0.3285;0.4688;0.4837;0.2246
US;"Generalized Sign Z";;;;;;;;;;;;;;;;;;;;;;;;;;;;;;;
US;"Generalized Sign Z P-Values";;;;;;;;;;;;;;;;;;;;;;;;;;;;;;;
US;"Sign Z";;;;;;;;;;;;;;;;;;;;;;;;;;;;;;;
US;"Sign Z P-Values";;;;;;;;;;;;;;;;;;;;;;;;;;;;;;;
US;"Csect T";0.4757;2.6479;0.0794;1.6556;1.6556;0.5941;0.0855;-0.8301;-0.8716;-1.2105;1.6556;1.6556;0.1286;0.9371;-0.3348;1.6073;-0.0521;1.6556;1.6556;1.6256;-0.4575;-0.9366;-0.624;1.1946;1.6556;1.6556;1.6782;-1.0004;0.3826;-0.7985;1.1716
US;"Csect T P-Values";0.6812;0.1179;0.9439;0.2396;0.2396;0.6127;0.9396;0.4938;0.4753;0.3497;0.2396;0.2396;0.9095;0.4476;0.7696;0.2492;0.9632;0.2396;0.2396;0.2455;0.6922;0.4478;0.5963;0.3547;0.2396;0.2396;0.2353;0.4225;0.7388;0.5083;0.362
US;"StdCSect T";-0.1361;1.4719;-0.1561;1.9907;1.9907;0.8771;-0.0398;-0.8004;-0.6552;-0.9973;1.9907;1.9907;-0.4021;0.8964;0.3793;3.0608;-0.3589;1.9907;1.9907;1.6048;-0.618;-0.6728;0.0948;1.3284;1.9907;1.9907;1.6293;-1.5539;1.0333;-0.7733;0.8374
US;"StdCSect T P-Values";0.9042;0.2789;0.8903;0.1848;0.1848;0.4729;0.9719;0.5074;0.5796;0.4237;0.1848;0.1848;0.7265;0.4646;0.7409;0.0922;0.754;0.1848;0.1848;0.2498;0.5996;0.5704;0.9331;0.3153;0.1848;0.1848;0.2448;0.2604;0.41;0.5202;0.4905
US;"Rank Z";;;;;;;;;;;;;;;;;;;;;;;;;;;;;;;
US;"Rank Z P-Values";;;;;;;;;;;;;;;;;;;;;;;;;;;;;;;
US;"Generalized Rank T";;;;;;;;;;;;;;;;;;;;;;;;;;;;;;;
US;"Generalized Rank T P-Values";;;;;;;;;;;;;;;;;;;;;;;;;;;;;;;
US;"Generalized Rank Z";;;;;;;;;;;;;;;;;;;;;;;;;;;;;;;
US;"Generalized Rank Z P-Values";;;;;;;;;;;;;;;;;;;;;;;;;;;;;;;
US;"Adjusted Patell Z";;;;;;;;;;;;;;;;;;;;;;;;;;;;;;;
US;"Adjusted Patell Z P-Values";;;;;;;;;;;;;;;;;;;;;;;;;;;;;;;
US;"Adjusted StdCSect T";;;;;;;;;;;;;;;;;;;;;;;;;;;;;;;
US;"Adjusted StdCSect T P-Values";;;;;;;;;;;;;;;;;;;;;;;;;;;;;;;
US;"Skewness-Corrected T";;;;;;;;;;;;;;;;;;;;;;;;;;;;;;;
US;"Skewness-Corrected T P-Values";;;;;;;;;;;;;;;;;;;;;;;;;;;;;;;
US;"CDA T";;;;;;;;;;;;;;;;;;;;;;;;;;;;;;;
US;"CDA T P-Values";;;;;;;;;;;;;;;;;;;;;;;;;;;;;;;
US;Wilcoxon;;;;;;;;;;;;;;;;;;;;;;;;;;;;;;;
US;"Wilcoxon P-Values";;;;;;;;;;;;;;;;;;;;;;;;;;;;;;;
BM;"Average Abnormal Return (AAR)";;;;;;;;;;;;;;;;;;;;;;;;;;;;;;;
BM;N;;;;;;;;;;;;;;;;;;;;;;;;;;;;;;;
BM;Pos:Neg;;;;;;;;;;;;;;;;;;;;;;;;;;;;;;;
BM;"Patell Z";;;;;;;;;;;;;;;;;;;;;;;;;;;;;;;
BM;"Patell Z P-Values";;;;;;;;;;;;;;;;;;;;;;;;;;;;;;;
BM;"Generalized Sign Z";;;;;;;;;;;;;;;;;;;;;;;;;;;;;;;
BM;"Generalized Sign Z P-Values";;;;;;;;;;;;;;;;;;;;;;;;;;;;;;;
BM;"Sign Z";;;;;;;;;;;;;;;;;;;;;;;;;;;;;;;
BM;"Sign Z P-Values";;;;;;;;;;;;;;;;;;;;;;;;;;;;;;;
BM;"Csect T";;;;;;;;;;;;;;;;;;;;;;;;;;;;;;;
BM;"Csect T P-Values";;;;;;;;;;;;;;;;;;;;;;;;;;;;;;;
BM;"StdCSect T";;;;;;;;;;;;;;;;;;;;;;;;;;;;;;;
BM;"StdCSect T P-Values";;;;;;;;;;;;;;;;;;;;;;;;;;;;;;;
BM;"Rank Z";;;;;;;;;;;;;;;;;;;;;;;;;;;;;;;
BM;"Rank Z P-Values";;;;;;;;;;;;;;;;;;;;;;;;;;;;;;;
BM;"Generalized Rank T";;;;;;;;;;;;;;;;;;;;;;;;;;;;;;;
BM;"Generalized Rank T P-Values";;;;;;;;;;;;;;;;;;;;;;;;;;;;;;;
BM;"Generalized Rank Z";;;;;;;;;;;;;;;;;;;;;;;;;;;;;;;
BM;"Generalized Rank Z P-Values";;;;;;;;;;;;;;;;;;;;;;;;;;;;;;;
BM;"Adjusted Patell Z";;;;;;;;;;;;;;;;;;;;;;;;;;;;;;;
BM;"Adjusted Patell Z P-Values";;;;;;;;;;;;;;;;;;;;;;;;;;;;;;;
BM;"Adjusted StdCSect T";;;;;;;;;;;;;;;;;;;;;;;;;;;;;;;
BM;"Adjusted StdCSect T P-Values";;;;;;;;;;;;;;;;;;;;;;;;;;;;;;;
BM;"Skewness-Corrected T";;;;;;;;;;;;;;;;;;;;;;;;;;;;;;;
BM;"Skewness-Corrected T P-Values";;;;;;;;;;;;;;;;;;;;;;;;;;;;;;;
BM;"CDA T";;;;;;;;;;;;;;;;;;;;;;;;;;;;;;;
BM;"CDA T P-Values";;;;;;;;;;;;;;;;;;;;;;;;;;;;;;;
BM;Wilcoxon;;;;;;;;;;;;;;;;;;;;;;;;;;;;;;;
BM;"Wilcoxon P-Values";;;;;;;;;;;;;;;;;;;;;;;;;;;;;;;
ZA;"Average Abnormal Return (AAR)";;;;;;;;;;;;;;;;;;;;;;;;;;;;;;;
ZA;N;;;;;;;;;;;;;;;;;;;;;;;;;;;;;;;
ZA;Pos:Neg;;;;;;;;;;;;;;;;;;;;;;;;;;;;;;;
ZA;"Patell Z";;;;;;;;;;;;;;;;;;;;;;;;;;;;;;;
ZA;"Patell Z P-Values";;;;;;;;;;;;;;;;;;;;;;;;;;;;;;;
ZA;"Generalized Sign Z";;;;;;;;;;;;;;;;;;;;;;;;;;;;;;;
ZA;"Generalized Sign Z P-Values";;;;;;;;;;;;;;;;;;;;;;;;;;;;;;;
ZA;"Sign Z";;;;;;;;;;;;;;;;;;;;;;;;;;;;;;;
ZA;"Sign Z P-Values";;;;;;;;;;;;;;;;;;;;;;;;;;;;;;;
ZA;"Csect T";;;;;;;;;;;;;;;;;;;;;;;;;;;;;;;
ZA;"Csect T P-Values";;;;;;;;;;;;;;;;;;;;;;;;;;;;;;;
ZA;"StdCSect T";;;;;;;;;;;;;;;;;;;;;;;;;;;;;;;
ZA;"StdCSect T P-Values";;;;;;;;;;;;;;;;;;;;;;;;;;;;;;;
ZA;"Rank Z";;;;;;;;;;;;;;;;;;;;;;;;;;;;;;;
ZA;"Rank Z P-Values";;;;;;;;;;;;;;;;;;;;;;;;;;;;;;;
ZA;"Generalized Rank T";;;;;;;;;;;;;;;;;;;;;;;;;;;;;;;
ZA;"Generalized Rank T P-Values";;;;;;;;;;;;;;;;;;;;;;;;;;;;;;;
ZA;"Generalized Rank Z";;;;;;;;;;;;;;;;;;;;;;;;;;;;;;;
ZA;"Generalized Rank Z P-Values";;;;;;;;;;;;;;;;;;;;;;;;;;;;;;;
ZA;"Adjusted Patell Z";;;;;;;;;;;;;;;;;;;;;;;;;;;;;;;
ZA;"Adjusted Patell Z P-Values";;;;;;;;;;;;;;;;;;;;;;;;;;;;;;;
ZA;"Adjusted StdCSect T";;;;;;;;;;;;;;;;;;;;;;;;;;;;;;;
ZA;"Adjusted StdCSect T P-Values";;;;;;;;;;;;;;;;;;;;;;;;;;;;;;;
ZA;"Skewness-Corrected T";;;;;;;;;;;;;;;;;;;;;;;;;;;;;;;
ZA;"Skewness-Corrected T P-Values";;;;;;;;;;;;;;;;;;;;;;;;;;;;;;;
ZA;"CDA T";;;;;;;;;;;;;;;;;;;;;;;;;;;;;;;
ZA;"CDA T P-Values";;;;;;;;;;;;;;;;;;;;;;;;;;;;;;;
ZA;Wilcoxon;;;;;;;;;;;;;;;;;;;;;;;;;;;;;;;
ZA;"Wilcoxon P-Values";;;;;;;;;;;;;;;;;;;;;;;;;;;;;;;
MT;"Average Abnormal Return (AAR)";;;;;;;;;;;;;;;;;;;;;;;;;;;;;;;
MT;N;;;;;;;;;;;;;;;;;;;;;;;;;;;;;;;
MT;Pos:Neg;;;;;;;;;;;;;;;;;;;;;;;;;;;;;;;
MT;"Patell Z";;;;;;;;;;;;;;;;;;;;;;;;;;;;;;;
MT;"Patell Z P-Values";;;;;;;;;;;;;;;;;;;;;;;;;;;;;;;
MT;"Generalized Sign Z";;;;;;;;;;;;;;;;;;;;;;;;;;;;;;;
MT;"Generalized Sign Z P-Values";;;;;;;;;;;;;;;;;;;;;;;;;;;;;;;
MT;"Sign Z";;;;;;;;;;;;;;;;;;;;;;;;;;;;;;;
MT;"Sign Z P-Values";;;;;;;;;;;;;;;;;;;;;;;;;;;;;;;
MT;"Csect T";;;;;;;;;;;;;;;;;;;;;;;;;;;;;;;
MT;"Csect T P-Values";;;;;;;;;;;;;;;;;;;;;;;;;;;;;;;
MT;"StdCSect T";;;;;;;;;;;;;;;;;;;;;;;;;;;;;;;
MT;"StdCSect T P-Values";;;;;;;;;;;;;;;;;;;;;;;;;;;;;;;
MT;"Rank Z";;;;;;;;;;;;;;;;;;;;;;;;;;;;;;;
MT;"Rank Z P-Values";;;;;;;;;;;;;;;;;;;;;;;;;;;;;;;
MT;"Generalized Rank T";;;;;;;;;;;;;;;;;;;;;;;;;;;;;;;
MT;"Generalized Rank T P-Values";;;;;;;;;;;;;;;;;;;;;;;;;;;;;;;
MT;"Generalized Rank Z";;;;;;;;;;;;;;;;;;;;;;;;;;;;;;;
MT;"Generalized Rank Z P-Values";;;;;;;;;;;;;;;;;;;;;;;;;;;;;;;
MT;"Adjusted Patell Z";;;;;;;;;;;;;;;;;;;;;;;;;;;;;;;
MT;"Adjusted Patell Z P-Values";;;;;;;;;;;;;;;;;;;;;;;;;;;;;;;
MT;"Adjusted StdCSect T";;;;;;;;;;;;;;;;;;;;;;;;;;;;;;;
MT;"Adjusted StdCSect T P-Values";;;;;;;;;;;;;;;;;;;;;;;;;;;;;;;
MT;"Skewness-Corrected T";;;;;;;;;;;;;;;;;;;;;;;;;;;;;;;
MT;"Skewness-Corrected T P-Values";;;;;;;;;;;;;;;;;;;;;;;;;;;;;;;
MT;"CDA T";;;;;;;;;;;;;;;;;;;;;;;;;;;;;;;
MT;"CDA T P-Values";;;;;;;;;;;;;;;;;;;;;;;;;;;;;;;
MT;Wilcoxon;;;;;;;;;;;;;;;;;;;;;;;;;;;;;;;
MT;"Wilcoxon P-Values";;;;;;;;;;;;;;;;;;;;;;;;;;;;;;;
KZ;"Average Abnormal Return (AAR)";;;;;;;;;;;;;;;;;;;;;;;;;;;;;;;
KZ;N;;;;;;;;;;;;;;;;;;;;;;;;;;;;;;;
KZ;Pos:Neg;;;;;;;;;;;;;;;;;;;;;;;;;;;;;;;
KZ;"Patell Z";;;;;;;;;;;;;;;;;;;;;;;;;;;;;;;
KZ;"Patell Z P-Values";;;;;;;;;;;;;;;;;;;;;;;;;;;;;;;
KZ;"Generalized Sign Z";;;;;;;;;;;;;;;;;;;;;;;;;;;;;;;
KZ;"Generalized Sign Z P-Values";;;;;;;;;;;;;;;;;;;;;;;;;;;;;;;
KZ;"Sign Z";;;;;;;;;;;;;;;;;;;;;;;;;;;;;;;
KZ;"Sign Z P-Values";;;;;;;;;;;;;;;;;;;;;;;;;;;;;;;
KZ;"Csect T";;;;;;;;;;;;;;;;;;;;;;;;;;;;;;;
KZ;"Csect T P-Values";;;;;;;;;;;;;;;;;;;;;;;;;;;;;;;
KZ;"StdCSect T";;;;;;;;;;;;;;;;;;;;;;;;;;;;;;;
KZ;"StdCSect T P-Values";;;;;;;;;;;;;;;;;;;;;;;;;;;;;;;
KZ;"Rank Z";;;;;;;;;;;;;;;;;;;;;;;;;;;;;;;
KZ;"Rank Z P-Values";;;;;;;;;;;;;;;;;;;;;;;;;;;;;;;
KZ;"Generalized Rank T";;;;;;;;;;;;;;;;;;;;;;;;;;;;;;;
KZ;"Generalized Rank T P-Values";;;;;;;;;;;;;;;;;;;;;;;;;;;;;;;
KZ;"Generalized Rank Z";;;;;;;;;;;;;;;;;;;;;;;;;;;;;;;
KZ;"Generalized Rank Z P-Values";;;;;;;;;;;;;;;;;;;;;;;;;;;;;;;
KZ;"Adjusted Patell Z";;;;;;;;;;;;;;;;;;;;;;;;;;;;;;;
KZ;"Adjusted Patell Z P-Values";;;;;;;;;;;;;;;;;;;;;;;;;;;;;;;
KZ;"Adjusted StdCSect T";;;;;;;;;;;;;;;;;;;;;;;;;;;;;;;
KZ;"Adjusted StdCSect T P-Values";;;;;;;;;;;;;;;;;;;;;;;;;;;;;;;
KZ;"Skewness-Corrected T";;;;;;;;;;;;;;;;;;;;;;;;;;;;;;;
KZ;"Skewness-Corrected T P-Values";;;;;;;;;;;;;;;;;;;;;;;;;;;;;;;
KZ;"CDA T";;;;;;;;;;;;;;;;;;;;;;;;;;;;;;;
KZ;"CDA T P-Values";;;;;;;;;;;;;;;;;;;;;;;;;;;;;;;
KZ;Wilcoxon;;;;;;;;;;;;;;;;;;;;;;;;;;;;;;;
KZ;"Wilcoxon P-Values";;;;;;;;;;;;;;;;;;;;;;;;;;;;;;;
HK;"Average Abnormal Return (AAR)";;;;;;;;;;;;;;;;;;;;;;;;;;;;;;;
HK;N;;;;;;;;;;;;;;;;;;;;;;;;;;;;;;;
HK;Pos:Neg;;;;;;;;;;;;;;;;;;;;;;;;;;;;;;;
HK;"Patell Z";;;;;;;;;;;;;;;;;;;;;;;;;;;;;;;
HK;"Patell Z P-Values";;;;;;;;;;;;;;;;;;;;;;;;;;;;;;;
HK;"Generalized Sign Z";;;;;;;;;;;;;;;;;;;;;;;;;;;;;;;
HK;"Generalized Sign Z P-Values";;;;;;;;;;;;;;;;;;;;;;;;;;;;;;;
HK;"Sign Z";;;;;;;;;;;;;;;;;;;;;;;;;;;;;;;
HK;"Sign Z P-Values";;;;;;;;;;;;;;;;;;;;;;;;;;;;;;;
HK;"Csect T";;;;;;;;;;;;;;;;;;;;;;;;;;;;;;;
HK;"Csect T P-Values";;;;;;;;;;;;;;;;;;;;;;;;;;;;;;;
HK;"StdCSect T";;;;;;;;;;;;;;;;;;;;;;;;;;;;;;;
HK;"StdCSect T P-Values";;;;;;;;;;;;;;;;;;;;;;;;;;;;;;;
HK;"Rank Z";;;;;;;;;;;;;;;;;;;;;;;;;;;;;;;
HK;"Rank Z P-Values";;;;;;;;;;;;;;;;;;;;;;;;;;;;;;;
HK;"Generalized Rank T";;;;;;;;;;;;;;;;;;;;;;;;;;;;;;;
HK;"Generalized Rank T P-Values";;;;;;;;;;;;;;;;;;;;;;;;;;;;;;;
HK;"Generalized Rank Z";;;;;;;;;;;;;;;;;;;;;;;;;;;;;;;
HK;"Generalized Rank Z P-Values";;;;;;;;;;;;;;;;;;;;;;;;;;;;;;;
HK;"Adjusted Patell Z";;;;;;;;;;;;;;;;;;;;;;;;;;;;;;;
HK;"Adjusted Patell Z P-Values";;;;;;;;;;;;;;;;;;;;;;;;;;;;;;;
HK;"Adjusted StdCSect T";;;;;;;;;;;;;;;;;;;;;;;;;;;;;;;
HK;"Adjusted StdCSect T P-Values";;;;;;;;;;;;;;;;;;;;;;;;;;;;;;;
HK;"Skewness-Corrected T";;;;;;;;;;;;;;;;;;;;;;;;;;;;;;;
HK;"Skewness-Corrected T P-Values";;;;;;;;;;;;;;;;;;;;;;;;;;;;;;;
HK;"CDA T";;;;;;;;;;;;;;;;;;;;;;;;;;;;;;;
HK;"CDA T P-Values";;;;;;;;;;;;;;;;;;;;;;;;;;;;;;;
HK;Wilcoxon;;;;;;;;;;;;;;;;;;;;;;;;;;;;;;;
HK;"Wilcoxon P-Values";;;;;;;;;;;;;;;;;;;;;;;;;;;;;;;
HU;"Average Abnormal Return (AAR)";;;;;;;;;;;;;;;;;;;;;;;;;;;;;;;
HU;N;;;;;;;;;;;;;;;;;;;;;;;;;;;;;;;
HU;Pos:Neg;;;;;;;;;;;;;;;;;;;;;;;;;;;;;;;
HU;"Patell Z";;;;;;;;;;;;;;;;;;;;;;;;;;;;;;;
HU;"Patell Z P-Values";;;;;;;;;;;;;;;;;;;;;;;;;;;;;;;
HU;"Generalized Sign Z";;;;;;;;;;;;;;;;;;;;;;;;;;;;;;;
HU;"Generalized Sign Z P-Values";;;;;;;;;;;;;;;;;;;;;;;;;;;;;;;
HU;"Sign Z";;;;;;;;;;;;;;;;;;;;;;;;;;;;;;;
HU;"Sign Z P-Values";;;;;;;;;;;;;;;;;;;;;;;;;;;;;;;
HU;"Csect T";;;;;;;;;;;;;;;;;;;;;;;;;;;;;;;
HU;"Csect T P-Values";;;;;;;;;;;;;;;;;;;;;;;;;;;;;;;
HU;"StdCSect T";;;;;;;;;;;;;;;;;;;;;;;;;;;;;;;
HU;"StdCSect T P-Values";;;;;;;;;;;;;;;;;;;;;;;;;;;;;;;
HU;"Rank Z";;;;;;;;;;;;;;;;;;;;;;;;;;;;;;;
HU;"Rank Z P-Values";;;;;;;;;;;;;;;;;;;;;;;;;;;;;;;
HU;"Generalized Rank T";;;;;;;;;;;;;;;;;;;;;;;;;;;;;;;
HU;"Generalized Rank T P-Values";;;;;;;;;;;;;;;;;;;;;;;;;;;;;;;
HU;"Generalized Rank Z";;;;;;;;;;;;;;;;;;;;;;;;;;;;;;;
HU;"Generalized Rank Z P-Values";;;;;;;;;;;;;;;;;;;;;;;;;;;;;;;
HU;"Adjusted Patell Z";;;;;;;;;;;;;;;;;;;;;;;;;;;;;;;
HU;"Adjusted Patell Z P-Values";;;;;;;;;;;;;;;;;;;;;;;;;;;;;;;
HU;"Adjusted StdCSect T";;;;;;;;;;;;;;;;;;;;;;;;;;;;;;;
HU;"Adjusted StdCSect T P-Values";;;;;;;;;;;;;;;;;;;;;;;;;;;;;;;
HU;"Skewness-Corrected T";;;;;;;;;;;;;;;;;;;;;;;;;;;;;;;
HU;"Skewness-Corrected T P-Values";;;;;;;;;;;;;;;;;;;;;;;;;;;;;;;
HU;"CDA T";;;;;;;;;;;;;;;;;;;;;;;;;;;;;;;
HU;"CDA T P-Values";;;;;;;;;;;;;;;;;;;;;;;;;;;;;;;
HU;Wilcoxon;;;;;;;;;;;;;;;;;;;;;;;;;;;;;;;
HU;"Wilcoxon P-Values";;;;;;;;;;;;;;;;;;;;;;;;;;;;;;;
