SXXP Index;01.02.2021;400.77
SXXP Index;02.02.2021;405.92
SXXP Index;03.02.2021;407.27
SXXP Index;04.02.2021;409.54
SXXP Index;05.02.2021;409.54
SXXP Index;06.02.2021;409.54
SXXP Index;07.02.2021;409.54
SXXP Index;08.02.2021;410.78
SXXP Index;09.02.2021;410.42
SXXP Index;10.02.2021;409.47
SXXP Index;11.02.2021;411.35
SXXP Index;12.02.2021;414.00
SXXP Index;13.02.2021;414.00
SXXP Index;14.02.2021;414.00
SXXP Index;15.02.2021;419.47
SXXP Index;16.02.2021;419.20
SXXP Index;17.02.2021;416.10
SXXP Index;18.02.2021;412.70
SXXP Index;19.02.2021;414.88
SXXP Index;20.02.2021;414.88
SXXP Index;21.02.2021;414.88
SXXP Index;22.02.2021;413.06
SXXP Index;23.02.2021;411.32
SXXP Index;24.02.2021;413.21
SXXP Index;25.02.2021;411.73
SXXP Index;26.02.2021;404.99
SXXP Index;27.02.2021;404.99
SXXP Index;28.02.2021;404.99
SXXP Index;01.03.2021;412.44
SXXP Index;02.03.2021;413.23
SXXP Index;03.03.2021;413.42
SXXP Index;04.03.2021;411.91
SXXP Index;05.03.2021;408.68
SXXP Index;06.03.2021;408.68
SXXP Index;07.03.2021;408.68
SXXP Index;08.03.2021;417.25
SXXP Index;09.03.2021;420.41
SXXP Index;10.03.2021;422.11
SXXP Index;11.03.2021;424.17
SXXP Index;12.03.2021;423.08
SXXP Index;13.03.2021;423.08
SXXP Index;14.03.2021;423.08
SXXP Index;15.03.2021;423.08
SXXP Index;16.03.2021;426.82
SXXP Index;17.03.2021;424.91
SXXP Index;18.03.2021;426.59
SXXP Index;19.03.2021;423.35
SXXP Index;20.03.2021;423.35
SXXP Index;21.03.2021;423.35
SXXP Index;22.03.2021;424.17
SXXP Index;23.03.2021;423.31
SXXP Index;24.03.2021;423.39
SXXP Index;25.03.2021;423.08
SXXP Index;26.03.2021;426.93
SXXP Index;27.03.2021;426.93
SXXP Index;28.03.2021;426.93
SXXP Index;29.03.2021;427.61
SXXP Index;30.03.2021;430.65
SXXP Index;31.03.2021;429.60
SXXP Index;01.04.2021;432.22
SXXP Index;02.04.2021;432.22
SXXP Index;03.04.2021;432.22
SXXP Index;04.04.2021;432.22
SXXP Index;05.04.2021;432.22
SXXP Index;06.04.2021;435.26
SXXP Index;07.04.2021;434.32
SXXP Index;08.04.2021;436.86
SXXP Index;09.04.2021;437.23
SXXP Index;10.04.2021;437.23
SXXP Index;11.04.2021;437.23
SXXP Index;12.04.2021;435.24
SXXP Index;13.04.2021;435.75
SXXP Index;14.04.2021;436.57
SXXP Index;15.04.2021;438.55
SXXP Index;16.04.2021;442.49
SXXP Index;17.04.2021;442.49
SXXP Index;18.04.2021;442.49
SXXP Index;19.04.2021;442.18
SXXP Index;20.04.2021;433.80
SXXP Index;21.04.2021;436.64
SXXP Index;22.04.2021;439.63
SXXP Index;23.04.2021;439.04
SXXP Index;24.04.2021;439.04
SXXP Index;25.04.2021;439.04
SXXP Index;26.04.2021;440.20
SXXP Index;27.04.2021;439.85
SXXP Index;28.04.2021;439.92
SXXP Index;29.04.2021;438.77
SXXP Index;30.04.2021;437.39
SXXP Index;01.05.2021;437.39
SXXP Index;02.05.2021;437.39
SXXP Index;03.05.2021;439.92
SXXP Index;04.05.2021;433.65
SXXP Index;05.05.2021;441.55
SXXP Index;06.05.2021;441.02
SXXP Index;07.05.2021;444.93
SXXP Index;08.05.2021;444.93
SXXP Index;09.05.2021;444.93
SXXP Index;10.05.2021;445.39
SXXP Index;11.05.2021;436.61
SXXP Index;12.05.2021;437.93
SXXP Index;13.05.2021;437.32
SXXP Index;14.05.2021;442.53
SXXP Index;15.05.2021;442.53
SXXP Index;16.05.2021;442.53
SXXP Index;17.05.2021;442.29
SXXP Index;18.05.2021;443.04
SXXP Index;19.05.2021;436.34
SXXP Index;20.05.2021;441.90
SXXP Index;21.05.2021;444.44
SXXP Index;22.05.2021;444.44
SXXP Index;23.05.2021;444.44
SXXP Index;24.05.2021;445.07
SXXP Index;25.05.2021;445.20
SXXP Index;26.05.2021;445.22
SXXP Index;27.05.2021;446.44
SXXP Index;28.05.2021;448.98
SXXP Index;29.05.2021;448.98
SXXP Index;30.05.2021;448.98
SXXP Index;31.05.2021;446.76
SXXP Index;01.06.2021;450.10
SXXP Index;02.06.2021;451.34
SXXP Index;03.06.2021;450.79
SXXP Index;04.06.2021;452.57
SXXP Index;05.06.2021;452.57
SXXP Index;06.06.2021;452.57
SXXP Index;07.06.2021;453.56
SXXP Index;08.06.2021;454.01
SXXP Index;09.06.2021;454.44
SXXP Index;10.06.2021;454.56
SXXP Index;11.06.2021;457.51
SXXP Index;12.06.2021;457.51
SXXP Index;13.06.2021;457.51
SXXP Index;14.06.2021;458.32
SXXP Index;15.06.2021;458.81
SXXP Index;16.06.2021;459.86
SXXP Index;17.06.2021;459.33
SXXP Index;18.06.2021;452.05
SXXP Index;19.06.2021;452.05
SXXP Index;20.06.2021;452.05
SXXP Index;21.06.2021;455.23
SXXP Index;22.06.2021;456.42
SXXP Index;23.06.2021;453.10
SXXP Index;24.06.2021;457.04
SXXP Index;25.06.2021;457.63
SXXP Index;26.06.2021;457.63
SXXP Index;27.06.2021;457.63
SXXP Index;28.06.2021;454.94
SXXP Index;29.06.2021;456.37
SXXP Index;30.06.2021;452.84
SXXP Index;01.07.2021;455.63
SXXP Index;02.07.2021;456.81
SXXP Index;03.07.2021;456.81
SXXP Index;04.07.2021;456.81
SXXP Index;05.07.2021;458.36
SXXP Index;06.07.2021;455.98
SXXP Index;07.07.2021;459.53
SXXP Index;08.07.2021;451.61
SXXP Index;09.07.2021;457.67
SXXP Index;10.07.2021;457.67
SXXP Index;11.07.2021;457.67
SXXP Index;12.07.2021;460.83
SXXP Index;13.07.2021;460.96
SXXP Index;14.07.2021;460.56
SXXP Index;15.07.2021;456.20
SXXP Index;16.07.2021;454.74
SXXP Index;17.07.2021;454.74
SXXP Index;18.07.2021;454.74
SXXP Index;19.07.2021;444.29
SXXP Index;20.07.2021;446.61
SXXP Index;21.07.2021;453.97
SXXP Index;22.07.2021;456.53
SXXP Index;23.07.2021;461.51
SXXP Index;24.07.2021;461.51
SXXP Index;25.07.2021;461.51
SXXP Index;26.07.2021;461.14
SXXP Index;27.07.2021;458.65
SXXP Index;28.07.2021;461.70
SXXP Index;29.07.2021;463.84
SXXP Index;30.07.2021;461.74
SXXP Index;31.07.2021;461.74
SXXP Index;01.08.2021;461.74
SXXP Index;02.08.2021;464.45
SXXP Index;03.08.2021;465.38
SXXP Index;04.08.2021;468.22
SXXP Index;05.08.2021;469.96
SXXP Index;06.08.2021;469.97
SXXP Index;07.08.2021;469.97
SXXP Index;08.08.2021;469.97
SXXP Index;09.08.2021;470.68
SXXP Index;10.08.2021;472.32
SXXP Index;11.08.2021;474.32
SXXP Index;12.08.2021;474.84
SXXP Index;13.08.2021;475.83
SXXP Index;14.08.2021;475.83
SXXP Index;15.08.2021;475.83
SXXP Index;16.08.2021;473.45
SXXP Index;17.08.2021;473.78
SXXP Index;18.08.2021;474.42
SXXP Index;19.08.2021;467.24
SXXP Index;20.08.2021;468.80
SXXP Index;21.08.2021;468.80
SXXP Index;22.08.2021;468.80
SXXP Index;23.08.2021;471.88
SXXP Index;24.08.2021;471.79
SXXP Index;25.08.2021;471.84
SXXP Index;26.08.2021;470.34
SXXP Index;27.08.2021;472.34
SXXP Index;28.08.2021;472.34
SXXP Index;29.08.2021;472.34
SXXP Index;30.08.2021;472.68
SXXP Index;31.08.2021;470.88
SXXP Index;01.09.2021;473.12
SXXP Index;02.09.2021;474.60
SXXP Index;03.09.2021;471.93
SXXP Index;04.09.2021;471.93
SXXP Index;05.09.2021;471.93
SXXP Index;06.09.2021;475.19
SXXP Index;07.09.2021;472.87
SXXP Index;08.09.2021;467.87
SXXP Index;09.09.2021;467.57
SXXP Index;10.09.2021;466.34
SXXP Index;11.09.2021;466.34
SXXP Index;12.09.2021;466.34
SXXP Index;13.09.2021;467.69
SXXP Index;14.09.2021;467.65
SXXP Index;15.09.2021;463.91
SXXP Index;16.09.2021;465.95
SXXP Index;17.09.2021;461.84
SXXP Index;18.09.2021;461.84
SXXP Index;19.09.2021;461.84
SXXP Index;20.09.2021;454.12
SXXP Index;21.09.2021;458.68
SXXP Index;22.09.2021;463.20
SXXP Index;23.09.2021;467.50
SXXP Index;24.09.2021;463.29
SXXP Index;25.09.2021;463.29
SXXP Index;26.09.2021;463.29
SXXP Index;27.09.2021;462.42
SXXP Index;28.09.2021;452.35
SXXP Index;29.09.2021;455.03
SXXP Index;30.09.2021;454.81
SXXP Index;01.10.2021;452.90
SXXP Index;02.10.2021;452.90
SXXP Index;03.10.2021;452.90
SXXP Index;04.10.2021;450.77
SXXP Index;05.10.2021;456.03
SXXP Index;06.10.2021;451.33
SXXP Index;07.10.2021;458.57
SXXP Index;08.10.2021;457.29
SXXP Index;09.10.2021;457.29
SXXP Index;10.10.2021;457.29
SXXP Index;11.10.2021;457.53
SXXP Index;12.10.2021;457.21
SXXP Index;13.10.2021;460.39
SXXP Index;14.10.2021;465.92
SXXP Index;15.10.2021;469.39
SXXP Index;16.10.2021;469.39
SXXP Index;17.10.2021;469.39
SXXP Index;18.10.2021;467.04
SXXP Index;19.10.2021;468.58
SXXP Index;20.10.2021;470.07
SXXP Index;21.10.2021;469.71
SXXP Index;22.10.2021;471.88
SXXP Index;23.10.2021;471.88
SXXP Index;24.10.2021;471.88
SXXP Index;25.10.2021;472.21
SXXP Index;26.10.2021;475.74
SXXP Index;27.10.2021;474.04
SXXP Index;28.10.2021;475.16
SXXP Index;29.10.2021;475.51
SXXP Index;30.10.2021;475.51
SXXP Index;31.10.2021;475.51
SXXP Index;01.11.2021;478.87
SXXP Index;02.11.2021;479.53
SXXP Index;03.11.2021;481.22
SXXP Index;04.11.2021;483.21
SXXP Index;05.11.2021;483.44
SXXP Index;06.11.2021;483.44
SXXP Index;07.11.2021;483.44
SXXP Index;08.11.2021;483.61
SXXP Index;09.11.2021;482.71
SXXP Index;10.11.2021;483.76
SXXP Index;11.11.2021;485.29
SXXP Index;12.11.2021;486.75
SXXP Index;13.11.2021;486.75
SXXP Index;14.11.2021;486.75
SXXP Index;15.11.2021;488.43
SXXP Index;16.11.2021;489.27
SXXP Index;17.11.2021;489.95
SXXP Index;18.11.2021;487.70
SXXP Index;19.11.2021;486.08
SXXP Index;20.11.2021;486.08
SXXP Index;21.11.2021;486.08
SXXP Index;22.11.2021;485.46
SXXP Index;23.11.2021;479.25
SXXP Index;24.11.2021;479.69
SXXP Index;25.11.2021;481.72
SXXP Index;26.11.2021;464.05
SXXP Index;27.11.2021;464.05
SXXP Index;28.11.2021;464.05
SXXP Index;29.11.2021;467.24
SXXP Index;30.11.2021;462.96
SXXP Index;01.12.2021;470.86
SXXP Index;02.12.2021;465.44
SXXP Index;03.12.2021;462.77
SXXP Index;04.12.2021;462.77
SXXP Index;05.12.2021;462.77
SXXP Index;06.12.2021;468.71
SXXP Index;07.12.2021;480.18
SXXP Index;08.12.2021;477.36
SXXP Index;09.12.2021;476.99
SXXP Index;10.12.2021;475.56
SXXP Index;11.12.2021;475.56
SXXP Index;12.12.2021;475.56
SXXP Index;13.12.2021;473.53
SXXP Index;14.12.2021;469.56
SXXP Index;15.12.2021;470.76
SXXP Index;16.12.2021;476.56
SXXP Index;17.12.2021;473.90
SXXP Index;18.12.2021;473.90
SXXP Index;19.12.2021;473.90
SXXP Index;20.12.2021;467.35
SXXP Index;21.12.2021;473.99
SXXP Index;22.12.2021;478.36
SXXP Index;23.12.2021;483.01
SXXP Index;24.12.2021;482.51
SXXP Index;25.12.2021;482.51
SXXP Index;26.12.2021;482.51
SXXP Index;27.12.2021;485.49
SXXP Index;28.12.2021;488.50
SXXP Index;29.12.2021;487.98
SXXP Index;30.12.2021;488.71
SXXP Index;31.12.2021;487.80
SXXP Index;01.01.2022;487.80
SXXP Index;02.01.2022;487.80
SXXP Index;03.01.2022;489.99
SXXP Index;04.01.2022;494.02
SXXP Index;05.01.2022;494.35
SXXP Index;06.01.2022;488.16
SXXP Index;07.01.2022;486.25
SXXP Index;08.01.2022;486.25
SXXP Index;09.01.2022;486.25
SXXP Index;10.01.2022;479.04
SXXP Index;11.01.2022;483.08
SXXP Index;12.01.2022;486.20
SXXP Index;13.01.2022;486.05
SXXP Index;14.01.2022;481.16
SXXP Index;15.01.2022;481.16
SXXP Index;16.01.2022;481.16
SXXP Index;17.01.2022;484.51
SXXP Index;18.01.2022;479.79
SXXP Index;19.01.2022;480.90
SXXP Index;20.01.2022;483.35
SXXP Index;21.01.2022;474.44
SXXP Index;22.01.2022;474.44
SXXP Index;23.01.2022;474.44
SXXP Index;24.01.2022;456.36
SXXP Index;25.01.2022;459.59
SXXP Index;26.01.2022;467.31
SXXP Index;27.01.2022;470.33
SXXP Index;28.01.2022;465.55
SXXP Index;29.01.2022;465.55
SXXP Index;30.01.2022;465.55
SXXP Index;31.01.2022;468.88
SXXP Index;01.02.2022;474.86
SXXP Index;02.02.2022;477.01
SXXP Index;03.02.2022;468.63
SXXP Index;04.02.2022;462.15
SXXP Index;05.02.2022;462.15
SXXP Index;06.02.2022;462.15
SXXP Index;07.02.2022;465.28
SXXP Index;08.02.2022;465.34
SXXP Index;09.02.2022;473.33
SXXP Index;10.02.2022;472.35
SXXP Index;11.02.2022;469.57
SXXP Index;12.02.2022;469.57
SXXP Index;13.02.2022;469.57
SXXP Index;14.02.2022;460.96
SXXP Index;15.02.2022;467.56
SXXP Index;16.02.2022;467.77
SXXP Index;17.02.2022;464.55
SXXP Index;18.02.2022;460.81
SXXP Index;19.02.2022;460.81
SXXP Index;20.02.2022;460.81
SXXP Index;21.02.2022;454.81
SXXP Index;22.02.2022;455.12
SXXP Index;23.02.2022;453.86
SXXP Index;24.02.2022;438.96
SXXP Index;25.02.2022;453.53
SXXP Index;26.02.2022;453.53
SXXP Index;27.02.2022;453.53
SXXP Index;28.02.2022;453.11
SXXP Index;01.03.2022;442.37
SXXP Index;02.03.2022;446.33
SXXP Index;03.03.2022;437.36
SXXP Index;04.03.2022;421.78
SXXP Index;05.03.2022;421.78
SXXP Index;06.03.2022;421.78
SXXP Index;07.03.2022;417.13
SXXP Index;08.03.2022;415.01
SXXP Index;09.03.2022;434.45
SXXP Index;10.03.2022;427.12
SXXP Index;11.03.2022;431.17
SXXP Index;12.03.2022;431.17
SXXP Index;13.03.2022;431.17
SXXP Index;14.03.2022;436.35
SXXP Index;15.03.2022;435.12
SXXP Index;16.03.2022;448.45
SXXP Index;17.03.2022;450.49
SXXP Index;18.03.2022;454.60
SXXP Index;19.03.2022;454.60
SXXP Index;20.03.2022;454.60
SXXP Index;21.03.2022;454.79
SXXP Index;22.03.2022;458.65
SXXP Index;23.03.2022;454.03
SXXP Index;24.03.2022;453.07
SXXP Index;25.03.2022;453.55
