"Event ID";AR(-5);AR(-4);AR(-3);AR(-2);AR(-1);AR(0);AR(1);AR(2);AR(3);AR(4);AR(5);t-value(-5);t-value(-4);t-value(-3);t-value(-2);t-value(-1);t-value(0);t-value(1);t-value(2);t-value(3);t-value(4);t-value(5);p-value(-5);p-value(-4);p-value(-3);p-value(-2);p-value(-1);p-value(0);p-value(1);p-value(2);p-value(3);p-value(4);p-value(5);"Permutation Test p-value(-5)";"Permutation Test p-value(-4)";"Permutation Test p-value(-3)";"Permutation Test p-value(-2)";"Permutation Test p-value(-1)";"Permutation Test p-value(0)";"Permutation Test p-value(1)";"Permutation Test p-value(2)";"Permutation Test p-value(3)";"Permutation Test p-value(4)";"Permutation Test p-value(5)"
10001;-0.0011;-0.0011;-0.0143;0.0095;-0.0592;0.0394;-0.0301;-0.0011;-0.0011;0.0006;0.0113;;;;;;;;;;;;;;;;;;;;;;;;;;;;;;;;;
10002;0.0006;0.0006;-0.0055;-0.0157;0.0082;-0.0422;-0.0185;0.0006;0.0006;-0.0169;0.0027;;;;;;;;;;;;;;;;;;;;;;;;;;;;;;;;;
10003;-0.0004;-0.0004;0.0057;0.0073;0.0121;0.0241;-0.0177;-0.0004;-0.0004;0.0045;0.0276;;;;;;;;;;;;;;;;;;;;;;;;;;;;;;;;;
10004;0.0037;0.0037;0.0025;0.0104;-0.0125;0.0155;-0.0352;0.0037;0.0037;0.0206;-0.0002;;;;;;;;;;;;;;;;;;;;;;;;;;;;;;;;;
10005;0.0013;0.0013;-0.0066;-0.019;0.0234;0.0041;0.0183;0.0013;0.0013;0.021;-0.016;;;;;;;;;;;;;;;;;;;;;;;;;;;;;;;;;
10006;0.0007;0.0007;-0.0077;-0.0072;0.0015;0.0128;-0.0168;0.0007;0.0007;-0.0033;-0.0052;;;;;;;;;;;;;;;;;;;;;;;;;;;;;;;;;
10007;-0.0018;-0.0018;0.0339;-0.0036;-0.011;0.0684;-0.0212;-0.0018;-0.0018;0.0268;0.0732;;;;;;;;;;;;;;;;;;;;;;;;;;;;;;;;;
10008;-0.0007;-0.0007;0.0085;-0.0065;0.0132;0.0002;-0.0198;-0.0007;-0.0007;-0.022;-0.0185;;;;;;;;;;;;;;;;;;;;;;;;;;;;;;;;;
10009;-0.0003;-0.0003;-0.0011;-0.0001;-0.0093;0.0243;-0.0193;-0.0003;-0.0003;0.021;0.02;;;;;;;;;;;;;;;;;;;;;;;;;;;;;;;;;
10010;0.0003;0.0003;0.0215;-0.0517;0.004;-0.0489;-0.0193;0.0003;0.0003;-0.0065;-0.0172;;;;;;;;;;;;;;;;;;;;;;;;;;;;;;;;;
10011;-0.0005;-0.0005;0.0201;0.0033;0.0013;-0.0062;0.0091;-0.0005;-0.0005;-0.0163;-0.0472;;;;;;;;;;;;;;;;;;;;;;;;;;;;;;;;;
10012;-0.0013;-0.0013;-0.0156;-0.0013;0.0147;0.0141;0.0385;-0.0013;-0.0013;-0.0553;-0.0249;;;;;;;;;;;;;;;;;;;;;;;;;;;;;;;;;
10013;-0.0005;-0.0005;-0.0144;0.0046;0.0062;-0.0226;-0.0097;-0.0005;-0.0005;-0.0216;-0.0651;;;;;;;;;;;;;;;;;;;;;;;;;;;;;;;;;
10014;-0.0004;-0.0004;0.0038;-0.0034;-0.01;-0.0199;-0.0029;-0.0004;-0.0004;-0.0236;-0.0435;;;;;;;;;;;;;;;;;;;;;;;;;;;;;;;;;
10015;-0.0007;-0.0007;-0.0089;-0.0036;-0.0081;-0.0432;-0.0079;-0.0007;-0.0007;-0.0502;-0.064;;;;;;;;;;;;;;;;;;;;;;;;;;;;;;;;;
10016;-0.0012;-0.0012;-0.016;-0.0135;0.0037;-0.0192;0.0262;-0.0012;-0.0012;-0.0019;-0.0103;;;;;;;;;;;;;;;;;;;;;;;;;;;;;;;;;
10017;0.0001;0.0001;-0.0051;-0.0097;0.0148;-0.0108;0.0033;0.0001;0.0001;0;0.0056;;;;;;;;;;;;;;;;;;;;;;;;;;;;;;;;;
10018;-0.0004;-0.0004;-0.0274;0.0054;0.0053;0.0054;0.0091;-0.0004;-0.0004;0.021;-0.0051;;;;;;;;;;;;;;;;;;;;;;;;;;;;;;;;;
10019;0.0007;0.0007;-0.0014;0.0475;-0.0224;0.064;-0.0351;0.0007;0.0007;0.0279;0.0205;;;;;;;;;;;;;;;;;;;;;;;;;;;;;;;;;
10020;0.0046;0.0046;0.009;0.0377;-0.0239;0.1191;0.0084;0.0046;0.0046;0.108;0.0266;;;;;;;;;;;;;;;;;;;;;;;;;;;;;;;;;
10021;0.0002;0.0002;0.0062;-0.0148;0.0027;-0.013;-0.0158;0.0002;0.0002;-0.0112;-0.0202;;;;;;;;;;;;;;;;;;;;;;;;;;;;;;;;;
10022;-0.0002;-0.0002;0.0073;0.0022;0.0139;-0.0269;0.0039;-0.0002;-0.0002;0.01;0.0089;;;;;;;;;;;;;;;;;;;;;;;;;;;;;;;;;
10023;-0.0012;-0.0012;0.0111;-0.0081;-0.0258;-0.0002;-0.0121;-0.0012;-0.0012;-0.0016;-0.0311;;;;;;;;;;;;;;;;;;;;;;;;;;;;;;;;;
10024;0.0013;0.0013;0.0031;-0.0128;-0.0186;0.0078;-0.0231;0.0013;0.0013;-0.006;-0.005;;;;;;;;;;;;;;;;;;;;;;;;;;;;;;;;;
10025;0.0029;0.0029;0.0291;0.0106;-0.0223;0.0838;-0.0599;0.0029;0.0029;0.0331;0.0088;;;;;;;;;;;;;;;;;;;;;;;;;;;;;;;;;
10026;0.0013;0.0013;-0.0034;-0.0006;0.0316;-0.0048;0.0429;0.0013;0.0013;-0.0101;-0.0126;;;;;;;;;;;;;;;;;;;;;;;;;;;;;;;;;
10027;-0.0004;-0.0004;0.0105;-0.0071;-0.0343;0.0123;0.0082;-0.0004;-0.0004;0.0004;-0.0111;;;;;;;;;;;;;;;;;;;;;;;;;;;;;;;;;
10028;0.0034;0.0034;0.0046;0.003;-0.0168;0.0251;-0.0306;0.0034;0.0034;0.0124;-0.0227;;;;;;;;;;;;;;;;;;;;;;;;;;;;;;;;;
10029;0.0019;0.0019;-0.0079;0.0229;0.003;0.0326;-0.0094;0.0019;0.0019;0.0544;0.0366;;;;;;;;;;;;;;;;;;;;;;;;;;;;;;;;;
10030;0.0066;0.0066;0.0312;0.0386;-0.0373;0.0529;-0.0154;0.0066;0.0066;0.0456;-0.0355;;;;;;;;;;;;;;;;;;;;;;;;;;;;;;;;;
10031;-0.0009;-0.0009;-0.0073;-0.0058;-0.0003;-0.033;0.0102;-0.0009;-0.0009;-0.0268;-0.0287;;;;;;;;;;;;;;;;;;;;;;;;;;;;;;;;;
10032;-0.0007;-0.0007;-0.0043;-0.0073;0.0414;-0.022;0.0318;-0.0007;-0.0007;-0.0246;-0.0187;;;;;;;;;;;;;;;;;;;;;;;;;;;;;;;;;
10033;0.0014;0.0014;-0.0082;0.0139;-0.0038;0.0415;-0.0174;0.0014;0.0014;0.026;0.0338;;;;;;;;;;;;;;;;;;;;;;;;;;;;;;;;;
10034;0;0;-0.0164;-0.0019;0.0144;0.0026;-0.0038;0;0;0.0055;0.0149;;;;;;;;;;;;;;;;;;;;;;;;;;;;;;;;;
10035;-0.0003;-0.0003;-0.0039;0.0158;0.0031;0.0095;0.0084;-0.0003;-0.0003;-0.0076;-0.0588;;;;;;;;;;;;;;;;;;;;;;;;;;;;;;;;;
10036;-0.0009;-0.0009;-0.0124;0;0.0182;-0.0475;0.0087;-0.0009;-0.0009;-0.0179;-0.0111;;;;;;;;;;;;;;;;;;;;;;;;;;;;;;;;;
10037;0.0016;0.0016;0.0324;0.0392;-0.0011;0.1102;-0.077;0.0016;0.0016;0.0184;0.1125;;;;;;;;;;;;;;;;;;;;;;;;;;;;;;;;;
10038;0.0001;0.0001;-0.0224;-0.0035;0.0073;-0.0173;0.003;0.0001;0.0001;-0.0225;-0.001;;;;;;;;;;;;;;;;;;;;;;;;;;;;;;;;;
10039;0;0;0.0124;0.0025;-0.0002;0.026;-0.0163;0;0;0.0168;0.0225;;;;;;;;;;;;;;;;;;;;;;;;;;;;;;;;;
10040;0.003;0.003;-0.0286;0.0463;-0.0662;-0.1359;0.0203;0.003;0.003;0.1233;-0.0191;;;;;;;;;;;;;;;;;;;;;;;;;;;;;;;;;
10041;0.0016;0.0016;0.0021;0.0188;0.0004;0.0529;-0.008;0.0016;0.0016;0.0271;0.0118;;;;;;;;;;;;;;;;;;;;;;;;;;;;;;;;;
10042;0.0043;0.0043;0.0207;0.0553;0.0052;0.07;-0.0121;0.0043;0.0043;0.0392;0.0522;;;;;;;;;;;;;;;;;;;;;;;;;;;;;;;;;
10043;0.0011;0.0011;-0.0074;0.0361;0.0029;0.0179;0.0092;0.0011;0.0011;0.0256;0.0278;;;;;;;;;;;;;;;;;;;;;;;;;;;;;;;;;
10044;0.0026;0.0026;-0.0136;0.022;-0.0099;0.042;-0.1363;0.0026;0.0026;-0.0219;0.0029;;;;;;;;;;;;;;;;;;;;;;;;;;;;;;;;;
10045;-0.0003;-0.0003;0.0094;-0.0083;0.0079;0.004;-0.0044;-0.0003;-0.0003;0.0171;-0.0012;;;;;;;;;;;;;;;;;;;;;;;;;;;;;;;;;
10046;0.0014;0.0014;-0.0281;-0.0067;-0.0252;-0.0248;0.009;0.0014;0.0014;-0.0105;-0.0434;;;;;;;;;;;;;;;;;;;;;;;;;;;;;;;;;
10047;-0.0012;-0.0012;-0.0176;-0.0102;-0.0001;-0.0038;0.0073;-0.0012;-0.0012;-0.0206;-0.0193;;;;;;;;;;;;;;;;;;;;;;;;;;;;;;;;;
10048;0.0029;0.0029;-0.0381;0.0653;-0.0145;0.059;0.0071;0.0029;0.0029;0.0989;-0.0251;;;;;;;;;;;;;;;;;;;;;;;;;;;;;;;;;
10049;0.0013;0.0013;0.0048;0.0023;0.0261;0.0578;-0.0156;0.0013;0.0013;0.0301;0.0151;;;;;;;;;;;;;;;;;;;;;;;;;;;;;;;;;
10050;-0.0001;-0.0001;0.0093;-0.0221;-0.0044;0.014;-0.0468;-0.0001;-0.0001;-0.0038;-0.009;;;;;;;;;;;;;;;;;;;;;;;;;;;;;;;;;
10051;-0.0001;-0.0001;0.0037;0.0011;-0.0111;0.0158;-0.0219;-0.0001;-0.0001;0.0083;-0.003;;;;;;;;;;;;;;;;;;;;;;;;;;;;;;;;;
10052;0.0007;0.0007;-0.0003;-0.0162;0.003;-0.0214;0.0079;0.0007;0.0007;-0.015;-0.0273;;;;;;;;;;;;;;;;;;;;;;;;;;;;;;;;;
10053;0.0004;0.0004;0.0024;-0.0089;-0.0202;0.0706;0.0234;0.0004;0.0004;0.0411;-0.0174;;;;;;;;;;;;;;;;;;;;;;;;;;;;;;;;;
10054;0;0;-0.0068;-0.0221;-0.0092;0.0032;-0.0335;0;0;-0.023;-0.0148;;;;;;;;;;;;;;;;;;;;;;;;;;;;;;;;;
10055;0.0008;0.0008;0.0183;0.005;0.0277;0.0067;-0.0045;0.0008;0.0008;0.056;0.0756;;;;;;;;;;;;;;;;;;;;;;;;;;;;;;;;;
10056;0.0012;0.0012;0.0147;-0.0259;0.0085;0.0026;-0.0027;0.0012;0.0012;0.0038;0.0074;;;;;;;;;;;;;;;;;;;;;;;;;;;;;;;;;
10057;0.0001;0.0001;-0.0099;0.0113;-0.0118;0.0592;-0.0006;0.0001;0.0001;0.0001;0.0521;;;;;;;;;;;;;;;;;;;;;;;;;;;;;;;;;
10058;0.0015;0.0015;-0.0023;0.0279;-0.0739;0.0521;-0.0026;0.0015;0.0015;0.0464;0.0037;;;;;;;;;;;;;;;;;;;;;;;;;;;;;;;;;
10059;0.0014;0.0014;-0.0101;0.0248;0.006;0.0501;-0.003;0.0014;0.0014;0.0196;0.0073;;;;;;;;;;;;;;;;;;;;;;;;;;;;;;;;;
10060;-0.0006;-0.0006;-0.0125;-0.0122;0.0157;-0.0419;0.0095;-0.0006;-0.0006;-0.0319;-0.0282;;;;;;;;;;;;;;;;;;;;;;;;;;;;;;;;;
10061;0.0001;0.0001;-0.0242;0.007;0;-0.0086;-0.0154;0.0001;0.0001;0;0.0252;;;;;;;;;;;;;;;;;;;;;;;;;;;;;;;;;
10062;0.0007;0.0007;-0.0031;0.0111;0.0052;-0.0234;0.0273;0.0007;0.0007;0.0144;-0.0279;;;;;;;;;;;;;;;;;;;;;;;;;;;;;;;;;
10063;0.0012;0.0012;0.0073;0.007;-0.0037;0.0275;-0.0099;0.0012;0.0012;0.0114;0.0022;;;;;;;;;;;;;;;;;;;;;;;;;;;;;;;;;
10064;-0.001;-0.001;0.0043;-0.0064;0.0066;0.0288;0.0013;-0.001;-0.001;-0.0077;-0.0109;;;;;;;;;;;;;;;;;;;;;;;;;;;;;;;;;
10065;-0.0002;-0.0002;0.0112;-0.0033;-0.0105;0.001;0.0163;-0.0002;-0.0002;-0.0085;-0.0117;;;;;;;;;;;;;;;;;;;;;;;;;;;;;;;;;
10066;0.0026;0.0026;0.0096;-0.0125;-0.026;0.0213;0.001;0.0026;0.0026;0.0299;-0.1921;;;;;;;;;;;;;;;;;;;;;;;;;;;;;;;;;
10067;-0.0006;-0.0006;0.0013;0.0094;0.0021;0.0271;-0.0003;-0.0006;-0.0006;0.0156;0.026;;;;;;;;;;;;;;;;;;;;;;;;;;;;;;;;;
10068;0.0091;0.0091;0.0294;0.0607;0.0477;0.0478;-0.0033;0.0091;0.0091;0.0521;0.1157;;;;;;;;;;;;;;;;;;;;;;;;;;;;;;;;;
10069;-0.0009;-0.0009;0.0044;0.0029;0.0044;-0.0326;0.0017;-0.0009;-0.0009;-0.0047;-0.0096;;;;;;;;;;;;;;;;;;;;;;;;;;;;;;;;;
10070;0.0003;0.0003;-0.0009;-0.0041;-0.0195;0.0458;-0.0345;0.0003;0.0003;-0.0031;-0.0513;;;;;;;;;;;;;;;;;;;;;;;;;;;;;;;;;
10071;-0.0009;-0.0009;-0.0053;0.0003;0.0049;0.0023;-0.0081;-0.0009;-0.0009;0.0086;0.0113;;;;;;;;;;;;;;;;;;;;;;;;;;;;;;;;;
10072;0.0021;0.0021;-0.0036;0.0227;-0.0127;0.0406;-0.027;0.0021;0.0021;-0.0011;0.0037;;;;;;;;;;;;;;;;;;;;;;;;;;;;;;;;;
10073;0.0017;0.0017;-0.0002;0.0281;-0.0123;0.0258;-0.023;0.0017;0.0017;0.0319;0.0018;;;;;;;;;;;;;;;;;;;;;;;;;;;;;;;;;
10074;0.0002;0.0002;0.05;-0.0169;0.0006;-0.024;0.0175;0.0002;0.0002;0.0117;0.0389;;;;;;;;;;;;;;;;;;;;;;;;;;;;;;;;;
10075;-0.0001;-0.0001;-0.0037;-0.0003;0.0135;0.0609;0.0154;-0.0001;-0.0001;0.1017;0.0474;;;;;;;;;;;;;;;;;;;;;;;;;;;;;;;;;
10076;0.0005;0.0005;-0.0158;-0.0135;0.0019;-0.006;-0.0012;0.0005;0.0005;-0.012;-0.0045;;;;;;;;;;;;;;;;;;;;;;;;;;;;;;;;;
10077;0.001;0.001;0.0232;-0.0843;0.0376;0.0007;-0.0097;0.001;0.001;-0.0023;0.0348;;;;;;;;;;;;;;;;;;;;;;;;;;;;;;;;;
10078;0.0001;0.0001;-0.0212;0.0362;-0.0203;0.0181;-0.0052;0.0001;0.0001;0.0234;0.0017;;;;;;;;;;;;;;;;;;;;;;;;;;;;;;;;;
10079;-0.0013;-0.0013;0.0016;-0.0073;0.0046;0.0021;-0.0194;-0.0013;-0.0013;0.0116;-0.0057;;;;;;;;;;;;;;;;;;;;;;;;;;;;;;;;;
10080;-0.0019;-0.0019;-0.0069;-0.0083;-0.0367;-0.0515;-0.0159;-0.0019;-0.0019;-0.0233;-0.0456;;;;;;;;;;;;;;;;;;;;;;;;;;;;;;;;;
10081;0.0039;0.0039;0.012;0.0333;0.0188;0.0526;-0.0142;0.0039;0.0039;0.0361;0.0502;;;;;;;;;;;;;;;;;;;;;;;;;;;;;;;;;
10082;-0.0004;-0.0004;0.0208;-0.01;0.0334;-0.0465;0.0032;-0.0004;-0.0004;-0.0262;-0.0211;;;;;;;;;;;;;;;;;;;;;;;;;;;;;;;;;
10083;0.0001;0.0001;0.0028;-0.0067;0.0136;0.0001;0.0037;0.0001;0.0001;0.0162;0.0385;;;;;;;;;;;;;;;;;;;;;;;;;;;;;;;;;
10084;-0.0005;-0.0005;-0.006;-0.0136;-0.0042;-0.0303;-0.0407;-0.0005;-0.0005;-0.0193;-0.0436;;;;;;;;;;;;;;;;;;;;;;;;;;;;;;;;;
10085;-0.0022;-0.0022;-0.0107;0.0008;0.0024;-0.0463;0.0199;-0.0022;-0.0022;-0.0236;-0.0012;;;;;;;;;;;;;;;;;;;;;;;;;;;;;;;;;
10086;-0.001;-0.001;-0.0085;-0.0133;0.0115;-0.0192;0.0164;-0.001;-0.001;-0.0265;0.0265;;;;;;;;;;;;;;;;;;;;;;;;;;;;;;;;;
10087;-0.0005;-0.0005;0.0053;-0.0047;-0.0022;0.0237;-0.0059;-0.0005;-0.0005;0.0181;0.0097;;;;;;;;;;;;;;;;;;;;;;;;;;;;;;;;;
10088;-0.0003;-0.0003;-0.0011;0.0025;0.0047;-0.0257;-0.0119;-0.0003;-0.0003;-0.0272;-0.0131;;;;;;;;;;;;;;;;;;;;;;;;;;;;;;;;;
10089;0.0018;0.0018;0.0031;-0.0025;-0.003;0.016;-0.0177;0.0018;0.0018;0.0257;0.0162;;;;;;;;;;;;;;;;;;;;;;;;;;;;;;;;;
10090;0.0005;0.0005;0.0048;0.017;0.0157;0.0272;-0.0296;0.0005;0.0005;0.0104;0.0379;;;;;;;;;;;;;;;;;;;;;;;;;;;;;;;;;
10091;0.0005;0.0005;-0.0108;-0.0339;0.0212;-0.0112;0.0259;0.0005;0.0005;0.0092;0.0388;;;;;;;;;;;;;;;;;;;;;;;;;;;;;;;;;
10092;0.002;0.002;0.0003;0.0504;-0.0117;0.0408;-0.0187;0.002;0.002;0.025;0.0168;;;;;;;;;;;;;;;;;;;;;;;;;;;;;;;;;
10093;-0.0007;-0.0007;-0.0513;0.0304;0.0101;0.0421;-0.0283;-0.0007;-0.0007;0.0063;0.0277;;;;;;;;;;;;;;;;;;;;;;;;;;;;;;;;;
10094;-0.002;-0.002;0.0155;-0.0007;-0.0157;-0.048;0.0091;-0.002;-0.002;-0.0288;-0.0141;;;;;;;;;;;;;;;;;;;;;;;;;;;;;;;;;
10095;-0.0002;-0.0002;0.0007;-0.0078;0.0145;-0.0613;0.0158;-0.0002;-0.0002;-0.0267;-0.0021;;;;;;;;;;;;;;;;;;;;;;;;;;;;;;;;;
10096;0.0019;0.0019;-0.0143;0.0103;0.0022;0.0232;-0.0159;0.0019;0.0019;-0.0129;0.0019;;;;;;;;;;;;;;;;;;;;;;;;;;;;;;;;;
10097;-0.0002;-0.0002;-0.0073;-0.0103;0.004;-0.0278;0.0004;-0.0002;-0.0002;0.024;-0.0201;;;;;;;;;;;;;;;;;;;;;;;;;;;;;;;;;
10098;-0.0022;-0.0022;-0.0127;-0.0208;-0.0448;-0.0172;0.017;-0.0022;-0.0022;0.0124;-0.026;;;;;;;;;;;;;;;;;;;;;;;;;;;;;;;;;
10099;0.0003;0.0003;0.0094;0.0028;-0.0083;-0.0006;-0.0335;0.0003;0.0003;0.0333;-0.0166;;;;;;;;;;;;;;;;;;;;;;;;;;;;;;;;;
10100;-0.0012;-0.0012;-0.0126;-0.0108;-0.0142;-0.0314;0.0011;-0.0012;-0.0012;-0.0277;-0.0528;;;;;;;;;;;;;;;;;;;;;;;;;;;;;;;;;
10101;-0.0007;-0.0007;0.0005;-0.0044;-0.0142;-0.0192;0.0152;-0.0007;-0.0007;0.0032;-0.012;;;;;;;;;;;;;;;;;;;;;;;;;;;;;;;;;
10102;0.0003;0.0003;0.0202;0.0071;-0.0214;0.0013;-0.0106;0.0003;0.0003;0.0444;0.0179;;;;;;;;;;;;;;;;;;;;;;;;;;;;;;;;;
10103;-0.0007;-0.0007;-0.0187;-0.0163;0.01;-0.0378;-0.0029;-0.0007;-0.0007;-0.0164;-0.0215;;;;;;;;;;;;;;;;;;;;;;;;;;;;;;;;;
10104;0.0003;0.0003;-0.0027;-0.014;0.0396;-0.0308;0.0199;0.0003;0.0003;-0.0302;-0.0011;;;;;;;;;;;;;;;;;;;;;;;;;;;;;;;;;
10105;-0.001;-0.001;-0.0011;-0.0081;-0.0167;-0.0436;-0.0057;-0.001;-0.001;-0.0776;-0.0461;;;;;;;;;;;;;;;;;;;;;;;;;;;;;;;;;
10106;0.0006;0.0006;-0.016;0.0013;-0.0025;-0.03;0.0214;0.0006;0.0006;-0.0032;0.0022;;;;;;;;;;;;;;;;;;;;;;;;;;;;;;;;;
10107;-0.0006;-0.0006;0.0077;0.0071;-0.0065;0.0136;-0.0124;-0.0006;-0.0006;0.0768;-0.0037;;;;;;;;;;;;;;;;;;;;;;;;;;;;;;;;;
10108;0.0004;0.0004;0.0066;-0.0109;-0.0029;-0.0129;-0.0049;0.0004;0.0004;-0.0073;-0.0156;;;;;;;;;;;;;;;;;;;;;;;;;;;;;;;;;
10109;-0.0013;-0.0013;-0.0016;0.0016;0.0083;0.0373;0.0118;-0.0013;-0.0013;0.0069;0.0459;;;;;;;;;;;;;;;;;;;;;;;;;;;;;;;;;
10110;-0.0006;-0.0006;0.0063;-0.0137;0.0034;-0.0201;0.0097;-0.0006;-0.0006;-0.0159;-0.0267;;;;;;;;;;;;;;;;;;;;;;;;;;;;;;;;;
10111;-0.0012;-0.0012;0.0092;-0.0085;-0.0085;-0.0076;-0.0114;-0.0012;-0.0012;-0.0384;0.0155;;;;;;;;;;;;;;;;;;;;;;;;;;;;;;;;;
10112;0.0017;0.0017;0.0066;-0.0039;-0.0252;-0.0153;-0.0072;0.0017;0.0017;0.008;-0.0542;;;;;;;;;;;;;;;;;;;;;;;;;;;;;;;;;
10113;-0.0005;-0.0005;0.01;0.0062;0.0114;-0.0462;-0.0136;-0.0005;-0.0005;-0.0038;-0.0041;;;;;;;;;;;;;;;;;;;;;;;;;;;;;;;;;
10114;-0.0029;-0.0029;-0.0158;0.005;0.0126;-0.0182;-0.0215;-0.0029;-0.0029;-0.0242;0.0069;;;;;;;;;;;;;;;;;;;;;;;;;;;;;;;;;
10115;0.0008;0.0008;0.0108;-0.007;-0.0157;-0.0062;-0.0145;0.0008;0.0008;0.067;-0.046;;;;;;;;;;;;;;;;;;;;;;;;;;;;;;;;;
10116;0.0004;0.0004;0.0038;-0.0132;-0.0066;0.0209;-0.0131;0.0004;0.0004;0.0153;0.0013;;;;;;;;;;;;;;;;;;;;;;;;;;;;;;;;;
10117;0.0007;0.0007;-0.0054;0.003;0.0028;0.0424;0.013;0.0007;0.0007;0.0109;0.0134;;;;;;;;;;;;;;;;;;;;;;;;;;;;;;;;;
10118;-0.0001;-0.0001;-0.0063;-0.0152;0.0069;-0.0131;0.0076;-0.0001;-0.0001;-0.0043;-0.0187;;;;;;;;;;;;;;;;;;;;;;;;;;;;;;;;;
10119;0.0009;0.0009;0.0149;0.0004;-0.0151;-0.0223;-0.0125;0.0009;0.0009;0.0364;-0.0225;;;;;;;;;;;;;;;;;;;;;;;;;;;;;;;;;
10120;0.0001;0.0001;-0.0079;-0.013;0.0072;0.0096;0.0122;0.0001;0.0001;0.0078;-0.0082;;;;;;;;;;;;;;;;;;;;;;;;;;;;;;;;;
10121;-0.0008;-0.0008;-0.0166;0.0057;0.0065;-0.0175;0.0082;-0.0008;-0.0008;-0.0028;-0.0103;;;;;;;;;;;;;;;;;;;;;;;;;;;;;;;;;
10122;-0.002;-0.002;-0.0112;-0.0055;-0.0294;-0.0425;0.0192;-0.002;-0.002;-0.0317;-0.0321;;;;;;;;;;;;;;;;;;;;;;;;;;;;;;;;;
10123;-0.0004;-0.0004;-0.0025;0.0136;0.0078;0.0285;-0.0101;-0.0004;-0.0004;-0.0036;0.0018;;;;;;;;;;;;;;;;;;;;;;;;;;;;;;;;;
10124;-0.0001;-0.0001;-0.0362;-0.0096;-0.0019;-0.0035;0.0285;-0.0001;-0.0001;-0.0524;-0.0225;;;;;;;;;;;;;;;;;;;;;;;;;;;;;;;;;
10125;0.0009;0.0009;-0.0456;0.0397;-0.009;0.0271;0.0086;0.0009;0.0009;0.0122;0.0108;;;;;;;;;;;;;;;;;;;;;;;;;;;;;;;;;
10126;0.0013;0.0013;0.0184;-0.0158;-0.0048;-0.02;0.0001;0.0013;0.0013;-0.0049;-0.0256;;;;;;;;;;;;;;;;;;;;;;;;;;;;;;;;;
10127;-0.0031;-0.0031;0.0017;-0.0302;-0.0361;-0.1152;0.0535;-0.0031;-0.0031;-0.0789;-0.1007;;;;;;;;;;;;;;;;;;;;;;;;;;;;;;;;;
10128;0;0;-0.0301;-0.0593;-0.0115;-0.0174;0.0018;0;0;-0.1103;-0.0415;;;;;;;;;;;;;;;;;;;;;;;;;;;;;;;;;
10129;0.0002;0.0002;0.0011;-0.0016;-0.0035;0.013;0.001;0.0002;0.0002;-0.0055;-0.0073;;;;;;;;;;;;;;;;;;;;;;;;;;;;;;;;;
10130;0.0004;0.0004;-0.0192;0.0072;-0.0111;-0.0484;0.0044;0.0004;0.0004;0.0137;0.0152;;;;;;;;;;;;;;;;;;;;;;;;;;;;;;;;;
10131;-0.0017;-0.0017;0.0195;-0.0135;0.0097;-0.0086;-0.0176;-0.0017;-0.0017;0.0076;-0.0293;;;;;;;;;;;;;;;;;;;;;;;;;;;;;;;;;
10132;0.0004;0.0004;0.0213;0.0101;0.0065;0.0204;-0.0231;0.0004;0.0004;0.0312;0.046;;;;;;;;;;;;;;;;;;;;;;;;;;;;;;;;;
10133;-0.001;-0.001;0.0074;0.0071;0.0118;-0.0191;-0.0054;-0.001;-0.001;0.0238;0.0123;;;;;;;;;;;;;;;;;;;;;;;;;;;;;;;;;
10134;0.0027;0.0027;0.0158;0.0469;-0.0019;0.0202;-0.0153;0.0027;0.0027;0.022;0.0029;;;;;;;;;;;;;;;;;;;;;;;;;;;;;;;;;
10135;-0.0026;-0.0026;-0.0023;-0.0141;-0.0002;-0.0309;0.0373;-0.0026;-0.0026;-0.0018;-0.0155;;;;;;;;;;;;;;;;;;;;;;;;;;;;;;;;;
10136;-0.0034;-0.0034;-0.0023;-0.0026;-0.0039;0.0008;-0.0076;-0.0034;-0.0034;-0.0038;-0.0011;;;;;;;;;;;;;;;;;;;;;;;;;;;;;;;;;
10137;0.0015;0.0015;-0.0049;-0.006;0.0214;0.0032;0.0391;0.0015;0.0015;-0.0241;-0.0168;;;;;;;;;;;;;;;;;;;;;;;;;;;;;;;;;
10138;0.0009;0.0009;-0.0011;-0.001;0.003;0.0045;0.0188;0.0009;0.0009;-0.0181;0.0176;;;;;;;;;;;;;;;;;;;;;;;;;;;;;;;;;
10139;0.0008;0.0008;0.0053;0.0173;0.0138;0.0393;-0.0171;0.0008;0.0008;0.0535;0.041;;;;;;;;;;;;;;;;;;;;;;;;;;;;;;;;;
10140;0.0012;0.0012;-0.0019;-0.0206;0.007;-0.0046;0.0128;0.0012;0.0012;0.0133;-0.0161;;;;;;;;;;;;;;;;;;;;;;;;;;;;;;;;;
10141;0.0009;0.0009;-0.0234;0.0077;0.0049;-0.0372;-0.0243;0.0009;0.0009;-0.0325;-0.0763;;;;;;;;;;;;;;;;;;;;;;;;;;;;;;;;;
10142;0.0001;0.0001;0.0005;-0.0161;0.0121;-0.0169;0.0167;0.0001;0.0001;-0.0062;-0.0269;;;;;;;;;;;;;;;;;;;;;;;;;;;;;;;;;
10143;-0.0016;-0.0016;-0.0042;0.0049;-0.0127;-0.0112;0.0053;-0.0016;-0.0016;-0.009;-0.0173;;;;;;;;;;;;;;;;;;;;;;;;;;;;;;;;;
10144;0.0016;0.0016;-0.0185;0.005;-0.0995;0.0444;0.0138;0.0016;0.0016;-0.0038;-0.0268;;;;;;;;;;;;;;;;;;;;;;;;;;;;;;;;;
10145;0.0015;0.0015;0.0019;0.0194;0.0093;0.0218;-0.0046;0.0015;0.0015;0.0309;-0.0064;;;;;;;;;;;;;;;;;;;;;;;;;;;;;;;;;
10146;-0.0009;-0.0009;0.0048;-0.0128;-0.0204;-0.0399;0.0016;-0.0009;-0.0009;0.0152;-0.0072;;;;;;;;;;;;;;;;;;;;;;;;;;;;;;;;;
10147;-0.0014;-0.0014;-0.003;-0.0122;-0.0059;-0.035;-0.0203;-0.0014;-0.0014;-0.0206;-0.0246;;;;;;;;;;;;;;;;;;;;;;;;;;;;;;;;;
10148;0.0009;0.0009;-0.0119;-0.008;-0.003;-0.007;-0.0029;0.0009;0.0009;0.0033;-0.0265;;;;;;;;;;;;;;;;;;;;;;;;;;;;;;;;;
10149;0.0036;0.0036;0.0043;-0.0113;-0.0106;-0.0005;-0.012;0.0036;0.0036;0.0787;-0.0146;;;;;;;;;;;;;;;;;;;;;;;;;;;;;;;;;
10150;0.0009;0.0009;0.0035;0.0196;-0.0061;0.0078;-0.015;0.0009;0.0009;0.0494;0.0141;;;;;;;;;;;;;;;;;;;;;;;;;;;;;;;;;
10151;-0.0013;-0.0013;-0.0081;-0.0228;-0.0066;-0.0446;0.0027;-0.0013;-0.0013;-0.0187;-0.0071;;;;;;;;;;;;;;;;;;;;;;;;;;;;;;;;;
10152;-0.0006;-0.0006;-0.0133;0.006;-0.0131;0.0111;-0.0139;-0.0006;-0.0006;0.0031;-0.0257;;;;;;;;;;;;;;;;;;;;;;;;;;;;;;;;;
10153;-0.0019;-0.0019;-0.0068;-0.0102;-0.0242;-0.0985;0.0154;-0.0019;-0.0019;-0.0545;-0.0538;;;;;;;;;;;;;;;;;;;;;;;;;;;;;;;;;
10154;-0.0006;-0.0006;-0.0097;-0.0128;-0.0074;-0.0206;-0.0071;-0.0006;-0.0006;0.0093;-0.0037;;;;;;;;;;;;;;;;;;;;;;;;;;;;;;;;;
10155;0.0005;0.0005;-0.0005;0.0161;0.0032;0.0411;-0.0387;0.0005;0.0005;0.0509;0.0318;;;;;;;;;;;;;;;;;;;;;;;;;;;;;;;;;
10156;-0.001;-0.001;-0.0043;-0.0173;-0.0087;-0.0082;-0.0035;-0.001;-0.001;-0.0135;-0.0102;;;;;;;;;;;;;;;;;;;;;;;;;;;;;;;;;
10157;-0.0003;-0.0003;0.006;0.006;0.0046;-0.0152;0.0202;-0.0003;-0.0003;0.0055;0.0049;;;;;;;;;;;;;;;;;;;;;;;;;;;;;;;;;
10158;0.0086;0.0086;0.0104;-0.004;-0.0153;0.0646;-0.0683;0.0086;0.0086;0.1088;0.0535;;;;;;;;;;;;;;;;;;;;;;;;;;;;;;;;;
10159;8.8163E-6;8.8163E-6;-0.0132;-0.0238;-0.0116;-0.0065;0.0011;8.8163E-6;8.8163E-6;-0.0092;-0.0055;;;;;;;;;;;;;;;;;;;;;;;;;;;;;;;;;
10160;0.0032;0.0032;0.0121;0.0358;0.038;0.0472;-0.018;0.0032;0.0032;0.0442;0.0109;;;;;;;;;;;;;;;;;;;;;;;;;;;;;;;;;
10161;-0.0009;-0.0009;0.0009;0.0092;-0.0042;0.0238;-0.0154;-0.0009;-0.0009;0.004;0.0094;;;;;;;;;;;;;;;;;;;;;;;;;;;;;;;;;
10162;0.0021;0.0021;0.0059;0.0213;-0.0092;0.0214;0.0052;0.0021;0.0021;0.0125;0.0164;;;;;;;;;;;;;;;;;;;;;;;;;;;;;;;;;
10163;-0.0008;-0.0008;0.0039;-0.0068;0.0064;-0.0361;0.0209;-0.0008;-0.0008;-0.0003;-0.0157;;;;;;;;;;;;;;;;;;;;;;;;;;;;;;;;;
10164;0.0004;0.0004;-0.0054;-0.0023;-0.0064;-0.0042;0.0033;0.0004;0.0004;-0.0257;0.0009;;;;;;;;;;;;;;;;;;;;;;;;;;;;;;;;;
10165;0.0001;0.0001;-0.007;0.0234;0.0052;-0.0371;0.002;0.0001;0.0001;0.0037;0.0054;;;;;;;;;;;;;;;;;;;;;;;;;;;;;;;;;
10166;0.002;0.002;0.0027;-0.0172;-0.0004;-0.0734;0.0598;0.002;0.002;0.0264;0.0122;;;;;;;;;;;;;;;;;;;;;;;;;;;;;;;;;
10167;0.0054;0.0054;-0.0183;-0.0301;-0.0117;0.068;-0.0004;0.0054;0.0054;0.0226;-0.0425;;;;;;;;;;;;;;;;;;;;;;;;;;;;;;;;;
10168;0.0022;0.0022;0.0338;-0.0229;0.0033;0.0214;-0.0191;0.0022;0.0022;0.0396;0.0053;;;;;;;;;;;;;;;;;;;;;;;;;;;;;;;;;
10169;0.003;0.003;-0.0138;0.0254;-0.0143;0.0121;-0.0217;0.003;0.003;0.037;-0.0332;;;;;;;;;;;;;;;;;;;;;;;;;;;;;;;;;
10170;0.0019;0.0019;0.0105;0.0184;0.0022;0.0503;-0.0113;0.0019;0.0019;0.038;0.0161;;;;;;;;;;;;;;;;;;;;;;;;;;;;;;;;;
10171;0.0006;0.0006;0.013;0.0084;-0.0036;0.029;-0.0168;0.0006;0.0006;0.0269;0.014;;;;;;;;;;;;;;;;;;;;;;;;;;;;;;;;;
10172;-0.0016;-0.0016;0.026;-0.001;0.0027;0.0266;0.0176;-0.0016;-0.0016;0.0643;-0.0583;;;;;;;;;;;;;;;;;;;;;;;;;;;;;;;;;
10173;0.0011;0.0011;-0.0073;0.0012;0.0205;0.0206;0.0018;0.0011;0.0011;0.0243;0.0126;;;;;;;;;;;;;;;;;;;;;;;;;;;;;;;;;
10174;0.0013;0.0013;0.0143;-0.0156;-0.0118;0.0296;0.0067;0.0013;0.0013;0.0191;0.0197;;;;;;;;;;;;;;;;;;;;;;;;;;;;;;;;;
10175;0.001;0.001;-0.0065;0.0111;0.0021;0.0465;-0.0091;0.001;0.001;0.0442;0.0222;;;;;;;;;;;;;;;;;;;;;;;;;;;;;;;;;
10176;-0.0006;-0.0006;-0.009;-0.0084;-0.0073;-0.0279;0.0089;-0.0006;-0.0006;-0.0091;-0.0094;;;;;;;;;;;;;;;;;;;;;;;;;;;;;;;;;
10177;-0.0054;-0.0054;-0.0235;-0.0187;-0.0287;-0.0478;-0.0093;-0.0054;-0.0054;-0.0421;-0.0796;;;;;;;;;;;;;;;;;;;;;;;;;;;;;;;;;
10178;-0.0009;-0.0009;-0.0082;-0.0437;-0.0207;-0.1017;0.0547;-0.0009;-0.0009;-0.0996;-0.0878;;;;;;;;;;;;;;;;;;;;;;;;;;;;;;;;;
10179;0.0019;0.0019;0.0263;0.0469;0.0244;0.0464;-0.0336;0.0019;0.0019;0.0028;0.0135;;;;;;;;;;;;;;;;;;;;;;;;;;;;;;;;;
10180;0.0034;0.0034;-0.0077;0.0003;-0.0108;-0.019;0.0381;0.0034;0.0034;0.0287;-0.0034;;;;;;;;;;;;;;;;;;;;;;;;;;;;;;;;;
10181;0.0011;0.0011;-0.0156;-0.0071;0.0004;0.0746;0.023;0.0011;0.0011;0.0391;-0.0225;;;;;;;;;;;;;;;;;;;;;;;;;;;;;;;;;
10182;0.0021;0.0021;-0.0102;0.0058;-0.002;0.1396;-0.0264;0.0021;0.0021;0.0907;0.0066;;;;;;;;;;;;;;;;;;;;;;;;;;;;;;;;;
10183;0.0004;0.0004;-0.0142;0.0229;0.0046;-0.0049;-0.0272;0.0004;0.0004;0.0222;0.0021;;;;;;;;;;;;;;;;;;;;;;;;;;;;;;;;;
10184;-0.0002;-0.0002;-0.0004;-0.0123;0.0058;0.0139;-0.0308;-0.0002;-0.0002;-0.0184;-0.0141;;;;;;;;;;;;;;;;;;;;;;;;;;;;;;;;;
10185;0;0;-0.0176;-0.0114;0.0316;-0.0019;0.0453;0;0;0.0107;-0.0635;;;;;;;;;;;;;;;;;;;;;;;;;;;;;;;;;
10186;-0.0007;-0.0007;-0.0197;-0.0141;-0.0048;0.0525;0.041;-0.0007;-0.0007;0.0345;0.0422;;;;;;;;;;;;;;;;;;;;;;;;;;;;;;;;;
10187;0.0001;0.0001;-0.0033;-0.0143;-0.0016;0.0021;0.0002;0.0001;0.0001;-0.0537;-0.0487;;;;;;;;;;;;;;;;;;;;;;;;;;;;;;;;;
10188;0.0006;0.0006;0.001;-0.0104;-0.003;-0.0248;0.0203;0.0006;0.0006;-0.0036;0.0061;;;;;;;;;;;;;;;;;;;;;;;;;;;;;;;;;
10189;0.0007;0.0007;0.0146;-0.0055;-0.0225;-0.0033;-0.0012;0.0007;0.0007;-0.005;-0.0253;;;;;;;;;;;;;;;;;;;;;;;;;;;;;;;;;
10190;0.0078;0.0078;0.0333;0.0483;0.0305;-0.052;0.0396;0.0078;0.0078;-0.0356;-0.0138;;;;;;;;;;;;;;;;;;;;;;;;;;;;;;;;;
10191;0.001;0.001;0.0092;-0.0087;0.009;-0.0149;0.0222;0.001;0.001;0.0153;0.032;;;;;;;;;;;;;;;;;;;;;;;;;;;;;;;;;
10192;-0.0004;-0.0004;0.0122;-0.0073;0.0079;0.0098;-0.0179;-0.0004;-0.0004;0.0097;0.0168;;;;;;;;;;;;;;;;;;;;;;;;;;;;;;;;;
10193;0.0004;0.0004;-0.003;-0.0248;0.0095;-0.0032;0.0062;0.0004;0.0004;0.0059;-0.0102;;;;;;;;;;;;;;;;;;;;;;;;;;;;;;;;;
10194;0.0007;0.0007;-0.009;0.0064;-0.0015;0.0128;0.0266;0.0007;0.0007;0.0091;-0.0442;;;;;;;;;;;;;;;;;;;;;;;;;;;;;;;;;
10195;0.0003;0.0003;0.0099;-0.0065;-0.0031;0.0113;0.021;0.0003;0.0003;0.0086;0.0132;;;;;;;;;;;;;;;;;;;;;;;;;;;;;;;;;
10196;-0.0018;-0.0018;-0.0059;0.0047;-0.0008;-0.0281;0.027;-0.0018;-0.0018;-0.0117;-0.1277;;;;;;;;;;;;;;;;;;;;;;;;;;;;;;;;;
10197;-0.0009;-0.0009;-0.0002;0.0119;-0.0026;0.026;-0.0012;-0.0009;-0.0009;0.0037;0.0521;;;;;;;;;;;;;;;;;;;;;;;;;;;;;;;;;
10198;0.002;0.002;0.0192;-0.0072;0.0024;0.1239;-0.0501;0.002;0.002;0.1009;0.0028;;;;;;;;;;;;;;;;;;;;;;;;;;;;;;;;;
10199;0.0017;0.0017;0.015;0.0008;0.007;0.0106;-0.0067;0.0017;0.0017;0.023;-0.0129;;;;;;;;;;;;;;;;;;;;;;;;;;;;;;;;;
10200;0.0016;0.0016;0.0007;-0.002;-0.0053;0.031;-0.0184;0.0016;0.0016;0.016;0.0076;;;;;;;;;;;;;;;;;;;;;;;;;;;;;;;;;
10201;-0.0011;-0.0011;-0.0013;-0.0049;-0.0029;-0.0227;0.009;-0.0011;-0.0011;0.0244;0.0122;;;;;;;;;;;;;;;;;;;;;;;;;;;;;;;;;
10202;0.0007;0.0007;0.0064;0.0076;-0.0114;0.0149;-0.0206;0.0007;0.0007;-0.0273;-0.0012;;;;;;;;;;;;;;;;;;;;;;;;;;;;;;;;;
10203;-0.0013;-0.0013;0.0381;-0.006;0.0263;0.0661;-0.0758;-0.0013;-0.0013;0.024;0.0947;;;;;;;;;;;;;;;;;;;;;;;;;;;;;;;;;
10204;0.0017;0.0017;-0.0084;0.0391;-0.0417;0.0596;-0.0409;0.0017;0.0017;0.0308;0.0094;;;;;;;;;;;;;;;;;;;;;;;;;;;;;;;;;
10205;0.0019;0.0019;0.014;-0.0013;-0.0048;0.0067;0.0387;0.0019;0.0019;0.0165;0.001;;;;;;;;;;;;;;;;;;;;;;;;;;;;;;;;;
10206;-0.0004;-0.0004;0.0091;0.0069;-0.0101;0.0232;-0.0007;-0.0004;-0.0004;-0.0795;-0.0175;;;;;;;;;;;;;;;;;;;;;;;;;;;;;;;;;
10207;0.0005;0.0005;-0.0271;-0.0008;-0.0018;-0.0325;0.033;0.0005;0.0005;-0.0315;-0.0107;;;;;;;;;;;;;;;;;;;;;;;;;;;;;;;;;
10208;0.0003;0.0003;0.007;0.0222;-0.0153;0.0294;-0.0179;0.0003;0.0003;-0.0151;0.0142;;;;;;;;;;;;;;;;;;;;;;;;;;;;;;;;;
10209;-0.0005;-0.0005;-0.0042;-0.0157;-0.0023;-0.0217;-0.0063;-0.0005;-0.0005;-0.0176;-0.0205;;;;;;;;;;;;;;;;;;;;;;;;;;;;;;;;;
10210;0.0026;0.0026;-0.0134;0.0393;0.0254;0.0558;-0.024;0.0026;0.0026;0.0696;0.0014;;;;;;;;;;;;;;;;;;;;;;;;;;;;;;;;;
10211;0.0032;0.0032;-0.0237;0.0116;-0.0037;0.0556;-0.0163;0.0032;0.0032;0.0318;0.0076;;;;;;;;;;;;;;;;;;;;;;;;;;;;;;;;;
10212;0;0;-0.0254;-0.0028;-0.0034;0.0121;-0.01;0;0;-0.0067;-0.0245;;;;;;;;;;;;;;;;;;;;;;;;;;;;;;;;;
10213;0.0007;0.0007;0.0029;0.02;0.0133;0.0112;-0.0147;0.0007;0.0007;0.024;0.0235;;;;;;;;;;;;;;;;;;;;;;;;;;;;;;;;;
10214;0.0006;0.0006;-0.0408;0.0274;-0.0105;0.0092;-0.0033;0.0006;0.0006;0.0229;0.0116;;;;;;;;;;;;;;;;;;;;;;;;;;;;;;;;;
10215;0.0005;0.0005;-0.0061;-0.0073;0.0001;-0.0309;-0.0103;0.0005;0.0005;0.0061;-0.0354;;;;;;;;;;;;;;;;;;;;;;;;;;;;;;;;;
10216;0.0013;0.0013;-0.0097;0.0029;0.0124;0.0066;-0.018;0.0013;0.0013;0.0355;0.0024;;;;;;;;;;;;;;;;;;;;;;;;;;;;;;;;;
10217;0.0023;0.0023;0.0221;-0.0186;-0.0123;0.0416;-0.0137;0.0023;0.0023;0.0919;0.007;;;;;;;;;;;;;;;;;;;;;;;;;;;;;;;;;
10218;0.0007;0.0007;0.0099;-0.0099;-0.0032;0.0003;0.0156;0.0007;0.0007;0.0038;0.0101;;;;;;;;;;;;;;;;;;;;;;;;;;;;;;;;;
10219;-0.001;-0.001;-0.0024;-0.0076;-0.016;-0.0216;0.0205;-0.001;-0.001;-0.0223;-0.0185;;;;;;;;;;;;;;;;;;;;;;;;;;;;;;;;;
10220;-0.0006;-0.0006;0.0152;-0.0154;-0.0217;0.0001;-0.0097;-0.0006;-0.0006;0.0011;-0.0117;;;;;;;;;;;;;;;;;;;;;;;;;;;;;;;;;
10221;0.0021;0.0021;0.0102;-0.0026;0.0069;0.0292;-0.0357;0.0021;0.0021;0.0462;-0.0916;;;;;;;;;;;;;;;;;;;;;;;;;;;;;;;;;
10222;0.0005;0.0005;0.0004;0.0222;-0.0377;-0.014;0.0155;0.0005;0.0005;-0.0072;-0.0033;;;;;;;;;;;;;;;;;;;;;;;;;;;;;;;;;
10223;-0.001;-0.001;-0.0216;-0.0311;0.009;-0.0487;0.0577;-0.001;-0.001;-0.0277;0.0014;;;;;;;;;;;;;;;;;;;;;;;;;;;;;;;;;
10224;0.0007;0.0007;-0.0258;-0.0142;-0.0427;-0.0653;0.0095;0.0007;0.0007;-0.0314;-0.0736;;;;;;;;;;;;;;;;;;;;;;;;;;;;;;;;;
10225;0.001;0.001;-0.0131;-0.0143;0.0046;-0.0031;0.0067;0.001;0.001;-0.0217;-0.0072;;;;;;;;;;;;;;;;;;;;;;;;;;;;;;;;;
10226;-0.0001;-0.0001;-0.0097;-0.0132;0.0013;-0.0188;-0.1506;-0.0001;-0.0001;-0.065;-0.0633;;;;;;;;;;;;;;;;;;;;;;;;;;;;;;;;;
10227;0.0009;0.0009;-0.0066;-0.0871;0.0022;-0.0343;-0.0051;0.0009;0.0009;-0.0265;-0.0324;;;;;;;;;;;;;;;;;;;;;;;;;;;;;;;;;
10228;0.0005;0.0005;-0.0381;0.02;0.0043;-0.0186;-0.0407;0.0005;0.0005;-0.0544;-0.115;;;;;;;;;;;;;;;;;;;;;;;;;;;;;;;;;
10229;0.0016;0.0016;0.0143;-0.0276;-0.011;0.0834;-0.0103;0.0016;0.0016;0.0236;-0.0335;;;;;;;;;;;;;;;;;;;;;;;;;;;;;;;;;
10230;0.0001;0.0001;-0.0002;-0.0136;0.0048;-0.015;0.0001;0.0001;0.0001;-0.0082;-0.0048;;;;;;;;;;;;;;;;;;;;;;;;;;;;;;;;;
10231;-0.0002;-0.0002;-0.0121;-0.0045;0.0012;-0.0108;-0.0094;-0.0002;-0.0002;-0.0035;0.004;;;;;;;;;;;;;;;;;;;;;;;;;;;;;;;;;
10232;0.0012;0.0012;-0.0134;-0.0005;-0.0067;0.0402;0.0038;0.0012;0.0012;0.0239;0.0692;;;;;;;;;;;;;;;;;;;;;;;;;;;;;;;;;
10233;0.0002;0.0002;-0.0009;-0.0026;0.0099;-0.0005;-0.0099;0.0002;0.0002;0.0168;0.0133;;;;;;;;;;;;;;;;;;;;;;;;;;;;;;;;;
10234;-0.0001;-0.0001;-0.0184;-0.0089;0.0064;0.0157;-0.007;-0.0001;-0.0001;0.0119;0.0571;;;;;;;;;;;;;;;;;;;;;;;;;;;;;;;;;
10235;0.002;0.002;-0.0206;-0.0013;0.0101;0.0034;-0.0205;0.002;0.002;0.0337;0.0024;;;;;;;;;;;;;;;;;;;;;;;;;;;;;;;;;
10236;0.0004;0.0004;-0.0031;-0.0006;-0.0015;0.0003;0.0071;0.0004;0.0004;0.0078;0.0028;;;;;;;;;;;;;;;;;;;;;;;;;;;;;;;;;
10237;0.0012;0.0012;0.0054;0.0035;0.0154;0.014;-0.0089;0.0012;0.0012;0.0057;0.0354;;;;;;;;;;;;;;;;;;;;;;;;;;;;;;;;;
10238;-0.0001;-0.0001;0.0038;0.0216;-0.0052;-0.0042;0.0181;-0.0001;-0.0001;-0.0023;-0.0215;;;;;;;;;;;;;;;;;;;;;;;;;;;;;;;;;
10239;0.0005;0.0005;-0.0075;0.044;-0.0145;0.0386;-0.0042;0.0005;0.0005;0.0211;0.0203;;;;;;;;;;;;;;;;;;;;;;;;;;;;;;;;;
10240;0.0007;0.0007;-0.0075;-0.0135;0.0024;0.0235;-0.0255;0.0007;0.0007;-0.0208;0.0001;;;;;;;;;;;;;;;;;;;;;;;;;;;;;;;;;
10241;0.0007;0.0007;-0.0075;-0.0184;-0.0145;0.0055;0.0306;0.0007;0.0007;-0.0155;-0.0521;;;;;;;;;;;;;;;;;;;;;;;;;;;;;;;;;
10242;0.0014;0.0014;0.0234;-0.0032;-0.0034;0.002;-0.0189;0.0014;0.0014;0.0322;-0.0208;;;;;;;;;;;;;;;;;;;;;;;;;;;;;;;;;
10243;0.0012;0.0012;-0.0115;0.0105;0.018;0.0415;-0.0144;0.0012;0.0012;0.0417;0.0322;;;;;;;;;;;;;;;;;;;;;;;;;;;;;;;;;
10244;-0.0004;-0.0004;0.0029;0.0039;0.019;-0.0034;0.0198;-0.0004;-0.0004;0.0153;0.0189;;;;;;;;;;;;;;;;;;;;;;;;;;;;;;;;;
10245;0.0008;0.0008;0.0074;-0.0042;0.0079;-0.0281;0.0099;0.0008;0.0008;0.0098;0.0032;;;;;;;;;;;;;;;;;;;;;;;;;;;;;;;;;
10246;-0.0019;-0.0019;-0.0065;-0.0127;-0.0099;-0.0942;0.0032;-0.0019;-0.0019;-0.1052;-0.0733;;;;;;;;;;;;;;;;;;;;;;;;;;;;;;;;;
10247;-0.0006;-0.0006;0.0084;0.0064;0.0148;0.0288;-0.0078;-0.0006;-0.0006;0.0101;0.0398;;;;;;;;;;;;;;;;;;;;;;;;;;;;;;;;;
10248;0.0021;0.0021;0.0087;-0.0136;0.0074;0.0549;0.0039;0.0021;0.0021;0.0285;0.0571;;;;;;;;;;;;;;;;;;;;;;;;;;;;;;;;;
10249;0.0007;0.0007;0.0131;0.0218;-0.0163;0.0361;-0.0358;0.0007;0.0007;0.0596;-0.002;;;;;;;;;;;;;;;;;;;;;;;;;;;;;;;;;
10250;0.0036;0.0036;-0.0047;-0.0019;0.0076;0.0157;0.0049;0.0036;0.0036;0.0263;0.0026;;;;;;;;;;;;;;;;;;;;;;;;;;;;;;;;;
10251;0.0027;0.0027;0.002;0.0248;0.0382;0.0205;0.0196;0.0027;0.0027;0.0778;0.0216;;;;;;;;;;;;;;;;;;;;;;;;;;;;;;;;;
10252;0.0014;0.0014;-0.0038;0.0031;-0.0101;0.0476;-0.0097;0.0014;0.0014;-0.0035;0.0222;;;;;;;;;;;;;;;;;;;;;;;;;;;;;;;;;
10253;-0.0013;-0.0013;0.0041;-0.0054;0.0089;-0.0253;0.0117;-0.0013;-0.0013;-0.0092;0.0161;;;;;;;;;;;;;;;;;;;;;;;;;;;;;;;;;
10254;0.0002;0.0002;-0.0149;-0.0331;-0.0446;-0.0116;-0.0004;0.0002;0.0002;-0.0216;-0.0258;;;;;;;;;;;;;;;;;;;;;;;;;;;;;;;;;
10255;0.0011;0.0011;-0.0023;-0.0113;0.004;-0.0055;-0.0153;0.0011;0.0011;-0.0223;-0.0241;;;;;;;;;;;;;;;;;;;;;;;;;;;;;;;;;
10256;-0.0013;-0.0013;-0.001;-0.0126;0.0067;0.0012;-0.0126;-0.0013;-0.0013;-0.0106;-0.0316;;;;;;;;;;;;;;;;;;;;;;;;;;;;;;;;;
10257;-0.0004;-0.0004;-0.005;-0.0365;-0.0181;-0.0472;0.0087;-0.0004;-0.0004;-0.0122;-0.0237;;;;;;;;;;;;;;;;;;;;;;;;;;;;;;;;;
10258;-0.0002;-0.0002;-0.026;-0.0173;0.0064;-0.0248;0.0115;-0.0002;-0.0002;-0.0232;-0.0061;;;;;;;;;;;;;;;;;;;;;;;;;;;;;;;;;
10259;0.0001;0.0001;-0.0203;-0.0196;0.0068;-0.023;0.0163;0.0001;0.0001;-0.0257;-0.0033;;;;;;;;;;;;;;;;;;;;;;;;;;;;;;;;;
10260;0.0002;0.0002;-0.0099;-0.0096;0.0216;-0.0411;0.0252;0.0002;0.0002;-0.0155;-0.0131;;;;;;;;;;;;;;;;;;;;;;;;;;;;;;;;;
10261;0.0001;0.0001;-0.0058;0.0027;0.008;-0.0072;0.0199;0.0001;0.0001;0.03;-0.0214;;;;;;;;;;;;;;;;;;;;;;;;;;;;;;;;;
10262;0.0012;0.0012;0.0126;0.0167;-0.0162;0.0497;-0.0141;0.0012;0.0012;0.0406;-0.0069;;;;;;;;;;;;;;;;;;;;;;;;;;;;;;;;;
10263;0.0041;0.0041;0.0076;0.0083;-0.0424;0.0472;0.0004;0.0041;0.0041;0.0397;-0.0547;;;;;;;;;;;;;;;;;;;;;;;;;;;;;;;;;
10264;0.0014;0.0014;-0.0041;0.004;0.0353;-0.0696;0.0336;0.0014;0.0014;0.0732;-0.0194;;;;;;;;;;;;;;;;;;;;;;;;;;;;;;;;;
10265;0.0007;0.0007;0.0273;-0.1715;0.0268;-0.0177;0.0211;0.0007;0.0007;0.008;-0.0213;;;;;;;;;;;;;;;;;;;;;;;;;;;;;;;;;
10266;0.0016;0.0016;-0.0001;0.013;-0.0152;0.0475;-0.0039;0.0016;0.0016;0.0366;0.0197;;;;;;;;;;;;;;;;;;;;;;;;;;;;;;;;;
10267;-0.0003;-0.0003;0.0015;-0.0066;-0.0141;0.001;-0.0083;-0.0003;-0.0003;-0.0337;-0.0327;;;;;;;;;;;;;;;;;;;;;;;;;;;;;;;;;
10268;-0.001;-0.001;0.0009;-0.0029;-0.0091;-0.0157;0.0042;-0.001;-0.001;-0.0158;-0.0205;;;;;;;;;;;;;;;;;;;;;;;;;;;;;;;;;
10269;-0.0001;-0.0001;-0.0081;0.0043;0.011;0.0683;0.0197;-0.0001;-0.0001;0.1127;0.0651;;;;;;;;;;;;;;;;;;;;;;;;;;;;;;;;;
10270;-0.0012;-0.0012;-0.0007;-0.0051;0.0086;-0.0076;0.0008;-0.0012;-0.0012;-0.0153;0.0013;;;;;;;;;;;;;;;;;;;;;;;;;;;;;;;;;
10271;-0.0013;-0.0013;0.004;-0.0194;-0.0179;-0.0111;-0.0177;-0.0013;-0.0013;-0.0001;0.0036;;;;;;;;;;;;;;;;;;;;;;;;;;;;;;;;;
10272;-0.0001;-0.0001;-0.0109;0.01;-0.0192;0.0072;-0.0271;-0.0001;-0.0001;-0.0275;-0.0107;;;;;;;;;;;;;;;;;;;;;;;;;;;;;;;;;
10273;-0.0023;-0.0023;0.0169;-0.0045;0.0005;-0.0336;0.0067;-0.0023;-0.0023;-0.0428;-0.0132;;;;;;;;;;;;;;;;;;;;;;;;;;;;;;;;;
10274;0.0005;0.0005;-0.0174;0.0091;-0.0074;-0.0074;-0.0678;0.0005;0.0005;0.0076;0.0207;;;;;;;;;;;;;;;;;;;;;;;;;;;;;;;;;
10275;-0.0014;-0.0014;0.0077;-0.0143;-0.0039;-0.0264;0.0231;-0.0014;-0.0014;0.0054;-0.017;;;;;;;;;;;;;;;;;;;;;;;;;;;;;;;;;
10276;0.0005;0.0005;-0.006;-0.0201;-0.0114;0.0062;0.0141;0.0005;0.0005;-0.0381;-0.0569;;;;;;;;;;;;;;;;;;;;;;;;;;;;;;;;;
10277;-0.0008;-0.0008;0.0106;0.0001;-0.0136;0.0175;-0.0085;-0.0008;-0.0008;0.0099;0.0102;;;;;;;;;;;;;;;;;;;;;;;;;;;;;;;;;
10278;0.0013;0.0013;0.0221;-0.0041;-0.0134;0.0843;0.016;0.0013;0.0013;0.0589;-0.0243;;;;;;;;;;;;;;;;;;;;;;;;;;;;;;;;;
10279;0.0004;0.0004;0.0116;0.0146;-0.0254;0.0026;-0.0219;0.0004;0.0004;-0.0309;-0.0386;;;;;;;;;;;;;;;;;;;;;;;;;;;;;;;;;
10280;0;0;-0.008;0.0104;0.0152;0.0363;0.0245;0;0;0.0266;-0.0447;;;;;;;;;;;;;;;;;;;;;;;;;;;;;;;;;
10281;0.0011;0.0011;0.0097;0.0062;0.0028;0.0063;-0.0001;0.0011;0.0011;-0.0061;-0.0176;;;;;;;;;;;;;;;;;;;;;;;;;;;;;;;;;
10282;-0.0004;-0.0004;0.003;-0.0338;-0.0292;-0.0167;0.0036;-0.0004;-0.0004;0.0177;0.0156;;;;;;;;;;;;;;;;;;;;;;;;;;;;;;;;;
10283;0.0009;0.0009;0.0011;-0.0056;0.0015;0.0436;-0.0164;0.0009;0.0009;-0.0072;0.0008;;;;;;;;;;;;;;;;;;;;;;;;;;;;;;;;;
10284;-0.0003;-0.0003;-0.0036;-0.0103;0.011;0.001;0.0327;-0.0003;-0.0003;0.004;-0.0116;;;;;;;;;;;;;;;;;;;;;;;;;;;;;;;;;
10285;0.0004;0.0004;0.0109;-0.0076;0.0013;-0.0017;-0.0068;0.0004;0.0004;0.0194;-0.0006;;;;;;;;;;;;;;;;;;;;;;;;;;;;;;;;;
10286;-0.0001;-0.0001;0.0018;0.0388;0.0029;0.0085;-0.0002;-0.0001;-0.0001;0.0183;-0.0388;;;;;;;;;;;;;;;;;;;;;;;;;;;;;;;;;
10287;-0.0003;-0.0003;0.0093;0.0057;0.0058;-0.0034;-0.007;-0.0003;-0.0003;0.0265;0.0086;;;;;;;;;;;;;;;;;;;;;;;;;;;;;;;;;
10288;-0.0013;-0.0013;-0.013;0.0018;-0.0074;-0.0635;0.0187;-0.0013;-0.0013;-0.0236;0.0116;;;;;;;;;;;;;;;;;;;;;;;;;;;;;;;;;
10289;0.0021;0.0021;-0.0045;0.0334;-0.0009;0.0399;-0.0278;0.0021;0.0021;0.0265;0.0015;;;;;;;;;;;;;;;;;;;;;;;;;;;;;;;;;
10290;0.0003;0.0003;0.001;-0.0037;0.0012;0.0042;-0.0403;0.0003;0.0003;-0.025;-0.0067;;;;;;;;;;;;;;;;;;;;;;;;;;;;;;;;;
10291;-0.0005;-0.0005;0.0025;-0.0022;0.0113;-0.1115;-0.0058;-0.0005;-0.0005;0.0071;-0.0259;;;;;;;;;;;;;;;;;;;;;;;;;;;;;;;;;
10292;0.0015;0.0015;-0.0005;0.0461;-0.009;0.03;-0.0294;0.0015;0.0015;0.0223;0.0035;;;;;;;;;;;;;;;;;;;;;;;;;;;;;;;;;
10293;0.0001;0.0001;-0.0146;0.0063;-0.0171;0.0066;-0.0202;0.0001;0.0001;0.0001;-0.009;;;;;;;;;;;;;;;;;;;;;;;;;;;;;;;;;
10294;-0.001;-0.001;0.0216;0.0035;-0.0092;0.0082;-0.0035;-0.001;-0.001;-0.0163;0.0023;;;;;;;;;;;;;;;;;;;;;;;;;;;;;;;;;
10295;-0.0003;-0.0003;-0.0069;0.0006;-0.007;-0.0581;-0.0135;-0.0003;-0.0003;-0.0815;-0.087;;;;;;;;;;;;;;;;;;;;;;;;;;;;;;;;;
10296;0.0057;0.0057;0.0147;-0.0046;-0.0372;-0.0158;0.0323;0.0057;0.0057;0.05;-0.0718;;;;;;;;;;;;;;;;;;;;;;;;;;;;;;;;;
10297;0.0016;0.0016;-0.0246;-0.0049;-0.0042;-0.0008;-0.0007;0.0016;0.0016;0.0041;0.0208;;;;;;;;;;;;;;;;;;;;;;;;;;;;;;;;;
10298;0.0003;0.0003;-0.0114;0.0321;-0.0155;0.0325;-0.022;0.0003;0.0003;0.0127;0.0043;;;;;;;;;;;;;;;;;;;;;;;;;;;;;;;;;
10299;-0.0026;-0.0026;-0.0099;-0.0076;-0.004;-0.0113;0.0091;-0.0026;-0.0026;-0.0146;-0.0082;;;;;;;;;;;;;;;;;;;;;;;;;;;;;;;;;
10300;0.001;0.001;-0.0006;0.0368;0.0202;-0.014;-0.0124;0.001;0.001;0.0249;-0.014;;;;;;;;;;;;;;;;;;;;;;;;;;;;;;;;;
10301;0.0013;0.0013;0.0165;0.0219;0.0061;0.0302;-0.022;0.0013;0.0013;0.0025;-0.0001;;;;;;;;;;;;;;;;;;;;;;;;;;;;;;;;;
10302;-0.0009;-0.0009;0.0068;0.0356;0.0358;-0.0266;0.0008;-0.0009;-0.0009;0.0034;0.0196;;;;;;;;;;;;;;;;;;;;;;;;;;;;;;;;;
10303;-0.0008;-0.0008;-0.0058;-0.0053;-0.0131;-0.0498;-0.006;-0.0008;-0.0008;-0.0796;-0.0531;;;;;;;;;;;;;;;;;;;;;;;;;;;;;;;;;
10304;-0.0003;-0.0003;-0.0093;0.0254;-0.0009;-0.0275;-0.0608;-0.0003;-0.0003;0.0264;-0.0454;;;;;;;;;;;;;;;;;;;;;;;;;;;;;;;;;
10305;-0.0004;-0.0004;0.0042;0.0089;0.0121;-0.0017;-0.0084;-0.0004;-0.0004;0.035;0.0097;;;;;;;;;;;;;;;;;;;;;;;;;;;;;;;;;
10306;-0.0015;-0.0015;0.0016;-0.0024;0.0022;-0.0244;0.0003;-0.0015;-0.0015;-0.0228;-0.0081;;;;;;;;;;;;;;;;;;;;;;;;;;;;;;;;;
10307;0.0016;0.0016;0.0055;-0.018;0.0027;-0.0047;-0.0066;0.0016;0.0016;-0.0242;-0.0096;;;;;;;;;;;;;;;;;;;;;;;;;;;;;;;;;
10308;0.0074;0.0074;-0.0108;0.0321;-0.0302;-0.0221;0.0057;0.0074;0.0074;0.0012;-0.0514;;;;;;;;;;;;;;;;;;;;;;;;;;;;;;;;;
10309;0.0004;0.0004;-0.0126;-0.0036;-0.0021;0.0419;-0.0003;0.0004;0.0004;0.0076;-0.004;;;;;;;;;;;;;;;;;;;;;;;;;;;;;;;;;
10310;0.0015;0.0015;-0.0073;-0.0046;-0.0266;0.0279;-0.0678;0.0015;0.0015;0.0082;-0.0018;;;;;;;;;;;;;;;;;;;;;;;;;;;;;;;;;
10311;-0.0005;-0.0005;-0.0282;0.0019;0.1344;-0.0509;0.0143;-0.0005;-0.0005;0.0095;0.02;;;;;;;;;;;;;;;;;;;;;;;;;;;;;;;;;
10312;0.0035;0.0035;0.0076;0.0112;5.2055E-6;0.0068;-0.0078;0.0035;0.0035;0.0668;-0.0038;;;;;;;;;;;;;;;;;;;;;;;;;;;;;;;;;
10313;-0.0002;-0.0002;-0.0134;-0.0072;0.0002;-0.0199;0.023;-0.0002;-0.0002;-0.0038;0.031;;;;;;;;;;;;;;;;;;;;;;;;;;;;;;;;;
10314;0.0001;0.0001;-0.0076;-0.0154;-0.0114;-0.0507;0.0103;0.0001;0.0001;-0.0541;-0.0457;;;;;;;;;;;;;;;;;;;;;;;;;;;;;;;;;
10315;0.0002;0.0002;-0.0352;-0.0073;-0.0038;-0.071;-0.0098;0.0002;0.0002;-0.0108;-0.0414;;;;;;;;;;;;;;;;;;;;;;;;;;;;;;;;;
10316;0.0006;0.0006;-0.0035;-0.0137;0.0098;0.0057;-0.0157;0.0006;0.0006;-0.0004;-0.0066;;;;;;;;;;;;;;;;;;;;;;;;;;;;;;;;;
10317;0.0014;0.0014;-0.0004;-0.0104;0.0168;0.0113;0.0066;0.0014;0.0014;0.004;-0.0322;;;;;;;;;;;;;;;;;;;;;;;;;;;;;;;;;
10318;0.0002;0.0002;0.0147;-0.0344;-0.0576;0.0249;-0.0154;0.0002;0.0002;0.026;0.0138;;;;;;;;;;;;;;;;;;;;;;;;;;;;;;;;;
10319;0.0007;0.0007;0.0205;0.0276;-0.0416;-0.0238;0.0419;0.0007;0.0007;0.0519;0.0377;;;;;;;;;;;;;;;;;;;;;;;;;;;;;;;;;
10320;0.0005;0.0005;-0.0206;-0.0153;0.0155;-0.013;-0.0051;0.0005;0.0005;-0.0345;-0.0122;;;;;;;;;;;;;;;;;;;;;;;;;;;;;;;;;
10321;0.0011;0.0011;-0.0428;0.0483;0.0119;0.0301;-0.0384;0.0011;0.0011;0.0403;-0.0383;;;;;;;;;;;;;;;;;;;;;;;;;;;;;;;;;
10322;0.0022;0.0022;-0.0074;0.0346;-0.0127;0.07;-0.0492;0.0022;0.0022;0.0351;0.0208;;;;;;;;;;;;;;;;;;;;;;;;;;;;;;;;;
10323;0.0005;0.0005;0.0011;-0.0185;0.0145;0.0116;-0.0107;0.0005;0.0005;0.0191;0.0028;;;;;;;;;;;;;;;;;;;;;;;;;;;;;;;;;
10324;0.0007;0.0007;-0.0039;-0.0084;-0.0158;0.0461;-0.0092;0.0007;0.0007;0.0363;0.0502;;;;;;;;;;;;;;;;;;;;;;;;;;;;;;;;;
10325;-0.001;-0.001;-0.0037;0.002;-0.01;-0.0111;-0.0006;-0.001;-0.001;0.0058;-0.0039;;;;;;;;;;;;;;;;;;;;;;;;;;;;;;;;;
10327;0.0005;0.0005;-0.0078;-0.0167;-0.0012;-0.0459;0.0317;0.0005;0.0005;0.0109;0.0142;;;;;;;;;;;;;;;;;;;;;;;;;;;;;;;;;
10328;-0.001;-0.001;-0.0028;-0.0014;-0.0182;-0.0161;0.0199;-0.001;-0.001;0.0081;-0.0174;;;;;;;;;;;;;;;;;;;;;;;;;;;;;;;;;
10329;0.0009;0.0009;0.0019;0.0344;-0.0243;0.0415;-0.0159;0.0009;0.0009;0.0137;0.0161;;;;;;;;;;;;;;;;;;;;;;;;;;;;;;;;;
10330;0.0003;0.0003;-0.0195;0.0013;-0.0009;0.0672;0.0163;0.0003;0.0003;0.1416;0.0325;;;;;;;;;;;;;;;;;;;;;;;;;;;;;;;;;
10331;0.0012;0.0012;-0.0006;0.001;0.0083;0.0074;0.016;0.0012;0.0012;0.0043;0.0057;;;;;;;;;;;;;;;;;;;;;;;;;;;;;;;;;
10332;-0.0001;-0.0001;0.0104;0.0324;0.0057;-0.0265;0.0152;-0.0001;-0.0001;-0.0082;-0.0376;;;;;;;;;;;;;;;;;;;;;;;;;;;;;;;;;
10333;-0.0019;-0.0019;0.0176;-0.0137;-0.0217;-0.0169;0.0061;-0.0019;-0.0019;-0.0458;-0.04;;;;;;;;;;;;;;;;;;;;;;;;;;;;;;;;;
10334;-0.0019;-0.0019;-0.004;0.0009;-0.0011;0.0062;-0.0038;-0.0019;-0.0019;-0.0137;-0.0145;;;;;;;;;;;;;;;;;;;;;;;;;;;;;;;;;
10335;0.002;0.002;0.0189;0.0508;0.0025;0.0523;-0.0203;0.002;0.002;0.0117;0.035;;;;;;;;;;;;;;;;;;;;;;;;;;;;;;;;;
10336;-0.0004;-0.0004;-0.0117;-0.0174;-0.0004;-0.0075;-0.0097;-0.0004;-0.0004;0.0143;0.0105;;;;;;;;;;;;;;;;;;;;;;;;;;;;;;;;;
10337;0;0;-0.016;0.0006;0.0098;0.0087;0.0023;0;0;-0.0037;0.0054;;;;;;;;;;;;;;;;;;;;;;;;;;;;;;;;;
10338;0.0005;0.0005;0.0141;-0.0123;0.0075;0.017;-0.0167;0.0005;0.0005;0.0181;0.0219;;;;;;;;;;;;;;;;;;;;;;;;;;;;;;;;;
10339;-0.0008;-0.0008;0.0173;0.0145;0.019;-0.0725;0.0063;-0.0008;-0.0008;-0.0166;-0.0208;;;;;;;;;;;;;;;;;;;;;;;;;;;;;;;;;
10340;-0.0004;-0.0004;0.0013;-0.0073;-0.0019;0.0039;0.0056;-0.0004;-0.0004;0.0099;0.0017;;;;;;;;;;;;;;;;;;;;;;;;;;;;;;;;;
10341;0.0006;0.0006;0.0218;-0.0018;-0.0086;0.0238;-0.0005;0.0006;0.0006;0.008;0.0416;;;;;;;;;;;;;;;;;;;;;;;;;;;;;;;;;
10342;0.0012;0.0012;0.0009;0.0226;0.0061;0.0307;0.0058;0.0012;0.0012;0.0251;0.028;;;;;;;;;;;;;;;;;;;;;;;;;;;;;;;;;
10343;-0.0009;-0.0009;-0.0087;-0.0329;-0.1117;-0.2964;-0.017;-0.0009;-0.0009;-0.1146;0.0613;;;;;;;;;;;;;;;;;;;;;;;;;;;;;;;;;
10344;0.0005;0.0005;-0.0184;-0.0042;0.0041;0.0238;-0.0122;0.0005;0.0005;0.0118;0.0104;;;;;;;;;;;;;;;;;;;;;;;;;;;;;;;;;
10345;0.0009;0.0009;-0.0096;0.0033;0.0044;-0.0044;-0.0092;0.0009;0.0009;0.0202;-0.0134;;;;;;;;;;;;;;;;;;;;;;;;;;;;;;;;;
10346;-0.0007;-0.0007;0.0144;-0.0071;0.0162;-0.0083;0.0026;-0.0007;-0.0007;0.0136;0.0093;;;;;;;;;;;;;;;;;;;;;;;;;;;;;;;;;
10347;0.0007;0.0007;-0.0126;0.02;-0.0155;0.0271;-0.0189;0.0007;0.0007;0.0292;0.0079;;;;;;;;;;;;;;;;;;;;;;;;;;;;;;;;;
10348;0.0007;0.0007;-0.0346;-0.0125;-0.0005;-0.054;0.0088;0.0007;0.0007;-0.0434;-0.035;;;;;;;;;;;;;;;;;;;;;;;;;;;;;;;;;
10349;-0.0029;-0.0029;-0.0168;0.0075;-0.0305;-0.0151;-0.0089;-0.0029;-0.0029;-0.0235;0.0031;;;;;;;;;;;;;;;;;;;;;;;;;;;;;;;;;
10350;-0.0003;-0.0003;-0.0084;-0.015;0.0034;-0.0221;-0.0297;-0.0003;-0.0003;-0.0037;-0.0586;;;;;;;;;;;;;;;;;;;;;;;;;;;;;;;;;
10351;-0.0005;-0.0005;-0.0069;-0.0122;0.0073;-0.0308;0.0099;-0.0005;-0.0005;-0.026;-0.0286;;;;;;;;;;;;;;;;;;;;;;;;;;;;;;;;;
10352;-0.0002;-0.0002;-0.0037;-0.0056;-0.0017;-0.0022;0.0039;-0.0002;-0.0002;-0.0091;-0.0217;;;;;;;;;;;;;;;;;;;;;;;;;;;;;;;;;
10353;-0.0006;-0.0006;0.005;-0.0207;-0.0071;0.0053;-0.0262;-0.0006;-0.0006;-0.0617;-0.0307;;;;;;;;;;;;;;;;;;;;;;;;;;;;;;;;;
10354;0.0018;0.0018;-0.0105;0.0045;-0.0037;0.0158;0.0088;0.0018;0.0018;0.0105;-0.0048;;;;;;;;;;;;;;;;;;;;;;;;;;;;;;;;;
10355;-8.5998E-6;-8.5998E-6;0.0041;-0.0013;0.0029;0.0032;-0.0064;-8.5998E-6;-8.5998E-6;0.0102;0.0144;;;;;;;;;;;;;;;;;;;;;;;;;;;;;;;;;
10356;0.0025;0.0025;0.0068;0.0442;-0.0043;0.0825;-0.0572;0.0025;0.0025;0.068;0.0181;;;;;;;;;;;;;;;;;;;;;;;;;;;;;;;;;
10357;-0.0006;-0.0006;-0.0056;-0.0199;-0.0215;0.0284;-0.0289;-0.0006;-0.0006;0.0052;-0.0005;;;;;;;;;;;;;;;;;;;;;;;;;;;;;;;;;
10358;-0.0008;-0.0008;-0.0101;-0.017;-0.0101;-0.0042;-0.0197;-0.0008;-0.0008;-0.0153;-0.017;;;;;;;;;;;;;;;;;;;;;;;;;;;;;;;;;
10359;-0.0006;-0.0006;0.0118;-0.0103;0.007;-0.0825;0.0101;-0.0006;-0.0006;-0.124;-0.0347;;;;;;;;;;;;;;;;;;;;;;;;;;;;;;;;;
10360;-0.0007;-0.0007;0.0132;0.0064;0.01;-0.0411;0.0052;-0.0007;-0.0007;-0.0198;-0.0252;;;;;;;;;;;;;;;;;;;;;;;;;;;;;;;;;
10361;0.0005;0.0005;0.0139;-0.0016;0.0037;-0.0011;0.0031;0.0005;0.0005;-0.0078;-0.0612;;;;;;;;;;;;;;;;;;;;;;;;;;;;;;;;;
10362;0.0001;0.0001;0.021;-0.026;0.0368;-0.0037;0.0021;0.0001;0.0001;0.0114;0.0608;;;;;;;;;;;;;;;;;;;;;;;;;;;;;;;;;
10363;0.0005;0.0005;-0.0158;0.0227;-0.0035;-0.0117;0.0182;0.0005;0.0005;0.0029;-0.0081;;;;;;;;;;;;;;;;;;;;;;;;;;;;;;;;;
10364;-0.0006;-0.0006;0.005;-0.0141;-0.0022;0.0053;0.0159;-0.0006;-0.0006;-0.0166;-0.0141;;;;;;;;;;;;;;;;;;;;;;;;;;;;;;;;;
10365;0.0003;0.0003;0.008;0.0068;0.0026;-0.0238;-0.0028;0.0003;0.0003;-0.0033;-0.0607;;;;;;;;;;;;;;;;;;;;;;;;;;;;;;;;;
10366;-0.0001;-0.0001;-0.0082;0.0281;-0.0056;-0.0124;0.0415;-0.0001;-0.0001;0.0119;0.0631;;;;;;;;;;;;;;;;;;;;;;;;;;;;;;;;;
10367;-0.0003;-0.0003;-0.0067;0.0154;0.003;-0.0128;0.0296;-0.0003;-0.0003;0.0315;-0.0429;;;;;;;;;;;;;;;;;;;;;;;;;;;;;;;;;
10368;-0.0009;-0.0009;-0.0051;-0.0006;-0.0216;0.0005;0.0013;-0.0009;-0.0009;-0.0202;-0.0276;;;;;;;;;;;;;;;;;;;;;;;;;;;;;;;;;
10369;0.0001;0.0001;0.0061;0.0004;0.0013;-0.0024;-0.0104;0.0001;0.0001;-0.0078;-0.0076;;;;;;;;;;;;;;;;;;;;;;;;;;;;;;;;;
10370;0.0013;0.0013;0.0068;0.0212;0.0073;0.0343;-0.0045;0.0013;0.0013;0.0233;0.0157;;;;;;;;;;;;;;;;;;;;;;;;;;;;;;;;;
10371;-0.0004;-0.0004;0.0141;-0.0055;0.0065;-0.0139;0.0057;-0.0004;-0.0004;0.0237;0.0226;;;;;;;;;;;;;;;;;;;;;;;;;;;;;;;;;
10372;0.0021;0.0021;0.0198;-0.0225;-0.0147;0.0217;-0.0006;0.0021;0.0021;0.0268;-0.0768;;;;;;;;;;;;;;;;;;;;;;;;;;;;;;;;;
10373;0.004;0.004;-0.0044;0.0267;0.0104;-0.0141;-0.0038;0.004;0.004;0.0725;0.0122;;;;;;;;;;;;;;;;;;;;;;;;;;;;;;;;;
10374;0.0025;0.0025;0.0298;0.0104;-0.0034;0.0303;-0.0389;0.0025;0.0025;0.007;-0.0154;;;;;;;;;;;;;;;;;;;;;;;;;;;;;;;;;
10375;-0.0017;-0.0017;-0.0053;-0.0103;0.0051;-0.016;0.0261;-0.0017;-0.0017;0.0294;0.0164;;;;;;;;;;;;;;;;;;;;;;;;;;;;;;;;;
10376;-0.0006;-0.0006;0.0277;0.0152;0.0266;0.0812;-0.0299;-0.0006;-0.0006;0.0091;0.074;;;;;;;;;;;;;;;;;;;;;;;;;;;;;;;;;
10377;0.0028;0.0028;-0.005;0.0379;0.0052;0.0608;-0.0173;0.0028;0.0028;0.0651;0.0027;;;;;;;;;;;;;;;;;;;;;;;;;;;;;;;;;
10378;-0.0011;-0.0011;-0.0245;-0.0248;-0.0077;-0.0584;0.0133;-0.0011;-0.0011;-0.0425;-0.0439;;;;;;;;;;;;;;;;;;;;;;;;;;;;;;;;;
10379;0.0017;0.0017;0.0214;0.0589;-0.0003;0.0436;-0.0152;0.0017;0.0017;0.0257;0.0669;;;;;;;;;;;;;;;;;;;;;;;;;;;;;;;;;
10380;0.0003;0.0003;-0.008;0.0015;-0.0107;0.0199;-0.0144;0.0003;0.0003;-0.0048;0.0085;;;;;;;;;;;;;;;;;;;;;;;;;;;;;;;;;
10381;-0.0004;-0.0004;-0.0002;-0.0004;0.0105;0.0122;-0.0017;-0.0004;-0.0004;0.0065;0.0247;;;;;;;;;;;;;;;;;;;;;;;;;;;;;;;;;
10382;0;0;0.0004;0.0044;-0.0069;0.036;0.0031;0;0;0.0155;0.0519;;;;;;;;;;;;;;;;;;;;;;;;;;;;;;;;;
10383;0.0012;0.0012;0.0052;0.012;0.0149;0.0473;-0.0009;0.0012;0.0012;0.0506;0.0475;;;;;;;;;;;;;;;;;;;;;;;;;;;;;;;;;
10384;-0.0006;-0.0006;-0.0419;-0.0144;0.0061;-0.0022;0.0264;-0.0006;-0.0006;0.0209;-0.0229;;;;;;;;;;;;;;;;;;;;;;;;;;;;;;;;;
10385;-0.0007;-0.0007;0.0278;0.0018;0.0026;-0.0182;-0.002;-0.0007;-0.0007;-0.0197;-0.0316;;;;;;;;;;;;;;;;;;;;;;;;;;;;;;;;;
10386;0.0007;0.0007;0.015;-0.0009;-0.0062;0.0292;-0.0324;0.0007;0.0007;0.0151;-0.0238;;;;;;;;;;;;;;;;;;;;;;;;;;;;;;;;;
10387;0.0027;0.0027;0.0145;0.0015;0.0229;0.03;-0.024;0.0027;0.0027;0.0363;-0.0052;;;;;;;;;;;;;;;;;;;;;;;;;;;;;;;;;
10388;-0.0006;-0.0006;-0.0115;-0.0217;-0.0211;-0.0585;-0.0326;-0.0006;-0.0006;-0.0827;-0.0044;;;;;;;;;;;;;;;;;;;;;;;;;;;;;;;;;
10389;0.0009;0.0009;0.064;-0.0148;0.0252;-0.0504;-0.0607;0.0009;0.0009;-0.0208;0.0021;;;;;;;;;;;;;;;;;;;;;;;;;;;;;;;;;
10390;0.0001;0.0001;-0.0262;0.006;-0.0121;0.0277;0.0034;0.0001;0.0001;0.0041;-0.0034;;;;;;;;;;;;;;;;;;;;;;;;;;;;;;;;;
10391;-0.0012;-0.0012;-0.0052;0.0024;0.0001;-0.0234;0.0111;-0.0012;-0.0012;-0.0084;-0.0004;;;;;;;;;;;;;;;;;;;;;;;;;;;;;;;;;
10392;-0.0004;-0.0004;0.0137;-0.0094;0.0149;0.005;-0.0138;-0.0004;-0.0004;0.0111;0.0225;;;;;;;;;;;;;;;;;;;;;;;;;;;;;;;;;
10393;0.0003;0.0003;0.007;-0.0424;0.0032;-0.029;0.0173;0.0003;0.0003;-0.0132;-0.011;;;;;;;;;;;;;;;;;;;;;;;;;;;;;;;;;
10394;0.0005;0.0005;0.0259;0.0137;0.0029;0.0957;-0.0804;0.0005;0.0005;0.0411;0.0719;;;;;;;;;;;;;;;;;;;;;;;;;;;;;;;;;
10395;0.0023;0.0023;-0.005;0.0036;0.0149;0.1853;-0.0232;0.0023;0.0023;0.1053;-0.0295;;;;;;;;;;;;;;;;;;;;;;;;;;;;;;;;;
10396;0.0002;0.0002;-0.0125;0.1063;0.0491;-0.0255;-0.011;0.0002;0.0002;-0.0041;-0.0317;;;;;;;;;;;;;;;;;;;;;;;;;;;;;;;;;
10397;-0.0007;-0.0007;-0.0543;-0.0011;-0.0161;-0.1429;0.1281;-0.0007;-0.0007;-0.0367;-0.08;;;;;;;;;;;;;;;;;;;;;;;;;;;;;;;;;
10398;0.0014;0.0014;0.0089;0.0044;0.005;0.0435;-0.0177;0.0014;0.0014;0.0108;0.0013;;;;;;;;;;;;;;;;;;;;;;;;;;;;;;;;;
10399;0.0021;0.0021;0.0004;0.0067;0.012;0.0062;0.0197;0.0021;0.0021;-0.0122;-0.0157;;;;;;;;;;;;;;;;;;;;;;;;;;;;;;;;;
10400;0.0011;0.0011;0.0004;0.0008;0.0086;0.0027;0.006;0.0011;0.0011;0.0139;0.0051;;;;;;;;;;;;;;;;;;;;;;;;;;;;;;;;;
10401;0.0019;0.0019;-0.0197;0.0194;-0.0206;-0.0562;0.0698;0.0019;0.0019;0.0085;0.0534;;;;;;;;;;;;;;;;;;;;;;;;;;;;;;;;;
10402;-0.0003;-0.0003;-0.0288;-0.0073;-0.0152;-0.1746;0.0989;-0.0003;-0.0003;-0.0201;-0.0521;;;;;;;;;;;;;;;;;;;;;;;;;;;;;;;;;
10403;0.0013;0.0013;0.0225;0.0195;0.015;-0.0129;-0.0252;0.0013;0.0013;0.001;0.0161;;;;;;;;;;;;;;;;;;;;;;;;;;;;;;;;;
10404;0.0006;0.0006;0.0063;-0.0331;0.0005;-0.0262;0.012;0.0006;0.0006;0.0237;0.0164;;;;;;;;;;;;;;;;;;;;;;;;;;;;;;;;;
10405;0.0015;0.0015;-0.0741;0.027;0.0001;-0.4451;0.1246;0.0015;0.0015;-0.815;-0.2811;;;;;;;;;;;;;;;;;;;;;;;;;;;;;;;;;
10406;-0.0003;-0.0003;0.0032;-0.022;-0.0045;-0.0509;0.0453;-0.0003;-0.0003;-0.0181;0.0101;;;;;;;;;;;;;;;;;;;;;;;;;;;;;;;;;
10407;0.0015;0.0015;0.0112;0.0142;0.0041;0.0062;0.0085;0.0015;0.0015;-0.0348;-0.0274;;;;;;;;;;;;;;;;;;;;;;;;;;;;;;;;;
10408;0.0006;0.0006;-0.0563;-0.0077;-0.0463;-0.0051;-0.0288;0.0006;0.0006;0.019;0.0205;;;;;;;;;;;;;;;;;;;;;;;;;;;;;;;;;
10409;0.0009;0.0009;-0.0009;-0.0149;0.0082;0.0372;0.0143;0.0009;0.0009;0.0054;0.0211;;;;;;;;;;;;;;;;;;;;;;;;;;;;;;;;;
10410;-0.0001;-0.0001;-0.0046;-0.0171;-0.0068;-0.0276;0.0006;-0.0001;-0.0001;-0.0103;-0.016;;;;;;;;;;;;;;;;;;;;;;;;;;;;;;;;;
10411;0.0007;0.0007;0.0143;-0.0025;-0.0072;-0.0081;-0.0198;0.0007;0.0007;0.0429;-0.0075;;;;;;;;;;;;;;;;;;;;;;;;;;;;;;;;;
10412;-0.0003;-0.0003;0.0205;-0.001;-0.0013;-0.0039;0.0739;-0.0003;-0.0003;-0.0336;0.0435;;;;;;;;;;;;;;;;;;;;;;;;;;;;;;;;;
10413;0.0005;0.0005;0.0084;0.0269;0.0113;0.0265;0.007;0.0005;0.0005;0.0207;0.0144;;;;;;;;;;;;;;;;;;;;;;;;;;;;;;;;;
10414;0.001;0.001;-0.0113;-0.0034;-0.0048;-0.0252;0.0022;0.001;0.001;-0.0068;-0.0178;;;;;;;;;;;;;;;;;;;;;;;;;;;;;;;;;
10415;-0.0007;-0.0007;-0.0025;-0.0114;0.0113;-0.0226;-0.0055;-0.0007;-0.0007;-0.0062;-0.0038;;;;;;;;;;;;;;;;;;;;;;;;;;;;;;;;;
10416;0.0011;0.0011;0.0095;-0.0117;-0.0158;-0.0067;-0.0497;0.0011;0.0011;0.0037;-0.0418;;;;;;;;;;;;;;;;;;;;;;;;;;;;;;;;;
10417;0.0007;0.0007;-0.0243;0.0149;-0.0239;-0.0631;0.0554;0.0007;0.0007;-0.0647;-0.0237;;;;;;;;;;;;;;;;;;;;;;;;;;;;;;;;;
10418;0.0003;0.0003;-0.0013;0.0076;-0.0001;0.0062;0.0101;0.0003;0.0003;0.0211;0.0102;;;;;;;;;;;;;;;;;;;;;;;;;;;;;;;;;
10419;0.0001;0.0001;0.0076;-0.0431;-0.0026;-0.0124;0.0133;0.0001;0.0001;-0.01;0.0009;;;;;;;;;;;;;;;;;;;;;;;;;;;;;;;;;
10420;0.0044;0.0044;-0.0163;0.0431;0.0178;0.0748;-0.0197;0.0044;0.0044;0.0619;0.0343;;;;;;;;;;;;;;;;;;;;;;;;;;;;;;;;;
10421;0.0011;0.0011;-0.0036;0.0095;-0.0029;0.0268;-0.0334;0.0011;0.0011;0.0202;0.0085;;;;;;;;;;;;;;;;;;;;;;;;;;;;;;;;;
10422;-0.0001;-0.0001;-0.0003;0.0019;0.0064;0.0225;-0.0312;-0.0001;-0.0001;0.0131;0.0132;;;;;;;;;;;;;;;;;;;;;;;;;;;;;;;;;
10423;-0.0001;-0.0001;-0.0142;0.001;0.0015;-0.0128;-0.0181;-0.0001;-0.0001;-0.0176;-0.0338;;;;;;;;;;;;;;;;;;;;;;;;;;;;;;;;;
10424;-0.001;-0.001;-0.0416;-0.0796;-0.0228;-0.2245;0.0052;-0.001;-0.001;-0.1508;-0.0796;;;;;;;;;;;;;;;;;;;;;;;;;;;;;;;;;
10425;0.0006;0.0006;-0.0373;-0.0061;0.0124;0.0002;0.0239;0.0006;0.0006;-0.0443;-0.0125;;;;;;;;;;;;;;;;;;;;;;;;;;;;;;;;;
10426;-0.0001;-0.0001;-0.0204;0.0035;-0.0049;-0.002;0.0172;-0.0001;-0.0001;-0.0088;0.013;;;;;;;;;;;;;;;;;;;;;;;;;;;;;;;;;
10427;0.001;0.001;0.0068;0.0045;-0.0015;-0.0408;0.0113;0.001;0.001;-0.0186;-0.0155;;;;;;;;;;;;;;;;;;;;;;;;;;;;;;;;;
10428;0.0002;0.0002;-0.0063;-0.0011;-0.0178;0.0035;0.0405;0.0002;0.0002;0.0358;0.0056;;;;;;;;;;;;;;;;;;;;;;;;;;;;;;;;;
10429;-0.0004;-0.0004;0.0025;0.0088;0.0033;0.0069;-0.0052;-0.0004;-0.0004;0.0122;0.0252;;;;;;;;;;;;;;;;;;;;;;;;;;;;;;;;;
10430;-0.0002;-0.0002;0.0023;-0.0138;-0.0064;0.0267;-0.0073;-0.0002;-0.0002;0.0041;0.0413;;;;;;;;;;;;;;;;;;;;;;;;;;;;;;;;;
10431;0.0015;0.0015;0.003;0.0141;0.0095;0.0496;-0.0316;0.0015;0.0015;0.011;0.0153;;;;;;;;;;;;;;;;;;;;;;;;;;;;;;;;;
10432;0.0013;0.0013;0.0153;-0.003;0.0021;-0.0095;-0.0045;0.0013;0.0013;0.0154;-0.0099;;;;;;;;;;;;;;;;;;;;;;;;;;;;;;;;;
10433;-0.001;-0.001;-0.0186;0.0203;0.0102;0.0571;0.0424;-0.001;-0.001;0.2213;0.1757;;;;;;;;;;;;;;;;;;;;;;;;;;;;;;;;;
10434;0.0003;0.0003;-0.0102;0.0018;0.0079;-0.0102;0.022;0.0003;0.0003;-0.0052;0.0019;;;;;;;;;;;;;;;;;;;;;;;;;;;;;;;;;
10435;-0.0001;-0.0001;-0.0242;0.0053;-0.0046;0.0014;0.0146;-0.0001;-0.0001;0.0062;0.0002;;;;;;;;;;;;;;;;;;;;;;;;;;;;;;;;;
10436;-0.0011;-0.0011;0.0192;-0.0037;-0.0215;0.0123;-0.0023;-0.0011;-0.0011;0.0252;0.0466;;;;;;;;;;;;;;;;;;;;;;;;;;;;;;;;;
10437;-0.0007;-0.0007;0.0149;-0.0093;0.0046;-0.0208;0.0131;-0.0007;-0.0007;0.002;0.0075;;;;;;;;;;;;;;;;;;;;;;;;;;;;;;;;;
10438;0.0006;0.0006;0.0122;0.0065;0.0134;0.0224;-0.0123;0.0006;0.0006;0.0113;-0.0097;;;;;;;;;;;;;;;;;;;;;;;;;;;;;;;;;
10439;0.0007;0.0007;0.0094;0.0162;-0.0044;0.0341;0.004;0.0007;0.0007;0.0501;0.0179;;;;;;;;;;;;;;;;;;;;;;;;;;;;;;;;;
10440;-0.0007;-0.0007;-0.0245;-0.0398;-0.0406;-0.0529;0.0018;-0.0007;-0.0007;-0.0675;-0.0887;;;;;;;;;;;;;;;;;;;;;;;;;;;;;;;;;
10441;0.0008;0.0008;0.01;-0.0353;0.0115;-0.0846;0.0265;0.0008;0.0008;-0.0723;0.0307;;;;;;;;;;;;;;;;;;;;;;;;;;;;;;;;;
10442;0.0001;0.0001;0.005;0.0104;0.004;0.0158;-0.0039;0.0001;0.0001;0.015;0.0276;;;;;;;;;;;;;;;;;;;;;;;;;;;;;;;;;
10443;0.0057;0.0057;0.0277;0.0049;-0.0175;0.0383;-0.067;0.0057;0.0057;0.0809;0.0009;;;;;;;;;;;;;;;;;;;;;;;;;;;;;;;;;
10444;0.0006;0.0006;0.0043;-0.0003;-0.0121;0.0165;-0.0143;0.0006;0.0006;0.0154;0.0347;;;;;;;;;;;;;;;;;;;;;;;;;;;;;;;;;
10445;0.0015;0.0015;0.0097;0.0289;-0.0008;-0.0774;-0.0308;0.0015;0.0015;-0.0129;-0.0769;;;;;;;;;;;;;;;;;;;;;;;;;;;;;;;;;
10446;0.0005;0.0005;0.0022;-0.0027;-0.0074;-0.0022;-0.0071;0.0005;0.0005;0.0083;-0.0098;;;;;;;;;;;;;;;;;;;;;;;;;;;;;;;;;
10447;0.0014;0.0014;-0.0084;0.0096;-0.0022;0.02;-0.0032;0.0014;0.0014;0.032;0.0343;;;;;;;;;;;;;;;;;;;;;;;;;;;;;;;;;
10448;-0.0002;-0.0002;-0.0146;-0.023;0.0013;-0.01;0.0088;-0.0002;-0.0002;-0.0111;0.0038;;;;;;;;;;;;;;;;;;;;;;;;;;;;;;;;;
10449;-0.0013;-0.0013;-0.0088;0.0008;-0.0059;0.0277;0.0336;-0.0013;-0.0013;0.0359;-0.0438;;;;;;;;;;;;;;;;;;;;;;;;;;;;;;;;;
10450;-0.0013;-0.0013;0.0058;-0.0155;-0.0071;0.0032;-0.0112;-0.0013;-0.0013;-0.0065;-0.0069;;;;;;;;;;;;;;;;;;;;;;;;;;;;;;;;;
10451;-0.0004;-0.0004;-0.002;0.0103;-0.0166;0.0242;-0.0239;-0.0004;-0.0004;-0.0307;-0.0701;;;;;;;;;;;;;;;;;;;;;;;;;;;;;;;;;
10452;-0.0028;-0.0028;-0.0148;-0.0148;-0.0357;-0.0503;0.0211;-0.0028;-0.0028;-0.065;-0.0508;;;;;;;;;;;;;;;;;;;;;;;;;;;;;;;;;
10453;0.0001;0.0001;-0.0007;0.0184;-0.0029;0.015;0.0057;0.0001;0.0001;0.003;-0.0624;;;;;;;;;;;;;;;;;;;;;;;;;;;;;;;;;
10454;-0.0006;-0.0006;-0.0114;0.0011;-0.0014;0.0022;0.0226;-0.0006;-0.0006;0.0157;-0.0018;;;;;;;;;;;;;;;;;;;;;;;;;;;;;;;;;
10455;0.0021;0.0021;-0.029;0.0531;-0.0103;0.034;0.0013;0.0021;0.0021;0.0172;0.0247;;;;;;;;;;;;;;;;;;;;;;;;;;;;;;;;;
10456;-0.0006;-0.0006;0.0291;-0.0331;0.0416;-0.0166;-0.0038;-0.0006;-0.0006;0.0096;0.0466;;;;;;;;;;;;;;;;;;;;;;;;;;;;;;;;;
10457;0.0001;0.0001;0.0122;-0.0107;0.0078;-0.0174;0.0272;0.0001;0.0001;-0.0259;-0.0121;;;;;;;;;;;;;;;;;;;;;;;;;;;;;;;;;
10458;-0.0009;-0.0009;-0.0021;-0.0026;0.0128;-0.0117;0.018;-0.0009;-0.0009;-0.0046;-0.0018;;;;;;;;;;;;;;;;;;;;;;;;;;;;;;;;;
10459;-0.0003;-0.0003;0.0059;-0.0042;-0.0094;-0.0417;0.0042;-0.0003;-0.0003;-0.0451;-0.024;;;;;;;;;;;;;;;;;;;;;;;;;;;;;;;;;
10460;-0.0005;-0.0005;-0.0081;-0.0072;-0.011;-0.0108;-0.0259;-0.0005;-0.0005;-0.0473;-0.0329;;;;;;;;;;;;;;;;;;;;;;;;;;;;;;;;;
10461;0.0013;0.0013;0.0032;-0.0089;-0.0003;0.0157;0.0057;0.0013;0.0013;0.0016;0.0027;;;;;;;;;;;;;;;;;;;;;;;;;;;;;;;;;
10462;0.0016;0.0016;0.0765;0.1138;-0.1269;0.0041;0.0138;0.0016;0.0016;0.0219;0.0005;;;;;;;;;;;;;;;;;;;;;;;;;;;;;;;;;
10463;0.0004;0.0004;-0.0118;-0.012;-0.0021;-0.0079;0.0089;0.0004;0.0004;0.019;-0.0252;;;;;;;;;;;;;;;;;;;;;;;;;;;;;;;;;
10464;-0.001;-0.001;0.0099;-0.0195;0.0139;-0.0065;0.0046;-0.001;-0.001;-0.0389;0.0126;;;;;;;;;;;;;;;;;;;;;;;;;;;;;;;;;
10465;0.0009;0.0009;0.0064;-0.004;0.0146;0.0205;-0.0298;0.0009;0.0009;0.0393;0.0277;;;;;;;;;;;;;;;;;;;;;;;;;;;;;;;;;
10466;-0.0002;-0.0002;-0.0013;-0.0026;0.0072;-0.0119;0.0095;-0.0002;-0.0002;0.0154;0.0287;;;;;;;;;;;;;;;;;;;;;;;;;;;;;;;;;
10467;-0.0021;-0.0021;-0.0091;-0.0059;-0.0167;0.0248;-0.0124;-0.0021;-0.0021;-0.0141;-0.0096;;;;;;;;;;;;;;;;;;;;;;;;;;;;;;;;;
10468;0.0022;0.0022;0.0202;-0.0007;-0.0087;0.015;-0.0152;0.0022;0.0022;0.0316;0.0134;;;;;;;;;;;;;;;;;;;;;;;;;;;;;;;;;
10469;-0.0031;-0.0031;-0.0111;0.0113;-0.0235;0.0338;0.0231;-0.0031;-0.0031;0.0486;-0.0025;;;;;;;;;;;;;;;;;;;;;;;;;;;;;;;;;
10470;-0.0002;-0.0002;0.0042;-0.0034;-0.0054;-0.0469;0.0057;-0.0002;-0.0002;0.0116;0.003;;;;;;;;;;;;;;;;;;;;;;;;;;;;;;;;;
10471;0.0006;0.0006;0.0162;-0.0048;-0.0023;-0.0362;-0.0106;0.0006;0.0006;0.0049;0.008;;;;;;;;;;;;;;;;;;;;;;;;;;;;;;;;;
10472;0.0007;0.0007;-0.0086;-0.002;0.0053;-0.0265;-0.0078;0.0007;0.0007;-0.0087;-0.0125;;;;;;;;;;;;;;;;;;;;;;;;;;;;;;;;;
10473;0.0026;0.0026;-0.0328;0.0591;-0.0033;0.0658;-0.0276;0.0026;0.0026;0.0364;0.027;;;;;;;;;;;;;;;;;;;;;;;;;;;;;;;;;
10474;0.002;0.002;-0.0274;0.0163;-0.0054;0.0139;-0.0044;0.002;0.002;0.0404;-0.0227;;;;;;;;;;;;;;;;;;;;;;;;;;;;;;;;;
10475;0.0005;0.0005;0.0035;-0.0139;0.0059;-0.0368;0.0224;0.0005;0.0005;0.0108;-0.0206;;;;;;;;;;;;;;;;;;;;;;;;;;;;;;;;;
10476;0.003;0.003;-0.0189;0.0287;-0.0152;0.0225;-0.0243;0.003;0.003;0.0319;-0.0982;;;;;;;;;;;;;;;;;;;;;;;;;;;;;;;;;
10477;0.0016;0.0016;-0.0029;0.0275;0.0168;0.0024;0.0306;0.0016;0.0016;-0.0104;0.0571;;;;;;;;;;;;;;;;;;;;;;;;;;;;;;;;;
10478;0.0003;0.0003;0.0261;0.0047;-0.0077;0.0182;-0.0085;0.0003;0.0003;0.0262;0.0382;;;;;;;;;;;;;;;;;;;;;;;;;;;;;;;;;
10479;-0.0001;-0.0001;0.0005;-0.0089;-0.0057;-0.042;0.0137;-0.0001;-0.0001;-0.0337;0.0119;;;;;;;;;;;;;;;;;;;;;;;;;;;;;;;;;
10480;0.0019;0.0019;0.0068;0.0093;0.0051;0.133;-0.0226;0.0019;0.0019;0.1374;-0.0245;;;;;;;;;;;;;;;;;;;;;;;;;;;;;;;;;
10481;0.0001;0.0001;-0.0184;0.0024;0.0114;0.0071;0.0162;0.0001;0.0001;0.0176;0.0105;;;;;;;;;;;;;;;;;;;;;;;;;;;;;;;;;
10482;0.0002;0.0002;0.0017;-0.0047;0.0057;0.0165;0.0028;0.0002;0.0002;0.0239;0.0179;;;;;;;;;;;;;;;;;;;;;;;;;;;;;;;;;
10483;0.0007;0.0007;0.0008;-0.0011;-0.0035;-0.0249;0.005;0.0007;0.0007;-0.0019;-0.0133;;;;;;;;;;;;;;;;;;;;;;;;;;;;;;;;;
10484;-0.0012;-0.0012;0.0081;0.0002;-0.0052;0.0407;-0.0156;-0.0012;-0.0012;-0.0125;0.0169;;;;;;;;;;;;;;;;;;;;;;;;;;;;;;;;;
10485;0.0001;0.0001;0.0142;-0.0009;0.0157;0.0325;-0.0033;0.0001;0.0001;0.0393;0.0266;;;;;;;;;;;;;;;;;;;;;;;;;;;;;;;;;
10486;-6.0723E-6;-6.0723E-6;-0.0018;-0.0126;0.0001;-0.0102;-0.0028;-6.0723E-6;-6.0723E-6;-0.0226;-0.0161;;;;;;;;;;;;;;;;;;;;;;;;;;;;;;;;;
10487;0.002;0.002;0.0058;0.0064;0.0094;0.0541;-0.0047;0.002;0.002;0.0264;0.0371;;;;;;;;;;;;;;;;;;;;;;;;;;;;;;;;;
10488;0.0001;0.0001;0.0177;0.0157;0.0214;0.0099;-0.0034;0.0001;0.0001;0.0152;0.0287;;;;;;;;;;;;;;;;;;;;;;;;;;;;;;;;;
10489;0.002;0.002;-0.0114;0.0062;-0.0036;0.0212;-0.0043;0.002;0.002;0.0652;-0.0322;;;;;;;;;;;;;;;;;;;;;;;;;;;;;;;;;
10490;0.0048;0.0048;0.0091;0.0463;-0.0292;0.1081;0.0305;0.0048;0.0048;0.0913;0.0341;;;;;;;;;;;;;;;;;;;;;;;;;;;;;;;;;
10491;-0.001;-0.001;-0.0009;-0.0075;-0.0049;0.0071;-0.0276;-0.001;-0.001;0.0074;-0.0056;;;;;;;;;;;;;;;;;;;;;;;;;;;;;;;;;
10492;-0.0003;-0.0003;-0.0166;0.0008;-0.0183;-0.022;-0.0146;-0.0003;-0.0003;0.0042;-0.0146;;;;;;;;;;;;;;;;;;;;;;;;;;;;;;;;;
10493;0.0016;0.0016;0.0109;0.0057;0.0009;0.0104;-0.0294;0.0016;0.0016;-0.016;-0.0133;;;;;;;;;;;;;;;;;;;;;;;;;;;;;;;;;
10494;-0.0007;-0.0007;-0.0099;-0.0166;0.0012;-0.0385;0.0061;-0.0007;-0.0007;-0.0207;-0.0341;;;;;;;;;;;;;;;;;;;;;;;;;;;;;;;;;
10495;-0.0021;-0.0021;-0.0015;-0.0082;-0.0043;-0.0165;-0.0062;-0.0021;-0.0021;0.003;0.0173;;;;;;;;;;;;;;;;;;;;;;;;;;;;;;;;;
10496;-0.0001;-0.0001;0.0047;-0.0078;-0.0059;-0.0365;0.0185;-0.0001;-0.0001;-0.0205;-0.0409;;;;;;;;;;;;;;;;;;;;;;;;;;;;;;;;;
10497;-0.0008;-0.0008;0.0076;0.0106;-0.0003;-0.0057;0.0039;-0.0008;-0.0008;0.0041;0.0085;;;;;;;;;;;;;;;;;;;;;;;;;;;;;;;;;
10498;0.0003;0.0003;0.0005;0.0705;0.0247;-0.0108;0.0167;0.0003;0.0003;0.0254;0.0054;;;;;;;;;;;;;;;;;;;;;;;;;;;;;;;;;
10499;0.0022;0.0022;-0.005;0.0058;0.0073;0.0152;-0.0049;0.0022;0.0022;0.0133;0.0139;;;;;;;;;;;;;;;;;;;;;;;;;;;;;;;;;
10500;0.0004;0.0004;-0.0153;0.0111;-0.0006;0.0235;0.0079;0.0004;0.0004;0.007;-0.0042;;;;;;;;;;;;;;;;;;;;;;;;;;;;;;;;;
10501;0.0016;0.0016;-0.0223;0.0021;-0.0133;0.0425;0.0119;0.0016;0.0016;0.0213;0.0016;;;;;;;;;;;;;;;;;;;;;;;;;;;;;;;;;
10502;-0.0003;-0.0003;-0.009;-0.0089;0.0143;-0.0455;-0.0032;-0.0003;-0.0003;-0.018;-0.0366;;;;;;;;;;;;;;;;;;;;;;;;;;;;;;;;;
10503;0.0008;0.0008;-0.01;0.0392;0.0159;0.0536;-0.0112;0.0008;0.0008;0.0476;0.0425;;;;;;;;;;;;;;;;;;;;;;;;;;;;;;;;;
10504;0.0004;0.0004;0.0172;-0.0024;0.0017;0.0425;0.0149;0.0004;0.0004;-0.0016;-0.0186;;;;;;;;;;;;;;;;;;;;;;;;;;;;;;;;;
10505;-0.0002;-0.0002;-0.0067;0.0088;-0.0074;0.0006;0.0082;-0.0002;-0.0002;-0.0042;0.0067;;;;;;;;;;;;;;;;;;;;;;;;;;;;;;;;;
10506;0.0003;0.0003;0.0139;-0.0117;0.0064;0.0116;-0.0021;0.0003;0.0003;0.0082;0.0115;;;;;;;;;;;;;;;;;;;;;;;;;;;;;;;;;
10507;0.0016;0.0016;-0.0036;0.009;-0.01;0.0366;-0.0101;0.0016;0.0016;0.0246;0.0093;;;;;;;;;;;;;;;;;;;;;;;;;;;;;;;;;
10508;-0.0019;-0.0019;0.0004;-0.0153;-0.0006;-0.0153;-0.0728;-0.0019;-0.0019;0.0075;-0.0528;;;;;;;;;;;;;;;;;;;;;;;;;;;;;;;;;
10509;0.0001;0.0001;0.0022;-0.0023;0.0077;0.0057;0.0236;0.0001;0.0001;0.0046;-0.0067;;;;;;;;;;;;;;;;;;;;;;;;;;;;;;;;;
10510;0.0019;0.0019;-0.0204;0.006;-0.0006;0.0148;-0.007;0.0019;0.0019;0.0176;0.0378;;;;;;;;;;;;;;;;;;;;;;;;;;;;;;;;;
10511;0.0001;0.0001;-0.0006;-0.0108;0.0184;0.0018;0.0315;0.0001;0.0001;0.022;-0.0255;;;;;;;;;;;;;;;;;;;;;;;;;;;;;;;;;
10512;-0.0011;-0.0011;0.0031;0.0125;-0.0093;-0.073;0.0378;-0.0011;-0.0011;-0.0445;-0.0172;;;;;;;;;;;;;;;;;;;;;;;;;;;;;;;;;
10513;-0.0004;-0.0004;0.0086;-0.0002;0.0029;-0.0375;0.0263;-0.0004;-0.0004;-0.014;0.0123;;;;;;;;;;;;;;;;;;;;;;;;;;;;;;;;;
10514;-0.0023;-0.0023;-0.0005;-0.0221;0.0065;-0.0314;0.0187;-0.0023;-0.0023;-0.0288;-0.0429;;;;;;;;;;;;;;;;;;;;;;;;;;;;;;;;;
10515;-0.0002;-0.0002;0.0121;-0.0262;0.0055;-0.0587;0.0136;-0.0002;-0.0002;-0.0079;-0.0397;;;;;;;;;;;;;;;;;;;;;;;;;;;;;;;;;
10516;0.0002;0.0002;0.0001;0.0021;0.0483;-0.0028;-0.0066;0.0002;0.0002;-0.0288;-0.0283;;;;;;;;;;;;;;;;;;;;;;;;;;;;;;;;;
10517;-0.0007;-0.0007;0.0013;0.0017;-0.0024;0.0279;-0.0066;-0.0007;-0.0007;-0.0083;0.0067;;;;;;;;;;;;;;;;;;;;;;;;;;;;;;;;;
10518;0.002;0.002;0.0065;0.0252;-0.0085;0.0494;-0.034;0.002;0.002;0.0324;0.05;;;;;;;;;;;;;;;;;;;;;;;;;;;;;;;;;
10519;0.0009;0.0009;-0.0151;0.0221;-0.1824;0.0227;-0.0468;0.0009;0.0009;-0.0335;0.0143;;;;;;;;;;;;;;;;;;;;;;;;;;;;;;;;;
10520;-0.0001;-0.0001;-0.0203;0.0008;-0.004;0.0169;-0.005;-0.0001;-0.0001;-0.0022;-0.0181;;;;;;;;;;;;;;;;;;;;;;;;;;;;;;;;;
10521;-0.0009;-0.0009;-0.0002;-0.0225;0.0109;-0.0221;0.0099;-0.0009;-0.0009;0.0302;0.0211;;;;;;;;;;;;;;;;;;;;;;;;;;;;;;;;;
10522;-0.0009;-0.0009;-0.0214;0.0101;-0.003;-0.0226;-0.0085;-0.0009;-0.0009;-0.0101;-0.03;;;;;;;;;;;;;;;;;;;;;;;;;;;;;;;;;
10523;0.0006;0.0006;-0.0028;0.0195;-0.0363;0.0168;-0.0228;0.0006;0.0006;0.0352;-0.0066;;;;;;;;;;;;;;;;;;;;;;;;;;;;;;;;;
10524;0.0011;0.0011;-0.0039;0.003;-0.002;-0.0263;-0.0095;0.0011;0.0011;-0.0144;-0.0059;;;;;;;;;;;;;;;;;;;;;;;;;;;;;;;;;
10525;0.0011;0.0011;-0.0475;-0.0057;0.0029;0.0275;0.0312;0.0011;0.0011;-0.0104;0.0334;;;;;;;;;;;;;;;;;;;;;;;;;;;;;;;;;
10526;0.0009;0.0009;-0.006;0.018;0.0155;-0.0326;-0.0209;0.0009;0.0009;-0.0889;-0.0073;;;;;;;;;;;;;;;;;;;;;;;;;;;;;;;;;
10527;0.0011;0.0011;-0.0062;0.0084;0.0072;0.0293;0.0008;0.0011;0.0011;0.0108;0.0618;;;;;;;;;;;;;;;;;;;;;;;;;;;;;;;;;
10528;-0.0009;-0.0009;-0.0046;0.0054;-0.0025;-0.0285;0.007;-0.0009;-0.0009;0.0062;0.0096;;;;;;;;;;;;;;;;;;;;;;;;;;;;;;;;;
10529;0.0023;0.0023;-0.0017;0.0384;0.0016;0.0215;-0.0047;0.0023;0.0023;0.0406;0.0284;;;;;;;;;;;;;;;;;;;;;;;;;;;;;;;;;
10530;-0.0013;-0.0013;-0.0163;-0.0107;-0.0057;-0.015;0.0149;-0.0013;-0.0013;0.0059;-0.0062;;;;;;;;;;;;;;;;;;;;;;;;;;;;;;;;;
10531;0.0014;0.0014;0.0061;0.0084;0.0041;-0.0015;0.0245;0.0014;0.0014;0.0038;-0.0019;;;;;;;;;;;;;;;;;;;;;;;;;;;;;;;;;
10532;0.0002;0.0002;-0.0061;0.011;0.0067;-0.027;0.0061;0.0002;0.0002;0.0062;0.0205;;;;;;;;;;;;;;;;;;;;;;;;;;;;;;;;;
10533;0.0001;0.0001;-0.0062;-0.0069;-0.0035;-0.0338;0.0166;0.0001;0.0001;0.0065;-0.001;;;;;;;;;;;;;;;;;;;;;;;;;;;;;;;;;
10534;0.0001;0.0001;0.0027;-0.0061;-0.0039;-0.0296;0.0068;0.0001;0.0001;-0.0053;-0.0029;;;;;;;;;;;;;;;;;;;;;;;;;;;;;;;;;
10535;0.0003;0.0003;-0.0027;-0.0021;-0.0121;-0.0061;-0.0181;0.0003;0.0003;0.02;-0.011;;;;;;;;;;;;;;;;;;;;;;;;;;;;;;;;;
10536;-0.0014;-0.0014;-0.0161;0.0059;-0.0077;0.0326;-0.0154;-0.0014;-0.0014;0.0351;0.0223;;;;;;;;;;;;;;;;;;;;;;;;;;;;;;;;;
10537;0.0007;0.0007;-0.041;0.0331;0.0021;0.0171;-0.0047;0.0007;0.0007;0.016;0.0223;;;;;;;;;;;;;;;;;;;;;;;;;;;;;;;;;
10538;0.0011;0.0011;-0.0093;0.0007;-0.0063;0.0411;-0.0269;0.0011;0.0011;0.0121;0.0013;;;;;;;;;;;;;;;;;;;;;;;;;;;;;;;;;
10539;0.0021;0.0021;-0.0648;0.0198;-0.0027;0.0003;-0.0085;0.0021;0.0021;0.0018;-0.0316;;;;;;;;;;;;;;;;;;;;;;;;;;;;;;;;;
10540;-0.0019;-0.0019;-0.0245;0.0029;-0.0368;-0.0132;0.0044;-0.0019;-0.0019;-0.0095;-0.0872;;;;;;;;;;;;;;;;;;;;;;;;;;;;;;;;;
10541;-0.0002;-0.0002;-0.0032;-0.0182;0.011;0.0121;-0.005;-0.0002;-0.0002;0.1094;0.0284;;;;;;;;;;;;;;;;;;;;;;;;;;;;;;;;;
10542;0.005;0.005;-0.0092;-0.0297;-0.047;0.0859;-0.0248;0.005;0.005;0.0866;-0.0042;;;;;;;;;;;;;;;;;;;;;;;;;;;;;;;;;
10543;0.0013;0.0013;-0.0143;0.0324;-0.0307;0.0225;0.012;0.0013;0.0013;-0.0026;0.0473;;;;;;;;;;;;;;;;;;;;;;;;;;;;;;;;;
10544;0.0006;0.0006;0.0176;-0.0063;-0.0067;0.0285;-0.0042;0.0006;0.0006;0.0367;-0.014;;;;;;;;;;;;;;;;;;;;;;;;;;;;;;;;;
10545;-0.0011;-0.0011;-0.0013;-0.0043;-0.0157;-0.0038;-0.048;-0.0011;-0.0011;-0.0295;-0.0295;;;;;;;;;;;;;;;;;;;;;;;;;;;;;;;;;
10546;-0.0005;-0.0005;0.0006;-0.0023;0.0114;0.0276;0.0308;-0.0005;-0.0005;0.0235;0.0312;;;;;;;;;;;;;;;;;;;;;;;;;;;;;;;;;
10547;0;0;0.002;-0.0054;0.006;-0.0218;0.0167;0;0;0.0039;0.0225;;;;;;;;;;;;;;;;;;;;;;;;;;;;;;;;;
10548;-0.0009;-0.0009;-0.0191;-0.0012;0.0087;-0.0268;0.0049;-0.0009;-0.0009;0.014;-0.0097;;;;;;;;;;;;;;;;;;;;;;;;;;;;;;;;;
10549;-0.0013;-0.0013;-0.0034;-0.003;-0.0058;-0.0097;-0.0182;-0.0013;-0.0013;-0.0576;-0.0066;;;;;;;;;;;;;;;;;;;;;;;;;;;;;;;;;
10550;-0.0008;-0.0008;-0.0174;-0.0255;-0.0206;0.0171;-0.0074;-0.0008;-0.0008;-0.0423;-0.0466;;;;;;;;;;;;;;;;;;;;;;;;;;;;;;;;;
10551;0.0003;0.0003;0.0174;0.005;-0.0017;-0.0081;-0.0306;0.0003;0.0003;0.0528;-0.0315;;;;;;;;;;;;;;;;;;;;;;;;;;;;;;;;;
10552;0.0012;0.0012;-0.014;0.0109;-0.0113;-0.1207;-0.0244;0.0012;0.0012;-0.2218;-0.1777;;;;;;;;;;;;;;;;;;;;;;;;;;;;;;;;;
10553;-0.0008;-0.0008;-0.014;0.049;-0.0165;-0.0206;0.0191;-0.0008;-0.0008;0.0374;-0.0203;;;;;;;;;;;;;;;;;;;;;;;;;;;;;;;;;
10554;-0.0019;-0.0019;-0.008;-0.0165;-0.0057;-0.045;0.0131;-0.0019;-0.0019;-0.0166;-0.0204;;;;;;;;;;;;;;;;;;;;;;;;;;;;;;;;;
10555;0.0011;0.0011;0.0042;0.0081;0.014;0.0618;0.0239;0.0011;0.0011;0.0199;0.0266;;;;;;;;;;;;;;;;;;;;;;;;;;;;;;;;;
10556;-0.0024;-0.0024;-0.0076;-0.0248;-0.0041;-0.1167;0.005;-0.0024;-0.0024;-0.1009;-0.0523;;;;;;;;;;;;;;;;;;;;;;;;;;;;;;;;;
10557;-0.0009;-0.0009;0.0287;-0.0216;0.0105;0.0034;-0.0095;-0.0009;-0.0009;0.0129;-0.0466;;;;;;;;;;;;;;;;;;;;;;;;;;;;;;;;;
10558;-0.0002;-0.0002;-0.0037;-0.0165;0.0114;-0.0646;0.0303;-0.0002;-0.0002;0.0053;-0.0194;;;;;;;;;;;;;;;;;;;;;;;;;;;;;;;;;
10559;0.0014;0.0014;0.0107;0.0035;0.01;0.0342;-0.0614;0.0014;0.0014;0.0613;-0.0002;;;;;;;;;;;;;;;;;;;;;;;;;;;;;;;;;
10560;0.0038;0.0038;-0.0161;-0.0043;0.0107;0.0385;-0.0272;0.0038;0.0038;0.0334;0.025;;;;;;;;;;;;;;;;;;;;;;;;;;;;;;;;;
10561;-0.0006;-0.0006;-0.0066;-0.0337;-0.097;-0.1327;0.0426;-0.0006;-0.0006;-0.0656;-0.0825;;;;;;;;;;;;;;;;;;;;;;;;;;;;;;;;;
10562;-0.0007;-0.0007;0.001;-0.0247;0.0027;-0.0242;0.0124;-0.0007;-0.0007;-0.0223;-0.0329;;;;;;;;;;;;;;;;;;;;;;;;;;;;;;;;;
10563;-0.0006;-0.0006;0.0009;-0.0033;-0.0092;0.0066;-0.0081;-0.0006;-0.0006;-0.0117;-0.0213;;;;;;;;;;;;;;;;;;;;;;;;;;;;;;;;;
10564;-0.0006;-0.0006;-0.0195;-0.037;-0.0186;-0.0372;0.0149;-0.0006;-0.0006;-0.0161;-0.0131;;;;;;;;;;;;;;;;;;;;;;;;;;;;;;;;;
10565;0.0003;0.0003;0.0151;-0.0029;0.0305;0.0154;0.0197;0.0003;0.0003;0.0115;0.0069;;;;;;;;;;;;;;;;;;;;;;;;;;;;;;;;;
10566;-0.0007;-0.0007;0.0022;-0.0273;0.0123;-0.0217;0.0196;-0.0007;-0.0007;0.0248;0.0191;;;;;;;;;;;;;;;;;;;;;;;;;;;;;;;;;
10567;0.0012;0.0012;0.0073;0.0089;-0.0085;0.0638;-0.0269;0.0012;0.0012;0.0313;0.0442;;;;;;;;;;;;;;;;;;;;;;;;;;;;;;;;;
10568;0;0;0.0087;0.0014;-0.0049;0.0123;0.0006;0;0;-0.0027;0.0048;;;;;;;;;;;;;;;;;;;;;;;;;;;;;;;;;
10569;0.0013;0.0013;0.0078;0.0146;0.0006;-0.0143;0.0035;0.0013;0.0013;0.0233;-0.0097;;;;;;;;;;;;;;;;;;;;;;;;;;;;;;;;;
10570;0.0056;0.0056;0.0301;0.0216;0.0169;0.0545;0.0145;0.0056;0.0056;0.0508;0.032;;;;;;;;;;;;;;;;;;;;;;;;;;;;;;;;;
10571;-0.0003;-0.0003;-0.0232;0.021;0.028;0.0713;-0.0028;-0.0003;-0.0003;0.0535;-0.1704;;;;;;;;;;;;;;;;;;;;;;;;;;;;;;;;;
10572;-0.0015;-0.0015;-0.0138;-0.0117;0.0104;-0.0339;0.0316;-0.0015;-0.0015;-0.0174;-0.0236;;;;;;;;;;;;;;;;;;;;;;;;;;;;;;;;;
10573;-0.0024;-0.0024;-0.0074;-0.0042;0.0036;-0.001;-0.0002;-0.0024;-0.0024;-0.001;0.0007;;;;;;;;;;;;;;;;;;;;;;;;;;;;;;;;;
10574;0.0026;0.0026;-0.0335;0.0783;0.0159;0.0575;-0.0101;0.0026;0.0026;0.0147;0.0042;;;;;;;;;;;;;;;;;;;;;;;;;;;;;;;;;
10575;-0.0005;-0.0005;-0.0025;-0.001;0.0016;0.0084;-0.0088;-0.0005;-0.0005;0.0002;-0.0067;;;;;;;;;;;;;;;;;;;;;;;;;;;;;;;;;
10576;-0.0005;-0.0005;0.0129;-0.0305;-0.0225;-0.0229;0.001;-0.0005;-0.0005;-0.0126;-0.0332;;;;;;;;;;;;;;;;;;;;;;;;;;;;;;;;;
10577;0.0004;0.0004;-0.0079;0.0039;-0.0038;-0.0054;0.0299;0.0004;0.0004;0.0163;-0.0056;;;;;;;;;;;;;;;;;;;;;;;;;;;;;;;;;
10578;-0.002;-0.002;-0.0107;0.004;-0.0135;-0.0308;0.0083;-0.002;-0.002;-0.0144;-0.0149;;;;;;;;;;;;;;;;;;;;;;;;;;;;;;;;;
10579;0.0002;0.0002;-0.0125;0.0035;-0.0041;-0.0451;0.0191;0.0002;0.0002;0.0163;0.0072;;;;;;;;;;;;;;;;;;;;;;;;;;;;;;;;;
10580;0.0127;0.0127;-0.0122;0.0482;0.0202;0.0297;-0.0032;0.0127;0.0127;0.037;-0.0086;;;;;;;;;;;;;;;;;;;;;;;;;;;;;;;;;
10581;-0.0002;-0.0002;-0.01;0.0052;-0.0208;-0.0087;-0.0221;-0.0002;-0.0002;-0.029;-0.0206;;;;;;;;;;;;;;;;;;;;;;;;;;;;;;;;;
10582;0.0004;0.0004;-0.0094;0.0749;-0.0042;-0.0116;0.0041;0.0004;0.0004;-0.0383;-0.044;;;;;;;;;;;;;;;;;;;;;;;;;;;;;;;;;
10583;0.003;0.003;-0.0246;0.0005;0.0075;0.044;-0.0486;0.003;0.003;0.0278;0.0141;;;;;;;;;;;;;;;;;;;;;;;;;;;;;;;;;
10584;0.001;0.001;0.0096;-0.004;-0.0097;0.0024;-0.0175;0.001;0.001;0.0362;-0.023;;;;;;;;;;;;;;;;;;;;;;;;;;;;;;;;;
10585;0.0034;0.0034;0.0086;0.003;0.0014;0.1541;0.0089;0.0034;0.0034;0.1458;0.0196;;;;;;;;;;;;;;;;;;;;;;;;;;;;;;;;;
10586;0.0003;0.0003;-0.0365;0.025;-0.03;0.0138;0.007;0.0003;0.0003;0.045;-0.0095;;;;;;;;;;;;;;;;;;;;;;;;;;;;;;;;;
10587;0.0008;0.0008;-0.01;-0.0042;0.007;-0.0035;0.0296;0.0008;0.0008;0.0019;-0.0057;;;;;;;;;;;;;;;;;;;;;;;;;;;;;;;;;
10588;-0.0003;-0.0003;-0.0025;0.0075;-0.0117;0.0163;-0.0222;-0.0003;-0.0003;0.008;0.0004;;;;;;;;;;;;;;;;;;;;;;;;;;;;;;;;;
10589;-0.0005;-0.0005;0.0146;-0.0188;-0.0326;-0.0956;0.0284;-0.0005;-0.0005;-0.0239;-0.0541;;;;;;;;;;;;;;;;;;;;;;;;;;;;;;;;;
10590;0.0006;0.0006;-0.0385;0.0345;-0.02;0.0275;-0.0104;0.0006;0.0006;0.0178;0.0054;;;;;;;;;;;;;;;;;;;;;;;;;;;;;;;;;
10591;0;0;0.0152;-0.0171;-0.0867;-0.0762;0.0529;0;0;-0.0443;-0.0779;;;;;;;;;;;;;;;;;;;;;;;;;;;;;;;;;
10592;0.0003;0.0003;-0.0036;0.0059;0.0285;0.0216;-0.0196;0.0003;0.0003;0.0237;0.0383;;;;;;;;;;;;;;;;;;;;;;;;;;;;;;;;;
10593;0.0034;0.0034;-0.0055;0.1024;0.0219;0.0248;-0.0713;0.0034;0.0034;0.0125;-0.0183;;;;;;;;;;;;;;;;;;;;;;;;;;;;;;;;;
10594;-0.0017;-0.0017;0.0127;0.0141;-0.0219;-0.0294;-0.0166;-0.0017;-0.0017;-0.0115;-0.0139;;;;;;;;;;;;;;;;;;;;;;;;;;;;;;;;;
10595;-0.0017;-0.0017;0.0115;-0.0095;0.0012;-0.0955;0.0053;-0.0017;-0.0017;-0.0219;-0.0248;;;;;;;;;;;;;;;;;;;;;;;;;;;;;;;;;
10596;0.0003;0.0003;0.0092;-0.0219;-0.019;0.0563;-0.0228;0.0003;0.0003;0.0168;-0.0022;;;;;;;;;;;;;;;;;;;;;;;;;;;;;;;;;
10597;0.0003;0.0003;-0.0032;0.0097;-0.014;-0.0202;-0.011;0.0003;0.0003;-0.0025;-0.0433;;;;;;;;;;;;;;;;;;;;;;;;;;;;;;;;;
10598;-0.0002;-0.0002;-0.0237;0.0133;-0.0166;0.0417;-0.0193;-0.0002;-0.0002;0.0502;0.0398;;;;;;;;;;;;;;;;;;;;;;;;;;;;;;;;;
10599;0.002;0.002;-0.0037;-0.0082;-0.0298;0.0207;-0.0168;0.002;0.002;0.0655;-0.0794;;;;;;;;;;;;;;;;;;;;;;;;;;;;;;;;;
10600;-0.0013;-0.0013;-0.0062;-0.0118;0.008;-0.0043;-0.0077;-0.0013;-0.0013;0.0096;-0.0058;;;;;;;;;;;;;;;;;;;;;;;;;;;;;;;;;
