firm_id;russia_exposure;ru_supplier;ru_customer;n_ru_suppliers;n_ru_customers
1CNHI IM Equity;1;1;0;3;0
AAL LN Equity;1;1;0;1;0
ABBN SE Equity;1;1;1;1;1
ABI BB Equity;1;1;1;2;2
ADP FP Equity;1;0;1;0;4
ADS GY Equity;1;1;0;1;0
AENA SQ Equity;1;0;1;0;1
AI FP Equity;1;1;1;1;4
AIR FP Equity;1;1;1;7;12
AKZA NA Equity;1;0;1;0;1
ALFA SS Equity;1;1;1;1;1
AMS SQ Equity;1;0;1;0;3
ANDR AV Equity;1;0;1;0;5
ATO FP Equity;1;0;1;0;1
AVOL SE Equity;1;1;1;2;1
AVV LN Equity;1;0;1;0;1
BAS GY Equity;1;1;1;3;2
BBVA SQ Equity;1;1;0;1;0
BEI GY Equity;1;0;1;0;2
BLND LN Equity;1;0;1;0;1
BMW GY Equity;1;1;0;1;0
BN FP Equity;1;1;1;2;6
BOL SS Equity;1;0;1;0;1
BP/ LN Equity;1;0;1;0;1
BUCN SE Equity;1;1;0;1;0
BVI FP Equity;1;0;1;0;1
CA FP Equity;1;1;0;2;0
DCC LN Equity;1;0;1;0;1
DG FP Equity;1;1;0;1;0
DGE LN Equity;1;0;1;0;1
DHL GY Equity;1;1;0;1;0
DSM NA Equity;1;0;1;0;1
DSY FP Equity;1;0;1;0;3
DTG GY Equity;1;1;1;1;1
EDF FP Equity;1;1;1;1;1
ELUXB SS Equity;1;0;1;0;1
ENEL IM Equity;1;1;1;1;1
ENGI FP Equity;1;1;1;1;2
ENI IM Equity;1;1;1;4;2
EOAN GY Equity;1;1;1;1;1
EQNR NO Equity;1;1;0;1;0
ERICB SS Equity;1;0;1;0;4
FHZN SE Equity;1;0;1;0;1
FORTUM FH Equity;1;1;1;7;6
FRVIA FP Equity;1;1;1;2;1
G1A GY Equity;1;0;1;0;2
GF SE Equity;1;0;1;0;1
GLEN LN Equity;1;1;1;10;1
HEIA NA Equity;1;1;1;1;2
HEN3 GY Equity;1;0;1;0;2
HO FP Equity;1;0;1;0;3
IHG LN Equity;1;1;0;1;0
IMI LN Equity;1;0;1;0;1
INDT SS Equity;1;0;1;0;1
JMAT LN Equity;1;1;1;1;1
KBX GY Equity;1;1;1;1;4
KGX GY Equity;1;1;0;1;0
KNIN SE Equity;1;1;0;1;0
LDO IM Equity;1;1;1;2;1
LHA GY Equity;1;0;1;0;4
MAERSKB DC Equity;1;1;0;2;0
MBG GY Equity;1;1;1;5;3
METSO FH Equity;1;1;1;2;6
MGGT LN Equity;1;0;1;0;2
ML FP Equity;1;0;1;0;2
MT NA Equity;1;1;1;5;1
MTX GY Equity;1;0;1;0;1
NESN SE Equity;1;1;1;7;2
NOKIA FH Equity;1;0;1;0;2
NTGY SQ Equity;1;1;0;1;0
OMV AV Equity;1;1;1;3;1
OR FP Equity;1;1;1;1;2
ORA FP Equity;1;1;0;1;0
PHIA NA Equity;1;0;1;0;2
PKN PW Equity;1;1;0;3;0
POLY LN Equity;1;1;0;5;0
PRY IM Equity;1;0;1;0;1
PUB FP Equity;1;0;1;0;1
RACE IM Equity;1;0;1;0;1
REP SQ Equity;1;1;1;3;1
RI FP Equity;1;0;1;0;3
RIO LN Equity;1;1;1;1;1
RKT LN Equity;1;0;1;0;2
RNO FP Equity;1;1;1;11;2
ROCKB DC Equity;1;1;0;1;0
RR/ LN Equity;1;1;1;2;2
SAF FP Equity;1;1;1;1;8
SAND SS Equity;1;0;1;0;3
SAP GY Equity;1;0;1;0;7
SESG FP Equity;1;1;0;1;0
SGO FP Equity;1;1;0;1;0
SGRE SQ Equity;1;0;1;0;1
SGSN SE Equity;1;0;1;0;1
SHELL NA Equity;1;1;0;4;0
SIE GY Equity;1;1;1;7;5
SIKA SE Equity;1;1;0;1;0
SK FP Equity;1;0;1;0;1
SKFB SS Equity;1;0;1;0;2
SMIN LN Equity;1;0;1;0;1
SOP FP Equity;1;0;1;0;1
STLAM IM Equity;1;1;0;2;0
SU FP Equity;1;0;1;0;3
SW FP Equity;1;0;1;0;1
TEL2B SS Equity;1;1;0;1;0
TELIA SS Equity;1;0;1;0;1
TEMN SE Equity;1;0;1;0;2
TEN IM Equity;1;1;0;1;0
TKA GY Equity;1;1;0;2;0
TTE FP Equity;1;1;1;3;1
TYRES FH Equity;1;1;0;1;0
UCB BB Equity;1;0;1;0;1
UCG IM Equity;1;1;1;1;1
ULVR LN Equity;1;1;1;14;3
UN0 GY Equity;1;1;1;4;3
VALMT FH Equity;1;0;1;0;1
VOE AV Equity;1;0;1;0;1
VOLCARB SS Equity;1;1;0;1;0
VOLVB SS Equity;1;1;1;3;1
VOW3 GY Equity;1;1;1;11;1
VWS DC Equity;1;0;1;0;1
WEIR LN Equity;1;0;1;0;2
WLN FP Equity;1;0;1;0;1
WRT1V FH Equity;1;1;1;1;1
YAR NO Equity;1;1;1;1;1
1COV GY Equity;0;0;0;0;0
2462936D LN Equity;0;0;0;0;0
2655007D LN Equity;0;0;0;0;0
A2A IM Equity;0;0;0;0;0
AAK SS Equity;0;0;0;0;0
AALB NA Equity;0;0;0;0;0
ABDN LN Equity;0;0;0;0;0
ABF LN Equity;0;0;0;0;0
ABN NA Equity;0;0;0;0;0
AC FP Equity;0;0;0;0;0
ACA FP Equity;0;0;0;0;0
ACKB BB Equity;0;0;0;0;0
ACS SQ Equity;0;0;0;0;0
AD NA Equity;0;0;0;0;0
ADDTB SS Equity;0;0;0;0;0
ADE NO Equity;0;0;0;0;0
ADEN SE Equity;0;0;0;0;0
ADM LN Equity;0;0;0;0;0
ADYEN NA Equity;0;0;0;0;0
AED BB Equity;0;0;0;0;0
AFRY SS Equity;0;0;0;0;0
AFX GY Equity;0;0;0;0;0
AG1 GY Equity;0;0;0;0;0
AGN NA Equity;0;0;0;0;0
AGS BB Equity;0;0;0;0;0
AHT LN Equity;0;0;0;0;0
AKE FP Equity;0;0;0;0;0
AKRBP NO Equity;0;0;0;0;0
ALC SE Equity;0;0;0;0;0
ALE PW Equity;0;0;0;0;0
ALIFB SS Equity;0;0;0;0;0
ALKB DC Equity;0;0;0;0;0
ALLFG NA Equity;0;0;0;0;0
ALLN SE Equity;0;0;0;0;0
ALO FP Equity;0;0;0;0;0
ALV GY Equity;0;0;0;0;0
AMBUB DC Equity;0;0;0;0;0
AMP IM Equity;0;0;0;0;0
AMS SE Equity;0;0;0;0;0
AMUN FP Equity;0;0;0;0;0
ANA SQ Equity;0;0;0;0;0
ANTO LN Equity;0;0;0;0;0
ARCAD NA Equity;0;0;0;0;0
ARGX BB Equity;0;0;0;0;0
ASM NA Equity;0;0;0;0;0
ASML NA Equity;0;0;0;0;0
ASRNL NA Equity;0;0;0;0;0
ASSAB SS Equity;0;0;0;0;0
AT1 GY Equity;0;0;0;0;0
ATCOA SS Equity;0;0;0;0;0
ATE FP Equity;0;0;0;0;0
ATL IM Equity;0;0;0;0;0
AUTO LN Equity;0;0;0;0;0
AUTO NO Equity;0;0;0;0;0
AV/ LN Equity;0;0;0;0;0
AVST LN Equity;0;0;0;0;0
AZA SS Equity;0;0;0;0;0
AZN LN Equity;0;0;0;0;0
BA/ LN Equity;0;0;0;0;0
BAER SE Equity;0;0;0;0;0
BAKKA NO Equity;0;0;0;0;0
BALDB SS Equity;0;0;0;0;0
BALN SE Equity;0;0;0;0;0
BAMI IM Equity;0;0;0;0;0
BANB SE Equity;0;0;0;0;0
BARC LN Equity;0;0;0;0;0
BARN SE Equity;0;0;0;0;0
BATS LN Equity;0;0;0;0;0
BAYN GY Equity;0;0;0;0;0
BBOX LN Equity;0;0;0;0;0
BC8 GY Equity;0;0;0;0;0
BEAN SE Equity;0;0;0;0;0
BEIJB SS Equity;0;0;0;0;0
BESI NA Equity;0;0;0;0;0
BEZ LN Equity;0;0;0;0;0
BG AV Equity;0;0;0;0;0
BILL SS Equity;0;0;0;0;0
BIM FP Equity;0;0;0;0;0
BIRG ID Equity;0;0;0;0;0
BKG LN Equity;0;0;0;0;0
BKT SQ Equity;0;0;0;0;0
BME LN Equity;0;0;0;0;0
BNP FP Equity;0;0;0;0;0
BNR GY Equity;0;0;0;0;0
BNZL LN Equity;0;0;0;0;0
BOL FP Equity;0;0;0;0;0
BOSS GY Equity;0;0;0;0;0
BPT LN Equity;0;0;0;0;0
BRBY LN Equity;0;0;0;0;0
BT/A LN Equity;0;0;0;0;0
BTRW LN Equity;0;0;0;0;0
BVIC LN Equity;0;0;0;0;0
BWY LN Equity;0;0;0;0;0
BYG LN Equity;0;0;0;0;0
CABK SQ Equity;0;0;0;0;0
CAP FP Equity;0;0;0;0;0
CARLB DC Equity;0;0;0;0;0
CAST SS Equity;0;0;0;0;0
CBG LN Equity;0;0;0;0;0
CBK GY Equity;0;0;0;0;0
CCH LN Equity;0;0;0;0;0
CDI FP Equity;0;0;0;0;0
CDR PW Equity;0;0;0;0;0
CFR SE Equity;0;0;0;0;0
CHR DC Equity;0;0;0;0;0
CLN SE Equity;0;0;0;0;0
CLNX SQ Equity;0;0;0;0;0
CNA LN Equity;0;0;0;0;0
CNP FP Equity;0;0;0;0;0
COFB BB Equity;0;0;0;0;0
COL SQ Equity;0;0;0;0;0
COLOB DC Equity;0;0;0;0;0
COLR BB Equity;0;0;0;0;0
CON GY Equity;0;0;0;0;0
COV FP Equity;0;0;0;0;0
CPG LN Equity;0;0;0;0;0
CPR IM Equity;0;0;0;0;0
CRDA LN Equity;0;0;0;0;0
CRH ID Equity;0;0;0;0;0
CS FP Equity;0;0;0;0;0
CSGN SE Equity;0;0;0;0;0
CSP LN Equity;0;0;0;0;0
CTEC LN Equity;0;0;0;0;0
DANSKE DC Equity;0;0;0;0;0
DB1 GY Equity;0;0;0;0;0
DBK GY Equity;0;0;0;0;0
DEMANT DC Equity;0;0;0;0;0
DHER GY Equity;0;0;0;0;0
DIA IM Equity;0;0;0;0;0
DIE BB Equity;0;0;0;0;0
DIM FP Equity;0;0;0;0;0
DLG LN Equity;0;0;0;0;0
DLN LN Equity;0;0;0;0;0
DNB NO Equity;0;0;0;0;0
DNP PW Equity;0;0;0;0;0
DOCM SE Equity;0;0;0;0;0
DOCS LN Equity;0;0;0;0;0
DOM SS Equity;0;0;0;0;0
DPH LN Equity;0;0;0;0;0
DPLM LN Equity;0;0;0;0;0
DRX LN Equity;0;0;0;0;0
DSV DC Equity;0;0;0;0;0
DTE GY Equity;0;0;0;0;0
EBS AV Equity;0;0;0;0;0
EDEN FP Equity;0;0;0;0;0
EDP PL Equity;0;0;0;0;0
EDPR PL Equity;0;0;0;0;0
EKTAB SS Equity;0;0;0;0;0
EL FP Equity;0;0;0;0;0
ELE SQ Equity;0;0;0;0;0
ELI BB Equity;0;0;0;0;0
ELIS FP Equity;0;0;0;0;0
ELISA FH Equity;0;0;0;0;0
EMEIS FP Equity;0;0;0;0;0
EMG LN Equity;0;0;0;0;0
EMSN SE Equity;0;0;0;0;0
EN FP Equity;0;0;0;0;0
ENG SQ Equity;0;0;0;0;0
ENR GY Equity;0;0;0;0;0
ENT LN Equity;0;0;0;0;0
ENX FP Equity;0;0;0;0;0
EPIA SS Equity;0;0;0;0;0
EQT SS Equity;0;0;0;0;0
ERF FP Equity;0;0;0;0;0
ESSITYB SS Equity;0;0;0;0;0
EVD GY Equity;0;0;0;0;0
EVK GY Equity;0;0;0;0;0
EVO SS Equity;0;0;0;0;0
EVT GY Equity;0;0;0;0;0
EXO IM Equity;0;0;0;0;0
EXPN LN Equity;0;0;0;0;0
FABG SS Equity;0;0;0;0;0
FBK IM Equity;0;0;0;0;0
FDJU FP Equity;0;0;0;0;0
FDR SQ Equity;0;0;0;0;0
FER SQ Equity;0;0;0;0;0
FGR FP Equity;0;0;0;0;0
FLTR ID Equity;0;0;0;0;0
FME GY Equity;0;0;0;0;0
FNTN GY Equity;0;0;0;0;0
FPE3 GY Equity;0;0;0;0;0
FR FP Equity;0;0;0;0;0
FRE GY Equity;0;0;0;0;0
FUTR LN Equity;0;0;0;0;0
G IM Equity;0;0;0;0;0
G24 GY Equity;0;0;0;0;0
GALE SE Equity;0;0;0;0;0
GALP PL Equity;0;0;0;0;0
GAW LN Equity;0;0;0;0;0
GBLB BB Equity;0;0;0;0;0
GEBN SE Equity;0;0;0;0;0
GET FP Equity;0;0;0;0;0
GETIB SS Equity;0;0;0;0;0
GFC FP Equity;0;0;0;0;0
GFTU LN Equity;0;0;0;0;0
GIVN SE Equity;0;0;0;0;0
GJF NO Equity;0;0;0;0;0
GLB ID Equity;0;0;0;0;0
GLE FP Equity;0;0;0;0;0
GMAB DC Equity;0;0;0;0;0
GN DC Equity;0;0;0;0;0
GNS LN Equity;0;0;0;0;0
GRF SQ Equity;0;0;0;0;0
GRG LN Equity;0;0;0;0;0
GSK LN Equity;0;0;0;0;0
GXI GY Equity;0;0;0;0;0
HAS LN Equity;0;0;0;0;0
HBAN SE Equity;0;0;0;0;0
HEI GY Equity;0;0;0;0;0
HEIO NA Equity;0;0;0;0;0
HER IM Equity;0;0;0;0;0
HEXAB SS Equity;0;0;0;0;0
HFG GY Equity;0;0;0;0;0
HIK LN Equity;0;0;0;0;0
HL/ LN Equity;0;0;0;0;0
HLMA LN Equity;0;0;0;0;0
HMB SS Equity;0;0;0;0;0
HNR1 GY Equity;0;0;0;0;0
HOLMB SS Equity;0;0;0;0;0
HOLN SE Equity;0;0;0;0;0
HPOLB SS Equity;0;0;0;0;0
HSBA LN Equity;0;0;0;0;0
HSV LN Equity;0;0;0;0;0
HSX LN Equity;0;0;0;0;0
HUH1V FH Equity;0;0;0;0;0
HUSQB SS Equity;0;0;0;0;0
HWDN LN Equity;0;0;0;0;0
IAG LN Equity;0;0;0;0;0
IBE SQ Equity;0;0;0;0;0
ICG LN Equity;0;0;0;0;0
IDS LN Equity;0;0;0;0;0
IFX GY Equity;0;0;0;0;0
IG IM Equity;0;0;0;0;0
IGG LN Equity;0;0;0;0;0
III LN Equity;0;0;0;0;0
IMB LN Equity;0;0;0;0;0
IMCD NA Equity;0;0;0;0;0
INCH LN Equity;0;0;0;0;0
INDUA SS Equity;0;0;0;0;0
INF LN Equity;0;0;0;0;0
INGA NA Equity;0;0;0;0;0
INPST NA Equity;0;0;0;0;0
INRN SE Equity;0;0;0;0;0
INVEB SS Equity;0;0;0;0;0
INVP LN Equity;0;0;0;0;0
INW IM Equity;0;0;0;0;0
IP IM Equity;0;0;0;0;0
IPN FP Equity;0;0;0;0;0
ISP IM Equity;0;0;0;0;0
ISS DC Equity;0;0;0;0;0
ITRK LN Equity;0;0;0;0;0
ITV LN Equity;0;0;0;0;0
ITX SQ Equity;0;0;0;0;0
IVG IM Equity;0;0;0;0;0
IWG LN Equity;0;0;0;0;0
JD/ LN Equity;0;0;0;0;0
JDEP NA Equity;0;0;0;0;0
JMT PL Equity;0;0;0;0;0
KBC BB Equity;0;0;0;0;0
KER FP Equity;0;0;0;0;0
KESKOB FH Equity;0;0;0;0;0
KGF LN Equity;0;0;0;0;0
KGH PW Equity;0;0;0;0;0
KINDSDB SS Equity;0;0;0;0;0
KINVB SS Equity;0;0;0;0;0
KNEBV FH Equity;0;0;0;0;0
KPN NA Equity;0;0;0;0;0
KSP ID Equity;0;0;0;0;0
KYGA ID Equity;0;0;0;0;0
LAND LN Equity;0;0;0;0;0
LATOB SS Equity;0;0;0;0;0
LEG GY Equity;0;0;0;0;0
LGEN LN Equity;0;0;0;0;0
LI FP Equity;0;0;0;0;0
LIFCOB SS Equity;0;0;0;0;0
LIGHT NA Equity;0;0;0;0;0
LIN GY Equity;0;0;0;0;0
LISN SE Equity;0;0;0;0;0
LLOY LN Equity;0;0;0;0;0
LMP LN Equity;0;0;0;0;0
LOGN SE Equity;0;0;0;0;0
LONN SE Equity;0;0;0;0;0
LPP PW Equity;0;0;0;0;0
LR FP Equity;0;0;0;0;0
LSEG LN Equity;0;0;0;0;0
LUMO FH Equity;0;0;0;0;0
LUNDB SS Equity;0;0;0;0;0
LXS GY Equity;0;0;0;0;0
MB IM Equity;0;0;0;0;0
MC FP Equity;0;0;0;0;0
MF FP Equity;0;0;0;0;0
MIPS SS Equity;0;0;0;0;0
MKS LN Equity;0;0;0;0;0
MNDI LN Equity;0;0;0;0;0
MNG LN Equity;0;0;0;0;0
MONC IM Equity;0;0;0;0;0
MOWI NO Equity;0;0;0;0;0
MRK GY Equity;0;0;0;0;0
MRL SQ Equity;0;0;0;0;0
MRO LN Equity;0;0;0;0;0
MUV2 GY Equity;0;0;0;0;0
NDA FH Equity;0;0;0;0;0
NEM GY Equity;0;0;0;0;0
NESTE FH Equity;0;0;0;0;0
NETC DC Equity;0;0;0;0;0
NEXI IM Equity;0;0;0;0;0
NG/ LN Equity;0;0;0;0;0
NHY NO Equity;0;0;0;0;0
NIBEB SS Equity;0;0;0;0;0
NN NA Equity;0;0;0;0;0
NOD NO Equity;0;0;0;0;0
NOVN SE Equity;0;0;0;0;0
NOVOB DC Equity;0;0;0;0;0
NSISB DC Equity;0;0;0;0;0
NWG LN Equity;0;0;0;0;0
NXT LN Equity;0;0;0;0;0
OCDO LN Equity;0;0;0;0;0
ONT LN Equity;0;0;0;0;0
ORK NO Equity;0;0;0;0;0
ORNBV FH Equity;0;0;0;0;0
ORRON SS Equity;0;0;0;0;0
ORSTED DC Equity;0;0;0;0;0
PAH3 GY Equity;0;0;0;0;0
PEO PW Equity;0;0;0;0;0
PGHN SE Equity;0;0;0;0;0
PHP LN Equity;0;0;0;0;0
PKO PW Equity;0;0;0;0;0
PNDORA DC Equity;0;0;0;0;0
PNN LN Equity;0;0;0;0;0
PROX BB Equity;0;0;0;0;0
PRU LN Equity;0;0;0;0;0
PRX NA Equity;0;0;0;0;0
PSM GY Equity;0;0;0;0;0
PSN LN Equity;0;0;0;0;0
PSON LN Equity;0;0;0;0;0
PSPN SE Equity;0;0;0;0;0
PST IM Equity;0;0;0;0;0
PUM GY Equity;0;0;0;0;0
PZU PW Equity;0;0;0;0;0
QIA GY Equity;0;0;0;0;0
QLT LN Equity;0;0;0;0;0
QTCOM FH Equity;0;0;0;0;0
RAA GY Equity;0;0;0;0;0
RAND NA Equity;0;0;0;0;0
RBI AV Equity;0;0;0;0;0
RBREW DC Equity;0;0;0;0;0
RCO FP Equity;0;0;0;0;0
REC IM Equity;0;0;0;0;0
RED SQ Equity;0;0;0;0;0
REL LN Equity;0;0;0;0;0
REY IM Equity;0;0;0;0;0
RF FP Equity;0;0;0;0;0
RHM GY Equity;0;0;0;0;0
RILBA DC Equity;0;0;0;0;0
RMS FP Equity;0;0;0;0;0
RMV LN Equity;0;0;0;0;0
ROG SE Equity;0;0;0;0;0
ROO LN Equity;0;0;0;0;0
ROR LN Equity;0;0;0;0;0
RS1 LN Equity;0;0;0;0;0
RTO LN Equity;0;0;0;0;0
RUI FP Equity;0;0;0;0;0
RWE GY Equity;0;0;0;0;0
RXL FP Equity;0;0;0;0;0
RYA ID Equity;0;0;0;0;0
SAB SQ Equity;0;0;0;0;0
SAFE LN Equity;0;0;0;0;0
SAGAB SS Equity;0;0;0;0;0
SALM NO Equity;0;0;0;0;0
SAMPO FH Equity;0;0;0;0;0
SAN FP Equity;0;0;0;0;0
SAN SQ Equity;0;0;0;0;0
SBBB SS Equity;0;0;0;0;0
SBRY LN Equity;0;0;0;0;0
SCAB SS Equity;0;0;0;0;0
SCHP SE Equity;0;0;0;0;0
SCMN SE Equity;0;0;0;0;0
SCR FP Equity;0;0;0;0;0
SCT LN Equity;0;0;0;0;0
SDF GY Equity;0;0;0;0;0
SDLF LN Equity;0;0;0;0;0
SDR LN Equity;0;0;0;0;0
SEBA SS Equity;0;0;0;0;0
SECTB SS Equity;0;0;0;0;0
SECUB SS Equity;0;0;0;0;0
SFOR LN Equity;0;0;0;0;0
SFZN SE Equity;0;0;0;0;0
SGE LN Equity;0;0;0;0;0
SGRO LN Equity;0;0;0;0;0
SHBA SS Equity;0;0;0;0;0
SHL GY Equity;0;0;0;0;0
SIGN SE Equity;0;0;0;0;0
SIM DC Equity;0;0;0;0;0
SINCH SS Equity;0;0;0;0;0
SKAB SS Equity;0;0;0;0;0
SKG ID Equity;0;0;0;0;0
SLHN SE Equity;0;0;0;0;0
SMDS LN Equity;0;0;0;0;0
SN/ LN Equity;0;0;0;0;0
SOBI SS Equity;0;0;0;0;0
SOF BB Equity;0;0;0;0;0
SOI FP Equity;0;0;0;0;0
SOLB BB Equity;0;0;0;0;0
SOON SE Equity;0;0;0;0;0
SPIE FP Equity;0;0;0;0;0
SPSN SE Equity;0;0;0;0;0
SPX LN Equity;0;0;0;0;0
SREN SE Equity;0;0;0;0;0
SRG IM Equity;0;0;0;0;0
SRT3 GY Equity;0;0;0;0;0
SSE LN Equity;0;0;0;0;0
STAN LN Equity;0;0;0;0;0
STB NO Equity;0;0;0;0;0
STERV FH Equity;0;0;0;0;0
STJ LN Equity;0;0;0;0;0
STMMI IM Equity;0;0;0;0;0
STMN SE Equity;0;0;0;0;0
STORB SS Equity;0;0;0;0;0
SVT LN Equity;0;0;0;0;0
SWECB SS Equity;0;0;0;0;0
SWEDA SS Equity;0;0;0;0;0
SWMA SS Equity;0;0;0;0;0
SXS LN Equity;0;0;0;0;0
SY1 GY Equity;0;0;0;0;0
TATE LN Equity;0;0;0;0;0
TECN SE Equity;0;0;0;0;0
TEF SQ Equity;0;0;0;0;0
TEG GY Equity;0;0;0;0;0
TEL NO Equity;0;0;0;0;0
TEP FP Equity;0;0;0;0;0
THULE SS Equity;0;0;0;0;0
TIGO SS Equity;0;0;0;0;0
TIT IM Equity;0;0;0;0;0
TKWY NA Equity;0;0;0;0;0
TOM NO Equity;0;0;0;0;0
TPK LN Equity;0;0;0;0;0
TRELB SS Equity;0;0;0;0;0
TRN IM Equity;0;0;0;0;0
TRYG DC Equity;0;0;0;0;0
TSCO LN Equity;0;0;0;0;0
TUI LN Equity;0;0;0;0;0
TW/ LN Equity;0;0;0;0;0
UBI FP Equity;0;0;0;0;0
UBSG SE Equity;0;0;0;0;0
UHR SE Equity;0;0;0;0;0
UMG NA Equity;0;0;0;0;0
UMI BB Equity;0;0;0;0;0
UPM FH Equity;0;0;0;0;0
URW NA Equity;0;0;0;0;0
UTDI GY Equity;0;0;0;0;0
UTG LN Equity;0;0;0;0;0
UU/ LN Equity;0;0;0;0;0
VACN SE Equity;0;0;0;0;0
VCT LN Equity;0;0;0;0;0
VENDA NO Equity;0;0;0;0;0
VER AV Equity;0;0;0;0;0
VIE FP Equity;0;0;0;0;0
VIFN SE Equity;0;0;0;0;0
VITR SS Equity;0;0;0;0;0
VIV FP Equity;0;0;0;0;0
VMUK LN Equity;0;0;0;0;0
VNA GY Equity;0;0;0;0;0
VOD LN Equity;0;0;0;0;0
VPLAYB SS Equity;0;0;0;0;0
VTY LN Equity;0;0;0;0;0
WALLB SS Equity;0;0;0;0;0
WDP BB Equity;0;0;0;0;0
WIE AV Equity;0;0;0;0;0
WIHL SS Equity;0;0;0;0;0
WIZZ LN Equity;0;0;0;0;0
WKL NA Equity;0;0;0;0;0
WOSG LN Equity;0;0;0;0;0
WPP LN Equity;0;0;0;0;0
WTB LN Equity;0;0;0;0;0
ZAL GY Equity;0;0;0;0;0
ZURN SE Equity;0;0;0;0;0
