"Event ID";Firm;"Reference Market";"Event Date";"Analysis Report";"Estimation Window Length";"End of Estimation Window";"First Date Estimation Window";"Last Date Estimation Window";"Actual Stock Return";"Actual Market Return";Alpha;Beta;"Residual Standard Deviation";"Expected Stock Return";"First-order Autocorellation"
;"Overarching comments";;;"Analysis performed with errors: Event (Id: 10326) calculations skipped due to reason: Returns in estimation window are constant Analysis performed with warnings: One firm for ABHAR calculation in (-10, 10) and grouping variable ""CL"".. One firm for ABHAR calculation in (-10, 10) and grouping variable ""CZ"".. One firm for ABHAR calculation in (-10, 10) and grouping variable ""FO"".. One firm for ABHAR calculation in (-10, 10) and grouping variable ""BM"".. One firm for ABHAR calculation in (-10, 10) and grouping variable ""ZA"".. One firm for ABHAR calculation in (-10, 10) and grouping variable ""MT"".. One firm for ABHAR calculation in (-10, 10) and grouping variable ""KZ"".. One firm for ABHAR calculation in (-10, 10) and grouping variable ""HK"".. One firm for ABHAR calculation in (-10, 10) and grouping variable ""HU"".";;;;;;;;;;;
10001;"1CNHI IM Equity";"SXXP Index";2022-02-24;"Analysis performed successfully";120;-11;2021-10-17;2022-02-13;-0.0231;-0.0334;0.0011;1.9062;0.0102;-0.0625;0.1253
10002;"1COV GY Equity";"SXXP Index";2022-02-24;"Analysis performed successfully";120;-11;2021-10-17;2022-02-13;-0.078;-0.0334;-0.0006;1.0534;0.0108;-0.0358;-0.0363
10003;"2462936D LN Equity";"SXXP Index";2022-02-24;"Analysis performed successfully";120;-11;2021-10-17;2022-02-13;-0.0168;-0.0334;0.0004;1.2351;0.0081;-0.0409;-0.0713
10004;"2655007D LN Equity";"SXXP Index";2022-02-24;"Analysis performed successfully";120;-11;2021-10-17;2022-02-13;-0.0313;-0.0334;-0.0037;1.2904;0.0235;-0.0468;-0.1618
10005;"A2A IM Equity";"SXXP Index";2022-02-24;"Analysis performed successfully";120;-11;2021-10-17;2022-02-13;-0.0263;-0.0334;-0.0013;0.8742;0.0097;-0.0304;0.1643
10006;"AAK SS Equity";"SXXP Index";2022-02-24;"Analysis performed successfully";120;-11;2021-10-17;2022-02-13;-0.0196;-0.0334;-0.0007;0.9493;0.0099;-0.0324;-0.005
10007;"AAL LN Equity";"SXXP Index";2022-02-24;"Analysis performed successfully";120;-11;2021-10-17;2022-02-13;0.0169;-0.0334;0.0018;1.5939;0.0155;-0.0514;-0.0451
10008;"AALB NA Equity";"SXXP Index";2022-02-24;"Analysis performed successfully";120;-11;2021-10-17;2022-02-13;-0.0539;-0.0334;0.0007;1.6389;0.0118;-0.054;-0.0335
10009;"ABBN SE Equity";"SXXP Index";2022-02-24;"Analysis performed successfully";120;-11;2021-10-17;2022-02-13;-0.0181;-0.0334;0.0003;1.2772;0.0095;-0.0424;0.01
10010;"ABDN LN Equity";"SXXP Index";2022-02-24;"Analysis performed successfully";120;-11;2021-10-17;2022-02-13;-0.0942;-0.0334;-0.0003;1.3473;0.0109;-0.0453;-0.2401
10011;"ABF LN Equity";"SXXP Index";2022-02-24;"Analysis performed successfully";120;-11;2021-10-17;2022-02-13;-0.0284;-0.0334;0.0005;0.6794;0.0144;-0.0221;-0.0453
10012;"ABI BB Equity";"SXXP Index";2022-02-24;"Analysis performed successfully";120;-11;2021-10-17;2022-02-13;-0.0142;-0.0334;0.0013;0.8864;0.0154;-0.0283;-0.1884
10013;"ABN NA Equity";"SXXP Index";2022-02-24;"Analysis performed successfully";120;-11;2021-10-17;2022-02-13;-0.0458;-0.0334;0.0005;0.7118;0.0151;-0.0232;0.2095
10014;"AC FP Equity";"SXXP Index";2022-02-24;"Analysis performed successfully";120;-11;2021-10-17;2022-02-13;-0.0575;-0.0334;0.0004;1.1387;0.0146;-0.0376;0.0511
10015;"ACA FP Equity";"SXXP Index";2022-02-24;"Analysis performed successfully";120;-11;2021-10-17;2022-02-13;-0.0669;-0.0334;0.0007;0.731;0.0076;-0.0237;0.068
10016;"ACKB BB Equity";"SXXP Index";2022-02-24;"Analysis performed successfully";120;-11;2021-10-17;2022-02-13;-0.0331;-0.0334;0.0012;0.4523;0.009;-0.0139;-0.0146
10017;"ACS SQ Equity";"SXXP Index";2022-02-24;"Analysis performed successfully";120;-11;2021-10-17;2022-02-13;-0.0403;-0.0334;-0.0001;0.884;0.0113;-0.0296;0.045
10018;"AD NA Equity";"SXXP Index";2022-02-24;"Analysis performed successfully";120;-11;2021-10-17;2022-02-13;-0.0076;-0.0334;0.0004;0.4001;0.0096;-0.013;-0.1567
10019;"ADDTB SS Equity";"SXXP Index";2022-02-24;"Analysis performed successfully";120;-11;2021-10-17;2022-02-13;-0.0043;-0.0334;-0.0007;2.0247;0.0222;-0.0683;-0.1114
10020;"ADE NO Equity";"SXXP Index";2022-02-24;"Analysis performed successfully";120;-11;2021-10-17;2022-02-13;0.0409;-0.0334;-0.0046;2.206;0.0232;-0.0782;-0.1256
10021;"ADEN SE Equity";"SXXP Index";2022-02-24;"Analysis performed successfully";120;-11;2021-10-17;2022-02-13;-0.0512;-0.0334;-0.0002;1.1391;0.0135;-0.0382;-0.0435
10022;"ADM LN Equity";"SXXP Index";2022-02-24;"Analysis performed successfully";120;-11;2021-10-17;2022-02-13;-0.048;-0.0334;0.0002;0.6388;0.0106;-0.0211;-0.059
10023;"ADP FP Equity";"SXXP Index";2022-02-24;"Analysis performed successfully";120;-11;2021-10-17;2022-02-13;-0.0264;-0.0334;0.0012;0.8194;0.0152;-0.0262;-0.0196
10024;"ADS GY Equity";"SXXP Index";2022-02-24;"Analysis performed successfully";120;-11;2021-10-17;2022-02-13;-0.0362;-0.0334;-0.0013;1.2808;0.0097;-0.044;-0.0006
10025;"ADYEN NA Equity";"SXXP Index";2022-02-24;"Analysis performed successfully";120;-11;2021-10-17;2022-02-13;0.0123;-0.0334;-0.0029;2.0555;0.0214;-0.0716;0.0525
10026;"AED BB Equity";"SXXP Index";2022-02-24;"Analysis performed successfully";120;-11;2021-10-17;2022-02-13;-0.0188;-0.0334;-0.0013;0.3822;0.0136;-0.014;-0.024
10027;"AENA SQ Equity";"SXXP Index";2022-02-24;"Analysis performed successfully";120;-11;2021-10-17;2022-02-13;-0.0169;-0.0334;0.0004;0.8886;0.0127;-0.0292;-0.0287
10028;"AFRY SS Equity";"SXXP Index";2022-02-24;"Analysis performed successfully";120;-11;2021-10-17;2022-02-13;-0.0259;-0.0334;-0.0034;1.4249;0.0137;-0.051;-0.1006
10029;"AFX GY Equity";"SXXP Index";2022-02-24;"Analysis performed successfully";120;-11;2021-10-17;2022-02-13;-0.0107;-0.0334;-0.0019;1.2406;0.0187;-0.0433;-0.0095
10030;"AG1 GY Equity";"SXXP Index";2022-02-24;"Analysis performed successfully";120;-11;2021-10-17;2022-02-13;-0.0224;-0.0334;-0.0066;2.0586;0.0236;-0.0754;0.0349
10031;"AGN NA Equity";"SXXP Index";2022-02-24;"Analysis performed successfully";120;-11;2021-10-17;2022-02-13;-0.0645;-0.0334;0.0009;0.9702;0.015;-0.0315;-0.0078
10032;"AGS BB Equity";"SXXP Index";2022-02-24;"Analysis performed successfully";120;-11;2021-10-17;2022-02-13;-0.0494;-0.0334;0.0007;0.8433;0.0154;-0.0274;0.1033
10033;"AHT LN Equity";"SXXP Index";2022-02-24;"Analysis performed successfully";120;-11;2021-10-17;2022-02-13;-0.0133;-0.0334;-0.0014;1.6005;0.0112;-0.0549;0.1043
10034;"AI FP Equity";"SXXP Index";2022-02-24;"Analysis performed successfully";120;-11;2021-10-17;2022-02-13;-0.0251;-0.0334;0;0.8304;0.0066;-0.0277;0.0018
10035;"AIR FP Equity";"SXXP Index";2022-02-24;"Analysis performed successfully";120;-11;2021-10-17;2022-02-13;-0.0451;-0.0334;0.0003;1.6431;0.0139;-0.0546;-0.0352
10036;"AKE FP Equity";"SXXP Index";2022-02-24;"Analysis performed successfully";120;-11;2021-10-17;2022-02-13;-0.0794;-0.0334;0.0009;0.9834;0.0092;-0.0319;-0.0567
10037;"AKRBP NO Equity";"SXXP Index";2022-02-24;"Analysis performed successfully";120;-11;2021-10-17;2022-02-13;0.0684;-0.0334;-0.0016;1.2037;0.0239;-0.0418;0.0476
10038;"AKZA NA Equity";"SXXP Index";2022-02-24;"Analysis performed successfully";120;-11;2021-10-17;2022-02-13;-0.0497;-0.0334;-0.0001;0.9687;0.0083;-0.0324;0.1282
10039;"ALC SE Equity";"SXXP Index";2022-02-24;"Analysis performed successfully";120;-11;2021-10-17;2022-02-13;-0.0119;-0.0334;0;1.1371;0.0088;-0.038;0.172
10040;"ALE PW Equity";"SXXP Index";2022-02-24;"Analysis performed successfully";120;-11;2021-10-17;2022-02-13;-0.1743;-0.0334;-0.003;1.0615;0.0305;-0.0384;0.0249
10041;"ALFA SS Equity";"SXXP Index";2022-02-24;"Analysis performed successfully";120;-11;2021-10-17;2022-02-13;-0.004;-0.0334;-0.0016;1.656;0.0122;-0.0569;-0.0685
10042;"ALIFB SS Equity";"SXXP Index";2022-02-24;"Analysis performed successfully";120;-11;2021-10-17;2022-02-13;-0.0085;-0.0334;-0.0043;2.2224;0.0366;-0.0785;-0.0612
10043;"ALKB DC Equity";"SXXP Index";2022-02-24;"Analysis performed successfully";120;-11;2021-10-17;2022-02-13;-0.013;-0.0334;-0.0011;0.8945;0.0195;-0.0309;0.0392
10044;"ALLFG NA Equity";"SXXP Index";2022-02-24;"Analysis performed successfully";120;-11;2021-10-17;2022-02-13;-0.0165;-0.0334;-0.0026;1.6764;0.0183;-0.0586;-0.0307
10045;"ALLN SE Equity";"SXXP Index";2022-02-24;"Analysis performed successfully";120;-11;2021-10-17;2022-02-13;-0.0106;-0.0334;0.0003;0.4472;0.0063;-0.0146;-0.0852
10046;"ALO FP Equity";"SXXP Index";2022-02-24;"Analysis performed successfully";120;-11;2021-10-17;2022-02-13;-0.0619;-0.0334;-0.0014;1.0692;0.0176;-0.0371;-0.0543
10047;"ALV GY Equity";"SXXP Index";2022-02-24;"Analysis performed successfully";120;-11;2021-10-17;2022-02-13;-0.0303;-0.0334;0.0012;0.8286;0.0067;-0.0265;0.2182
10048;"AMBUB DC Equity";"SXXP Index";2022-02-24;"Analysis performed successfully";120;-11;2021-10-17;2022-02-13;0.0286;-0.0334;-0.0029;0.8244;0.0284;-0.0304;-0.054
10049;"AMP IM Equity";"SXXP Index";2022-02-24;"Analysis performed successfully";120;-11;2021-10-17;2022-02-13;0.0195;-0.0334;-0.0013;1.107;0.0148;-0.0383;-0.0764
10050;"AMS SE Equity";"SXXP Index";2022-02-24;"Analysis performed successfully";120;-11;2021-10-17;2022-02-13;-0.0422;-0.0334;0.0001;1.6872;0.019;-0.0562;-0.0072
10051;"AMS SQ Equity";"SXXP Index";2022-02-24;"Analysis performed successfully";120;-11;2021-10-17;2022-02-13;-0.023;-0.0334;0.0001;1.165;0.0152;-0.0388;-0.131
10052;"AMUN FP Equity";"SXXP Index";2022-02-24;"Analysis performed successfully";120;-11;2021-10-17;2022-02-13;-0.0599;-0.0334;-0.0007;1.1343;0.0085;-0.0385;-0.0893
10053;"ANA SQ Equity";"SXXP Index";2022-02-24;"Analysis performed successfully";120;-11;2021-10-17;2022-02-13;0.0431;-0.0334;-0.0004;0.8118;0.0108;-0.0275;-0.0003
10054;"ANDR AV Equity";"SXXP Index";2022-02-24;"Analysis performed successfully";120;-11;2021-10-17;2022-02-13;-0.0381;-0.0334;0;1.2367;0.0126;-0.0413;-0.1385
10055;"ANTO LN Equity";"SXXP Index";2022-02-24;"Analysis performed successfully";120;-11;2021-10-17;2022-02-13;-0.0493;-0.0334;-0.0008;1.6561;0.0185;-0.0561;0.0069
10056;"ARCAD NA Equity";"SXXP Index";2022-02-24;"Analysis performed successfully";120;-11;2021-10-17;2022-02-13;-0.0391;-0.0334;-0.0012;1.2113;0.0126;-0.0417;0.0111
10057;"ARGX BB Equity";"SXXP Index";2022-02-24;"Analysis performed successfully";120;-11;2021-10-17;2022-02-13;0.0285;-0.0334;-0.0001;0.9175;0.0201;-0.0307;0.058
10058;"ASM NA Equity";"SXXP Index";2022-02-24;"Analysis performed successfully";120;-11;2021-10-17;2022-02-13;-0.0111;-0.0334;-0.0015;1.8489;0.0188;-0.0632;-0.0722
10059;"ASML NA Equity";"SXXP Index";2022-02-24;"Analysis performed successfully";120;-11;2021-10-17;2022-02-13;-0.0109;-0.0334;-0.0014;1.7848;0.0154;-0.061;-0.0514
10060;"ASRNL NA Equity";"SXXP Index";2022-02-24;"Analysis performed successfully";120;-11;2021-10-17;2022-02-13;-0.0665;-0.0334;0.0006;0.7547;0.0077;-0.0246;0.0435
10061;"ASSAB SS Equity";"SXXP Index";2022-02-24;"Analysis performed successfully";120;-11;2021-10-17;2022-02-13;-0.0519;-0.0334;-0.0001;1.2964;0.0121;-0.0433;-0.1848
10062;"AT1 GY Equity";"SXXP Index";2022-02-24;"Analysis performed successfully";120;-11;2021-10-17;2022-02-13;-0.0566;-0.0334;-0.0007;0.9749;0.0116;-0.0332;-0.185
10063;"ATCOA SS Equity";"SXXP Index";2022-02-24;"Analysis performed successfully";120;-11;2021-10-17;2022-02-13;-0.0312;-0.0334;-0.0012;1.7244;0.0126;-0.0587;-0.2776
10064;"ATE FP Equity";"SXXP Index";2022-02-24;"Analysis performed successfully";120;-11;2021-10-17;2022-02-13;-0.0159;-0.0334;0.001;1.3687;0.0116;-0.0447;-0.1958
10065;"ATL IM Equity";"SXXP Index";2022-02-24;"Analysis performed successfully";120;-11;2021-10-17;2022-02-13;-0.0293;-0.0334;0.0002;0.9147;0.0086;-0.0303;0.0211
10066;"ATO FP Equity";"SXXP Index";2022-02-24;"Analysis performed successfully";120;-11;2021-10-17;2022-02-13;-0.0275;-0.0334;-0.0026;1.3848;0.0232;-0.0488;-0.1081
10067;"AUTO LN Equity";"SXXP Index";2022-02-24;"Analysis performed successfully";120;-11;2021-10-17;2022-02-13;-0.004;-0.0334;0.0006;0.9484;0.0155;-0.0311;0.075
10068;"AUTO NO Equity";"SXXP Index";2022-02-24;"Analysis performed successfully";120;-11;2021-10-17;2022-02-13;-0.0327;-0.0334;-0.0091;2.1383;0.0914;-0.0805;-0.04
10069;"AV/ LN Equity";"SXXP Index";2022-02-24;"Analysis performed successfully";120;-11;2021-10-17;2022-02-13;-0.0604;-0.0334;0.0009;0.8581;0.0096;-0.0277;-0.0759
10070;"AVOL SE Equity";"SXXP Index";2022-02-24;"Analysis performed successfully";120;-11;2021-10-17;2022-02-13;-0.0203;-0.0334;-0.0003;1.9692;0.0189;-0.066;0.0163
10071;"AVST LN Equity";"SXXP Index";2022-02-24;"Analysis performed successfully";120;-11;2021-10-17;2022-02-13;-0.0027;-0.0334;0.0009;0.1778;0.0083;-0.005;-0.0459
10072;"AVV LN Equity";"SXXP Index";2022-02-24;"Analysis performed successfully";120;-11;2021-10-17;2022-02-13;-0.0041;-0.0334;-0.0021;1.2743;0.0141;-0.0447;-0.1841
10073;"AZA SS Equity";"SXXP Index";2022-02-24;"Analysis performed successfully";120;-11;2021-10-17;2022-02-13;-0.0246;-0.0334;-0.0017;1.4608;0.0162;-0.0505;-0.1459
10074;"AZN LN Equity";"SXXP Index";2022-02-24;"Analysis performed successfully";120;-11;2021-10-17;2022-02-13;-0.0491;-0.0334;-0.0002;0.7444;0.013;-0.0251;-0.1655
10075;"BA/ LN Equity";"SXXP Index";2022-02-24;"Analysis performed successfully";120;-11;2021-10-17;2022-02-13;0.0488;-0.0334;0.0001;0.3642;0.009;-0.0121;0.1213
10076;"BAER SE Equity";"SXXP Index";2022-02-24;"Analysis performed successfully";120;-11;2021-10-17;2022-02-13;-0.0422;-0.0334;-0.0005;1.0729;0.0112;-0.0363;0.0748
10077;"BAKKA NO Equity";"SXXP Index";2022-02-24;"Analysis performed successfully";120;-11;2021-10-17;2022-02-13;-0.0484;-0.0334;-0.001;1.4415;0.0213;-0.0491;-0.0289
10078;"BALDB SS Equity";"SXXP Index";2022-02-24;"Analysis performed successfully";120;-11;2021-10-17;2022-02-13;-0.0218;-0.0334;-0.0001;1.1927;0.0152;-0.0399;-0.0281
10079;"BALN SE Equity";"SXXP Index";2022-02-24;"Analysis performed successfully";120;-11;2021-10-17;2022-02-13;-0.0174;-0.0334;0.0013;0.6231;0.0063;-0.0195;0.0747
10080;"BAMI IM Equity";"SXXP Index";2022-02-24;"Analysis performed successfully";120;-11;2021-10-17;2022-02-13;-0.087;-0.0334;0.0019;1.1196;0.0177;-0.0355;0.1019
10081;"BANB SE Equity";"SXXP Index";2022-02-24;"Analysis performed successfully";120;-11;2021-10-17;2022-02-13;0.02;-0.0334;-0.0039;0.8586;0.0244;-0.0325;0.047
10082;"BARC LN Equity";"SXXP Index";2022-02-24;"Analysis performed successfully";120;-11;2021-10-17;2022-02-13;-0.0889;-0.0334;0.0004;1.283;0.0135;-0.0425;-0.0107
10083;"BARN SE Equity";"SXXP Index";2022-02-24;"Analysis performed successfully";120;-11;2021-10-17;2022-02-13;-0.0117;-0.0334;-0.0001;0.3496;0.0077;-0.0117;0.0474
10084;"BAS GY Equity";"SXXP Index";2022-02-24;"Analysis performed successfully";120;-11;2021-10-17;2022-02-13;-0.0604;-0.0334;0.0005;0.9135;0.0084;-0.03;0.1435
10085;"BATS LN Equity";"SXXP Index";2022-02-24;"Analysis performed successfully";120;-11;2021-10-17;2022-02-13;-0.0519;-0.0334;0.0022;0.2353;0.0095;-0.0056;0.068
10086;"BAYN GY Equity";"SXXP Index";2022-02-24;"Analysis performed successfully";120;-11;2021-10-17;2022-02-13;-0.0454;-0.0334;0.001;0.8155;0.0094;-0.0262;0.0799
10087;"BBOX LN Equity";"SXXP Index";2022-02-24;"Analysis performed successfully";120;-11;2021-10-17;2022-02-13;0;-0.0334;0.0005;0.7257;0.0088;-0.0237;0.048
10088;"BBVA SQ Equity";"SXXP Index";2022-02-24;"Analysis performed successfully";120;-11;2021-10-17;2022-02-13;-0.0639;-0.0334;0.0003;1.1534;0.0138;-0.0382;0.0641
10089;"BC8 GY Equity";"SXXP Index";2022-02-24;"Analysis performed successfully";120;-11;2021-10-17;2022-02-13;-0.0156;-0.0334;-0.0018;0.8912;0.0167;-0.0316;-0.0974
10090;"BEAN SE Equity";"SXXP Index";2022-02-24;"Analysis performed successfully";120;-11;2021-10-17;2022-02-13;-0.0118;-0.0334;-0.0005;1.155;0.0156;-0.039;-0.0469
10091;"BEI GY Equity";"SXXP Index";2022-02-24;"Analysis performed successfully";120;-11;2021-10-17;2022-02-13;-0.0217;-0.0334;-0.0005;0.2991;0.0095;-0.0105;-0.0936
10092;"BEIJB SS Equity";"SXXP Index";2022-02-24;"Analysis performed successfully";120;-11;2021-10-17;2022-02-13;-0.0263;-0.0334;-0.002;1.9491;0.02;-0.0671;-0.117
10093;"BESI NA Equity";"SXXP Index";2022-02-24;"Analysis performed successfully";120;-11;2021-10-17;2022-02-13;-0.0129;-0.0334;0.0007;1.6705;0.0207;-0.055;0.1328
10094;"BEZ LN Equity";"SXXP Index";2022-02-24;"Analysis performed successfully";120;-11;2021-10-17;2022-02-13;-0.0685;-0.0334;0.002;0.6718;0.0133;-0.0205;-0.0321
10095;"BG AV Equity";"SXXP Index";2022-02-24;"Analysis performed successfully";120;-11;2021-10-17;2022-02-13;-0.0979;-0.0334;0.0002;1.1011;0.0093;-0.0365;0.226
10096;"BILL SS Equity";"SXXP Index";2022-02-24;"Analysis performed successfully";120;-11;2021-10-17;2022-02-13;-0.0221;-0.0334;-0.0019;1.3007;0.016;-0.0454;0.0516
10097;"BIM FP Equity";"SXXP Index";2022-02-24;"Analysis performed successfully";120;-11;2021-10-17;2022-02-13;-0.032;-0.0334;0.0002;0.1342;0.0191;-0.0042;0.0627
10098;"BIRG ID Equity";"SXXP Index";2022-02-24;"Analysis performed successfully";120;-11;2021-10-17;2022-02-13;-0.0494;-0.0334;0.0022;1.0294;0.0153;-0.0322;-0.0093
10099;"BKG LN Equity";"SXXP Index";2022-02-24;"Analysis performed successfully";120;-11;2021-10-17;2022-02-13;-0.0381;-0.0334;-0.0003;1.1135;0.0106;-0.0375;-0.0227
10100;"BKT SQ Equity";"SXXP Index";2022-02-24;"Analysis performed successfully";120;-11;2021-10-17;2022-02-13;-0.0514;-0.0334;0.0012;0.6373;0.0142;-0.02;0.1494
10101;"BLND LN Equity";"SXXP Index";2022-02-24;"Analysis performed successfully";120;-11;2021-10-17;2022-02-13;-0.0452;-0.0334;0.0007;0.8016;0.0113;-0.026;-0.2065
10102;"BME LN Equity";"SXXP Index";2022-02-24;"Analysis performed successfully";120;-11;2021-10-17;2022-02-13;-0.0101;-0.0334;-0.0003;0.3326;0.0139;-0.0114;0.0446
10103;"BMW GY Equity";"SXXP Index";2022-02-24;"Analysis performed successfully";120;-11;2021-10-17;2022-02-13;-0.0751;-0.0334;0.0007;1.1393;0.0106;-0.0373;0.08
10104;"BN FP Equity";"SXXP Index";2022-02-24;"Analysis performed successfully";120;-11;2021-10-17;2022-02-13;-0.0477;-0.0334;-0.0003;0.4968;0.0091;-0.0169;-0.0699
10105;"BNP FP Equity";"SXXP Index";2022-02-24;"Analysis performed successfully";120;-11;2021-10-17;2022-02-13;-0.0778;-0.0334;0.001;1.0543;0.0104;-0.0342;0.0722
10106;"BNR GY Equity";"SXXP Index";2022-02-24;"Analysis performed successfully";120;-11;2021-10-17;2022-02-13;-0.0602;-0.0334;-0.0006;0.8881;0.0084;-0.0302;0.0474
10107;"BNZL LN Equity";"SXXP Index";2022-02-24;"Analysis performed successfully";120;-11;2021-10-17;2022-02-13;-0.0092;-0.0334;0.0006;0.6994;0.0086;-0.0228;-0.0997
10108;"BOL FP Equity";"SXXP Index";2022-02-24;"Analysis performed successfully";120;-11;2021-10-17;2022-02-13;-0.0505;-0.0334;-0.0004;1.1132;0.0116;-0.0376;0.0827
10109;"BOL SS Equity";"SXXP Index";2022-02-24;"Analysis performed successfully";120;-11;2021-10-17;2022-02-13;-0.0032;-0.0334;0.0013;1.2528;0.0144;-0.0405;-0.0025
10110;"BOSS GY Equity";"SXXP Index";2022-02-24;"Analysis performed successfully";120;-11;2021-10-17;2022-02-13;-0.054;-0.0334;0.0006;1.0332;0.0135;-0.0339;-0.1006
10111;"BP/ LN Equity";"SXXP Index";2022-02-24;"Analysis performed successfully";120;-11;2021-10-17;2022-02-13;-0.0491;-0.0334;0.0012;1.2785;0.0151;-0.0415;0.1435
10112;"BPT LN Equity";"SXXP Index";2022-02-24;"Analysis performed successfully";120;-11;2021-10-17;2022-02-13;-0.0649;-0.0334;-0.0017;1.4346;0.0189;-0.0496;-0.0148
10113;"BRBY LN Equity";"SXXP Index";2022-02-24;"Analysis performed successfully";120;-11;2021-10-17;2022-02-13;-0.0809;-0.0334;0.0005;1.0527;0.0134;-0.0346;0.0187
10114;"BT/A LN Equity";"SXXP Index";2022-02-24;"Analysis performed successfully";120;-11;2021-10-17;2022-02-13;-0.0477;-0.0334;0.0029;0.9735;0.0185;-0.0296;-0.0986
10115;"BTRW LN Equity";"SXXP Index";2022-02-24;"Analysis performed successfully";120;-11;2021-10-17;2022-02-13;-0.0468;-0.0334;-0.0008;1.1925;0.013;-0.0406;0.0656
10116;"BUCN SE Equity";"SXXP Index";2022-02-24;"Analysis performed successfully";120;-11;2021-10-17;2022-02-13;-0.0139;-0.0334;-0.0004;1.0277;0.0117;-0.0347;0.1007
10117;"BVI FP Equity";"SXXP Index";2022-02-24;"Analysis performed successfully";120;-11;2021-10-17;2022-02-13;0.012;-0.0334;-0.0007;0.8897;0.0082;-0.0304;0.1012
10118;"BVIC LN Equity";"SXXP Index";2022-02-24;"Analysis performed successfully";120;-11;2021-10-17;2022-02-13;-0.0387;-0.0334;0.0001;0.7683;0.0106;-0.0256;-0.1747
10119;"BWY LN Equity";"SXXP Index";2022-02-24;"Analysis performed successfully";120;-11;2021-10-17;2022-02-13;-0.059;-0.0334;-0.0009;1.0712;0.0121;-0.0366;0.1553
10120;"BYG LN Equity";"SXXP Index";2022-02-24;"Analysis performed successfully";120;-11;2021-10-17;2022-02-13;-0.0098;-0.0334;-0.0001;0.5757;0.0104;-0.0194;0.0636
10121;"CA FP Equity";"SXXP Index";2022-02-24;"Analysis performed successfully";120;-11;2021-10-17;2022-02-13;-0.0246;-0.0334;0.0008;0.2385;0.015;-0.0071;0.1423
10122;"CABK SQ Equity";"SXXP Index";2022-02-24;"Analysis performed successfully";120;-11;2021-10-17;2022-02-13;-0.0566;-0.0334;0.002;0.4827;0.0152;-0.0141;0.1206
10123;"CAP FP Equity";"SXXP Index";2022-02-24;"Analysis performed successfully";120;-11;2021-10-17;2022-02-13;-0.0177;-0.0334;0.0004;1.3938;0.0107;-0.0461;-0.0237
10124;"CARLB DC Equity";"SXXP Index";2022-02-24;"Analysis performed successfully";120;-11;2021-10-17;2022-02-13;-0.0237;-0.0334;0.0001;0.6094;0.0102;-0.0202;-0.161
10125;"CAST SS Equity";"SXXP Index";2022-02-24;"Analysis performed successfully";120;-11;2021-10-17;2022-02-13;-0.0119;-0.0334;-0.0009;1.1423;0.0132;-0.039;-0.0231
10126;"CBG LN Equity";"SXXP Index";2022-02-24;"Analysis performed successfully";120;-11;2021-10-17;2022-02-13;-0.0563;-0.0334;-0.0013;1.0519;0.0116;-0.0364;-0.0277
10127;"CBK GY Equity";"SXXP Index";2022-02-24;"Analysis performed successfully";120;-11;2021-10-17;2022-02-13;-0.1409;-0.0334;0.0031;0.8608;0.0163;-0.0257;0.1792
10128;"CCH LN Equity";"SXXP Index";2022-02-24;"Analysis performed successfully";120;-11;2021-10-17;2022-02-13;-0.0553;-0.0334;0;1.1347;0.0104;-0.0379;-0.1667
10129;"CDI FP Equity";"SXXP Index";2022-02-24;"Analysis performed successfully";120;-11;2021-10-17;2022-02-13;-0.0369;-0.0334;-0.0002;1.4893;0.0101;-0.0499;0.001
10130;"CDR PW Equity";"SXXP Index";2022-02-24;"Analysis performed successfully";120;-11;2021-10-17;2022-02-13;-0.0842;-0.0334;-0.0004;1.0596;0.0218;-0.0358;-0.1599
10131;"CFR SE Equity";"SXXP Index";2022-02-24;"Analysis performed successfully";120;-11;2021-10-17;2022-02-13;-0.0622;-0.0334;0.0017;1.6587;0.0143;-0.0536;0.0021
10132;"CHR DC Equity";"SXXP Index";2022-02-24;"Analysis performed successfully";120;-11;2021-10-17;2022-02-13;-0.0036;-0.0334;-0.0004;0.707;0.0146;-0.024;-0.0617
10133;"CLN SE Equity";"SXXP Index";2022-02-24;"Analysis performed successfully";120;-11;2021-10-17;2022-02-13;-0.0523;-0.0334;0.001;1.024;0.0084;-0.0332;0.1613
10134;"CLNX SQ Equity";"SXXP Index";2022-02-24;"Analysis performed successfully";120;-11;2021-10-17;2022-02-13;-0.008;-0.0334;-0.0027;0.766;0.0146;-0.0283;0.1206
10135;"CNA LN Equity";"SXXP Index";2022-02-24;"Analysis performed successfully";120;-11;2021-10-17;2022-02-13;-0.0565;-0.0334;0.0026;0.8441;0.011;-0.0256;-0.1042
10136;"CNP FP Equity";"SXXP Index";2022-02-24;"Analysis performed successfully";120;-11;2021-10-17;2022-02-13;-0.0009;-0.0334;0.0034;0.1544;0.0279;-0.0017;-0.0088
10137;"COFB BB Equity";"SXXP Index";2022-02-24;"Analysis performed successfully";120;-11;2021-10-17;2022-02-13;-0.0175;-0.0334;-0.0015;0.576;0.0121;-0.0207;-0.1004
10138;"COL SQ Equity";"SXXP Index";2022-02-24;"Analysis performed successfully";120;-11;2021-10-17;2022-02-13;-0.0214;-0.0334;-0.0009;0.7503;0.0099;-0.0259;0.1763
10139;"COLOB DC Equity";"SXXP Index";2022-02-24;"Analysis performed successfully";120;-11;2021-10-17;2022-02-13;0.0104;-0.0334;-0.0008;0.8408;0.0134;-0.0288;-0.002
10140;"COLR BB Equity";"SXXP Index";2022-02-24;"Analysis performed successfully";120;-11;2021-10-17;2022-02-13;-0.0173;-0.0334;-0.0012;0.3451;0.0124;-0.0127;-0.1601
10141;"CON GY Equity";"SXXP Index";2022-02-24;"Analysis performed successfully";120;-11;2021-10-17;2022-02-13;-0.0777;-0.0334;-0.0009;1.1836;0.0143;-0.0405;-0.0395
10142;"COV FP Equity";"SXXP Index";2022-02-24;"Analysis performed successfully";120;-11;2021-10-17;2022-02-13;-0.0372;-0.0334;-0.0001;0.6045;0.0105;-0.0202;-0.1219
10143;"CPG LN Equity";"SXXP Index";2022-02-24;"Analysis performed successfully";120;-11;2021-10-17;2022-02-13;-0.046;-0.0334;0.0016;1.0912;0.0153;-0.0348;-0.1661
10144;"CPR IM Equity";"SXXP Index";2022-02-24;"Analysis performed successfully";120;-11;2021-10-17;2022-02-13;0.0181;-0.0334;-0.0016;0.7389;0.0099;-0.0263;0.05
10145;"CRDA LN Equity";"SXXP Index";2022-02-24;"Analysis performed successfully";120;-11;2021-10-17;2022-02-13;-0.0097;-0.0334;-0.0015;0.9003;0.0125;-0.0316;0.0773
10146;"CRH ID Equity";"SXXP Index";2022-02-24;"Analysis performed successfully";120;-11;2021-10-17;2022-02-13;-0.0737;-0.0334;0.0009;1.0382;0.0087;-0.0338;-0.0027
10147;"CS FP Equity";"SXXP Index";2022-02-24;"Analysis performed successfully";120;-11;2021-10-17;2022-02-13;-0.0628;-0.0334;0.0014;0.8757;0.0076;-0.0278;0.0799
10148;"CSGN SE Equity";"SXXP Index";2022-02-24;"Analysis performed successfully";120;-11;2021-10-17;2022-02-13;-0.0439;-0.0334;-0.0009;1.0774;0.0138;-0.0369;-0.0582
10149;"CSP LN Equity";"SXXP Index";2022-02-24;"Analysis performed successfully";120;-11;2021-10-17;2022-02-13;-0.0414;-0.0334;-0.0036;1.1181;0.0267;-0.0409;-0.1987
10150;"CTEC LN Equity";"SXXP Index";2022-02-24;"Analysis performed successfully";120;-11;2021-10-17;2022-02-13;-0.0245;-0.0334;-0.0009;0.9388;0.0138;-0.0323;0.0458
10151;"DANSKE DC Equity";"SXXP Index";2022-02-24;"Analysis performed successfully";120;-11;2021-10-17;2022-02-13;-0.0763;-0.0334;0.0013;0.989;0.0122;-0.0317;0.1127
10152;"DB1 GY Equity";"SXXP Index";2022-02-24;"Analysis performed successfully";120;-11;2021-10-17;2022-02-13;-0.002;-0.0334;0.0006;0.4094;0.0086;-0.0131;0.0478
10153;"DBK GY Equity";"SXXP Index";2022-02-24;"Analysis performed successfully";120;-11;2021-10-17;2022-02-13;-0.1336;-0.0334;0.0019;1.1097;0.0167;-0.0351;0.0864
10154;"DCC LN Equity";"SXXP Index";2022-02-24;"Analysis performed successfully";120;-11;2021-10-17;2022-02-13;-0.0453;-0.0334;0.0006;0.7572;0.0133;-0.0247;-0.1983
10155;"DEMANT DC Equity";"SXXP Index";2022-02-24;"Analysis performed successfully";120;-11;2021-10-17;2022-02-13;-0.009;-0.0334;-0.0005;1.4843;0.0158;-0.05;-0.1576
10156;"DG FP Equity";"SXXP Index";2022-02-24;"Analysis performed successfully";120;-11;2021-10-17;2022-02-13;-0.0399;-0.0334;0.001;0.9795;0.0098;-0.0317;0.127
10157;"DGE LN Equity";"SXXP Index";2022-02-24;"Analysis performed successfully";120;-11;2021-10-17;2022-02-13;-0.0436;-0.0334;0.0003;0.8593;0.0074;-0.0284;-0.0979
10158;"DHER GY Equity";"SXXP Index";2022-02-24;"Analysis performed successfully";120;-11;2021-10-17;2022-02-13;-0.0018;-0.0334;-0.0086;1.7321;0.0412;-0.0664;0.2487
10159;"DHL GY Equity";"SXXP Index";2022-02-24;"Analysis performed successfully";120;-11;2021-10-17;2022-02-13;-0.0491;-0.0334;-8.8163E-6;1.2759;0.0091;-0.0426;-0.2851
10160;"DIA IM Equity";"SXXP Index";2022-02-24;"Analysis performed successfully";120;-11;2021-10-17;2022-02-13;0.0244;-0.0334;-0.0032;0.5874;0.0203;-0.0228;-0.0152
10161;"DIE BB Equity";"SXXP Index";2022-02-24;"Analysis performed successfully";120;-11;2021-10-17;2022-02-13;-0.0277;-0.0334;0.0009;1.5701;0.014;-0.0515;0.076
10162;"DIM FP Equity";"SXXP Index";2022-02-24;"Analysis performed successfully";120;-11;2021-10-17;2022-02-13;0.0042;-0.0334;-0.0021;0.451;0.0252;-0.0172;-0.1016
10163;"DLG LN Equity";"SXXP Index";2022-02-24;"Analysis performed successfully";120;-11;2021-10-17;2022-02-13;-0.0544;-0.0334;0.0008;0.5717;0.0108;-0.0183;-0.2368
10164;"DLN LN Equity";"SXXP Index";2022-02-24;"Analysis performed successfully";120;-11;2021-10-17;2022-02-13;-0.0219;-0.0334;-0.0004;0.5157;0.0079;-0.0176;-0.1532
10165;"DNB NO Equity";"SXXP Index";2022-02-24;"Analysis performed successfully";120;-11;2021-10-17;2022-02-13;-0.0756;-0.0334;-0.0001;1.1523;0.0109;-0.0386;-0.0442
10166;"DNP PW Equity";"SXXP Index";2022-02-24;"Analysis performed successfully";120;-11;2021-10-17;2022-02-13;-0.0853;-0.0334;-0.002;0.2966;0.0147;-0.0119;0.0934
10167;"DOCM SE Equity";"SXXP Index";2022-02-24;"Analysis performed successfully";120;-11;2021-10-17;2022-02-13;0.0412;-0.0334;-0.0054;0.6437;0.0361;-0.0268;0.0755
10168;"DOCS LN Equity";"SXXP Index";2022-02-24;"Analysis performed successfully";120;-11;2021-10-17;2022-02-13;-0.031;-0.0334;-0.0022;1.5049;0.0199;-0.0524;-0.1422
10169;"DOM SS Equity";"SXXP Index";2022-02-24;"Analysis performed successfully";120;-11;2021-10-17;2022-02-13;-0.0334;-0.0334;-0.003;1.273;0.0161;-0.0455;0.1033
10170;"DPH LN Equity";"SXXP Index";2022-02-24;"Analysis performed successfully";120;-11;2021-10-17;2022-02-13;0.0171;-0.0334;-0.0019;0.9377;0.0165;-0.0332;0.0537
10171;"DPLM LN Equity";"SXXP Index";2022-02-24;"Analysis performed successfully";120;-11;2021-10-17;2022-02-13;-0.018;-0.0334;-0.0006;1.3898;0.0142;-0.047;-0.2435
10172;"DRX LN Equity";"SXXP Index";2022-02-24;"Analysis performed successfully";120;-11;2021-10-17;2022-02-13;-0.008;-0.0334;0.0016;1.0827;0.0144;-0.0346;-0.1334
10173;"DSM NA Equity";"SXXP Index";2022-02-24;"Analysis performed successfully";120;-11;2021-10-17;2022-02-13;-0.0094;-0.0334;-0.0011;0.8638;0.0086;-0.03;0.0738
10174;"DSV DC Equity";"SXXP Index";2022-02-24;"Analysis performed successfully";120;-11;2021-10-17;2022-02-13;-0.0169;-0.0334;-0.0013;1.3551;0.0133;-0.0465;-0.0779
10175;"DSY FP Equity";"SXXP Index";2022-02-24;"Analysis performed successfully";120;-11;2021-10-17;2022-02-13;0.0148;-0.0334;-0.001;0.92;0.0134;-0.0317;0.0464
10176;"DTE GY Equity";"SXXP Index";2022-02-24;"Analysis performed successfully";120;-11;2021-10-17;2022-02-13;-0.0555;-0.0334;0.0006;0.8466;0.0095;-0.0277;-0.0638
10177;"DTG GY Equity";"SXXP Index";2022-02-24;"Analysis performed successfully";120;-11;2021-10-17;2022-02-13;-0.0482;-0.0334;0.0054;0.1747;0.0539;-0.0004;-0.0085
10178;"EBS AV Equity";"SXXP Index";2022-02-24;"Analysis performed successfully";120;-11;2021-10-17;2022-02-13;-0.1328;-0.0334;0.0009;0.9585;0.0132;-0.0311;-0.1725
10179;"EDEN FP Equity";"SXXP Index";2022-02-24;"Analysis performed successfully";120;-11;2021-10-17;2022-02-13;0.0047;-0.0334;-0.0019;1.1918;0.0124;-0.0417;-0.0338
10180;"EDF FP Equity";"SXXP Index";2022-02-24;"Analysis performed successfully";120;-11;2021-10-17;2022-02-13;-0.0437;-0.0334;-0.0034;0.6389;0.0244;-0.0247;-0.0178
10181;"EDP PL Equity";"SXXP Index";2022-02-24;"Analysis performed successfully";120;-11;2021-10-17;2022-02-13;0.051;-0.0334;-0.0011;0.6722;0.0094;-0.0236;0.1488
10182;"EDPR PL Equity";"SXXP Index";2022-02-24;"Analysis performed successfully";120;-11;2021-10-17;2022-02-13;0.1001;-0.0334;-0.0021;1.121;0.0159;-0.0395;0.124
10183;"EKTAB SS Equity";"SXXP Index";2022-02-24;"Analysis performed successfully";120;-11;2021-10-17;2022-02-13;-0.0403;-0.0334;-0.0004;1.0486;0.0129;-0.0354;0.0499
10184;"EL FP Equity";"SXXP Index";2022-02-24;"Analysis performed successfully";120;-11;2021-10-17;2022-02-13;-0.0303;-0.0334;0.0002;1.3305;0.0096;-0.0442;0.1819
10185;"ELE SQ Equity";"SXXP Index";2022-02-24;"Analysis performed successfully";120;-11;2021-10-17;2022-02-13;-0.0217;-0.0334;0;0.5935;0.0092;-0.0198;0.0775
10186;"ELI BB Equity";"SXXP Index";2022-02-24;"Analysis performed successfully";120;-11;2021-10-17;2022-02-13;0.0382;-0.0334;0.0007;0.449;0.0119;-0.0143;0.0167
10187;"ELIS FP Equity";"SXXP Index";2022-02-24;"Analysis performed successfully";120;-11;2021-10-17;2022-02-13;-0.0335;-0.0334;-0.0001;1.0629;0.0109;-0.0356;0.0759
10188;"ELISA FH Equity";"SXXP Index";2022-02-24;"Analysis performed successfully";120;-11;2021-10-17;2022-02-13;-0.0403;-0.0334;-0.0006;0.4486;0.0078;-0.0156;-0.0572
10189;"ELUXB SS Equity";"SXXP Index";2022-02-24;"Analysis performed successfully";120;-11;2021-10-17;2022-02-13;-0.0421;-0.0334;-0.0007;1.1424;0.0126;-0.0388;-0.0282
10190;"EMEIS FP Equity";"SXXP Index";2022-02-24;"Analysis performed successfully";120;-11;2021-10-17;2022-02-13;-0.0767;-0.0334;-0.0078;0.5079;0.0415;-0.0247;0.4044
10191;"EMG LN Equity";"SXXP Index";2022-02-24;"Analysis performed successfully";120;-11;2021-10-17;2022-02-13;-0.059;-0.0334;-0.001;1.2916;0.0143;-0.0441;-0.26
10192;"EMSN SE Equity";"SXXP Index";2022-02-24;"Analysis performed successfully";120;-11;2021-10-17;2022-02-13;-0.0247;-0.0334;0.0004;1.0466;0.0103;-0.0345;-0.0006
10193;"EN FP Equity";"SXXP Index";2022-02-24;"Analysis performed successfully";120;-11;2021-10-17;2022-02-13;-0.0223;-0.0334;-0.0004;0.5615;0.0086;-0.0191;0.1425
10194;"ENEL IM Equity";"SXXP Index";2022-02-24;"Analysis performed successfully";120;-11;2021-10-17;2022-02-13;-0.0192;-0.0334;-0.0007;0.9377;0.0088;-0.032;0.0153
10195;"ENG SQ Equity";"SXXP Index";2022-02-24;"Analysis performed successfully";120;-11;2021-10-17;2022-02-13;-0.0011;-0.0334;-0.0003;0.3608;0.0086;-0.0124;-0.1364
10196;"ENGI FP Equity";"SXXP Index";2022-02-24;"Analysis performed successfully";120;-11;2021-10-17;2022-02-13;-0.0477;-0.0334;0.0018;0.6413;0.0074;-0.0196;0.0699
10197;"ENI IM Equity";"SXXP Index";2022-02-24;"Analysis performed successfully";120;-11;2021-10-17;2022-02-13;-0.0052;-0.0334;0.0009;0.9599;0.0104;-0.0312;0.0729
10198;"ENR GY Equity";"SXXP Index";2022-02-24;"Analysis performed successfully";120;-11;2021-10-17;2022-02-13;0.0712;-0.0334;-0.002;1.5179;0.0204;-0.0527;-0.0199
10199;"ENT LN Equity";"SXXP Index";2022-02-24;"Analysis performed successfully";120;-11;2021-10-17;2022-02-13;-0.0366;-0.0334;-0.0017;1.3637;0.0141;-0.0472;-0.1212
10200;"ENX FP Equity";"SXXP Index";2022-02-24;"Analysis performed successfully";120;-11;2021-10-17;2022-02-13;0.0063;-0.0334;-0.0016;0.6899;0.0102;-0.0247;-0.0583
10201;"EOAN GY Equity";"SXXP Index";2022-02-24;"Analysis performed successfully";120;-11;2021-10-17;2022-02-13;-0.0401;-0.0334;0.0011;0.5553;0.0087;-0.0174;-0.0938
10202;"EPIA SS Equity";"SXXP Index";2022-02-24;"Analysis performed successfully";120;-11;2021-10-17;2022-02-13;-0.0319;-0.0334;-0.0007;1.3834;0.0137;-0.0468;0.0785
10203;"EQNR NO Equity";"SXXP Index";2022-02-24;"Analysis performed successfully";120;-11;2021-10-17;2022-02-13;0.0387;-0.0334;0.0013;0.8629;0.0184;-0.0275;0.0787
10204;"EQT SS Equity";"SXXP Index";2022-02-24;"Analysis performed successfully";120;-11;2021-10-17;2022-02-13;0.0014;-0.0334;-0.0017;1.6932;0.0216;-0.0582;0.0281
10205;"ERF FP Equity";"SXXP Index";2022-02-24;"Analysis performed successfully";120;-11;2021-10-17;2022-02-13;0.0023;-0.0334;-0.0019;0.0741;0.0198;-0.0043;-0.026
10206;"ERICB SS Equity";"SXXP Index";2022-02-24;"Analysis performed successfully";120;-11;2021-10-17;2022-02-13;-0.0092;-0.0334;0.0004;0.9803;0.0137;-0.0324;-0.0449
10207;"ESSITYB SS Equity";"SXXP Index";2022-02-24;"Analysis performed successfully";120;-11;2021-10-17;2022-02-13;-0.0517;-0.0334;-0.0005;0.5616;0.0124;-0.0192;-0.111
10208;"EVD GY Equity";"SXXP Index";2022-02-24;"Analysis performed successfully";120;-11;2021-10-17;2022-02-13;-0.0218;-0.0334;-0.0003;1.5244;0.0126;-0.0512;0.1617
10209;"EVK GY Equity";"SXXP Index";2022-02-24;"Analysis performed successfully";120;-11;2021-10-17;2022-02-13;-0.0429;-0.0334;0.0005;0.6508;0.0065;-0.0212;-0.1009
10210;"EVO SS Equity";"SXXP Index";2022-02-24;"Analysis performed successfully";120;-11;2021-10-17;2022-02-13;-0.0071;-0.0334;-0.0026;1.8059;0.034;-0.0629;-0.0508
10211;"EVT GY Equity";"SXXP Index";2022-02-24;"Analysis performed successfully";120;-11;2021-10-17;2022-02-13;0.03;-0.0334;-0.0032;0.6705;0.0266;-0.0256;-0.0161
10212;"EXO IM Equity";"SXXP Index";2022-02-24;"Analysis performed successfully";120;-11;2021-10-17;2022-02-13;-0.0406;-0.0334;0;1.579;0.0092;-0.0528;-0.0749
10213;"EXPN LN Equity";"SXXP Index";2022-02-24;"Analysis performed successfully";120;-11;2021-10-17;2022-02-13;-0.0291;-0.0334;-0.0007;1.1871;0.0105;-0.0403;-0.1045
10214;"FABG SS Equity";"SXXP Index";2022-02-24;"Analysis performed successfully";120;-11;2021-10-17;2022-02-13;-0.0319;-0.0334;-0.0006;1.2155;0.0128;-0.0412;-0.1855
10215;"FBK IM Equity";"SXXP Index";2022-02-24;"Analysis performed successfully";120;-11;2021-10-17;2022-02-13;-0.066;-0.0334;-0.0005;1.0374;0.0104;-0.0351;-0.0572
10216;"FDJU FP Equity";"SXXP Index";2022-02-24;"Analysis performed successfully";120;-11;2021-10-17;2022-02-13;-0.0124;-0.0334;-0.0013;0.5312;0.0106;-0.019;-0.1292
10217;"FDR SQ Equity";"SXXP Index";2022-02-24;"Analysis performed successfully";120;-11;2021-10-17;2022-02-13;-0.0062;-0.0334;-0.0023;1.3634;0.0155;-0.0478;0.0646
10218;"FER SQ Equity";"SXXP Index";2022-02-24;"Analysis performed successfully";120;-11;2021-10-17;2022-02-13;-0.0382;-0.0334;-0.0007;1.1313;0.0108;-0.0385;-0.0746
10219;"FGR FP Equity";"SXXP Index";2022-02-24;"Analysis performed successfully";120;-11;2021-10-17;2022-02-13;-0.0494;-0.0334;0.001;0.8609;0.0084;-0.0278;0.0679
10220;"FHZN SE Equity";"SXXP Index";2022-02-24;"Analysis performed successfully";120;-11;2021-10-17;2022-02-13;-0.0256;-0.0334;0.0006;0.7864;0.0111;-0.0257;-0.0202
10221;"FLTR ID Equity";"SXXP Index";2022-02-24;"Analysis performed successfully";120;-11;2021-10-17;2022-02-13;-0.0261;-0.0334;-0.0021;1.5949;0.0159;-0.0553;0.0436
10222;"FME GY Equity";"SXXP Index";2022-02-24;"Analysis performed successfully";120;-11;2021-10-17;2022-02-13;-0.0366;-0.0334;-0.0005;0.6646;0.0139;-0.0227;-0.0852
10223;"FNTN GY Equity";"SXXP Index";2022-02-24;"Analysis performed successfully";120;-11;2021-10-17;2022-02-13;-0.0639;-0.0334;0.001;0.4859;0.0108;-0.0152;-0.1784
10224;"FORTUM FH Equity";"SXXP Index";2022-02-24;"Analysis performed successfully";120;-11;2021-10-17;2022-02-13;-0.0966;-0.0334;-0.0007;0.918;0.0123;-0.0313;0.0146
10225;"FPE3 GY Equity";"SXXP Index";2022-02-24;"Analysis performed successfully";120;-11;2021-10-17;2022-02-13;-0.0285;-0.0334;-0.001;0.7319;0.009;-0.0254;-0.0631
10226;"FR FP Equity";"SXXP Index";2022-02-24;"Analysis performed successfully";120;-11;2021-10-17;2022-02-13;-0.0596;-0.0334;0.0001;1.2249;0.0153;-0.0408;0.0144
10227;"FRE GY Equity";"SXXP Index";2022-02-24;"Analysis performed successfully";120;-11;2021-10-17;2022-02-13;-0.0508;-0.0334;-0.0009;0.4686;0.0115;-0.0165;-0.1697
10228;"FRVIA FP Equity";"SXXP Index";2022-02-24;"Analysis performed successfully";120;-11;2021-10-17;2022-02-13;-0.0615;-0.0334;-0.0005;1.2708;0.0179;-0.0429;-0.1962
10229;"FUTR LN Equity";"SXXP Index";2022-02-24;"Analysis performed successfully";120;-11;2021-10-17;2022-02-13;0.0245;-0.0334;-0.0016;1.7156;0.0218;-0.0589;-0.1103
10230;"G IM Equity";"SXXP Index";2022-02-24;"Analysis performed successfully";120;-11;2021-10-17;2022-02-13;-0.0393;-0.0334;-0.0001;0.7254;0.0067;-0.0243;-0.1292
10231;"G1A GY Equity";"SXXP Index";2022-02-24;"Analysis performed successfully";120;-11;2021-10-17;2022-02-13;-0.0397;-0.0334;0.0002;0.8731;0.0085;-0.029;0.1074
10232;"G24 GY Equity";"SXXP Index";2022-02-24;"Analysis performed successfully";120;-11;2021-10-17;2022-02-13;0.0043;-0.0334;-0.0012;1.0386;0.0158;-0.0359;-0.2178
10233;"GALE SE Equity";"SXXP Index";2022-02-24;"Analysis performed successfully";120;-11;2021-10-17;2022-02-13;-0.0211;-0.0334;-0.0002;0.612;0.0082;-0.0206;-0.0926
10234;"GALP PL Equity";"SXXP Index";2022-02-24;"Analysis performed successfully";120;-11;2021-10-17;2022-02-13;-0.0125;-0.0334;0.0001;0.8469;0.0143;-0.0282;0.0662
10235;"GAW LN Equity";"SXXP Index";2022-02-24;"Analysis performed successfully";120;-11;2021-10-17;2022-02-13;-0.0282;-0.0334;-0.002;0.8854;0.0195;-0.0316;-0.2629
10236;"GBLB BB Equity";"SXXP Index";2022-02-24;"Analysis performed successfully";120;-11;2021-10-17;2022-02-13;-0.0276;-0.0334;-0.0004;0.8251;0.0041;-0.0279;-0.1322
10237;"GEBN SE Equity";"SXXP Index";2022-02-24;"Analysis performed successfully";120;-11;2021-10-17;2022-02-13;-0.0144;-0.0334;-0.0012;0.8157;0.0103;-0.0285;-0.0066
10238;"GET FP Equity";"SXXP Index";2022-02-24;"Analysis performed successfully";120;-11;2021-10-17;2022-02-13;-0.0266;-0.0334;0.0001;0.6763;0.0087;-0.0224;0.0176
10239;"GETIB SS Equity";"SXXP Index";2022-02-24;"Analysis performed successfully";120;-11;2021-10-17;2022-02-13;0.003;-0.0334;-0.0005;1.0524;0.0174;-0.0356;-0.0025
10240;"GF SE Equity";"SXXP Index";2022-02-24;"Analysis performed successfully";120;-11;2021-10-17;2022-02-13;-0.0194;-0.0334;-0.0007;1.2667;0.01;-0.0429;0.2627
10241;"GFC FP Equity";"SXXP Index";2022-02-24;"Analysis performed successfully";120;-11;2021-10-17;2022-02-13;-0.0104;-0.0334;-0.0007;0.4533;0.0092;-0.0158;-0.0486
10242;"GFTU LN Equity";"SXXP Index";2022-02-24;"Analysis performed successfully";120;-11;2021-10-17;2022-02-13;-0.0357;-0.0334;-0.0014;1.0881;0.0096;-0.0377;-0.0135
10243;"GIVN SE Equity";"SXXP Index";2022-02-24;"Analysis performed successfully";120;-11;2021-10-17;2022-02-13;0.0164;-0.0334;-0.0012;0.7163;0.0117;-0.0251;0.0356
10244;"GJF NO Equity";"SXXP Index";2022-02-24;"Analysis performed successfully";120;-11;2021-10-17;2022-02-13;-0.0261;-0.0334;0.0004;0.6937;0.0094;-0.0227;0.0835
10245;"GLB ID Equity";"SXXP Index";2022-02-24;"Analysis performed successfully";120;-11;2021-10-17;2022-02-13;-0.0378;-0.0334;-0.0008;0.2673;0.0122;-0.0097;0.0888
10246;"GLE FP Equity";"SXXP Index";2022-02-24;"Analysis performed successfully";120;-11;2021-10-17;2022-02-13;-0.1297;-0.0334;0.0019;1.1186;0.0107;-0.0355;0.052
10247;"GLEN LN Equity";"SXXP Index";2022-02-24;"Analysis performed successfully";120;-11;2021-10-17;2022-02-13;-0.0138;-0.0334;0.0006;1.2926;0.013;-0.0425;-0.0332
10248;"GMAB DC Equity";"SXXP Index";2022-02-24;"Analysis performed successfully";120;-11;2021-10-17;2022-02-13;0.0197;-0.0334;-0.0021;0.9911;0.0163;-0.0352;0.0161
10249;"GN DC Equity";"SXXP Index";2022-02-24;"Analysis performed successfully";120;-11;2021-10-17;2022-02-13;-0.0092;-0.0334;-0.0007;1.3371;0.0189;-0.0453;-0.1027
10250;"GNS LN Equity";"SXXP Index";2022-02-24;"Analysis performed successfully";120;-11;2021-10-17;2022-02-13;-0.0257;-0.0334;-0.0036;1.1315;0.0155;-0.0414;-0.0133
10251;"GRF SQ Equity";"SXXP Index";2022-02-24;"Analysis performed successfully";120;-11;2021-10-17;2022-02-13;-0.0085;-0.0334;-0.0027;0.7894;0.0155;-0.0291;-0.0232
10252;"GRG LN Equity";"SXXP Index";2022-02-24;"Analysis performed successfully";120;-11;2021-10-17;2022-02-13;0.0013;-0.0334;-0.0014;1.3446;0.0136;-0.0463;-0.0902
10253;"GSK LN Equity";"SXXP Index";2022-02-24;"Analysis performed successfully";120;-11;2021-10-17;2022-02-13;-0.0445;-0.0334;0.0013;0.6125;0.009;-0.0192;-0.063
10254;"GXI GY Equity";"SXXP Index";2022-02-24;"Analysis performed successfully";120;-11;2021-10-17;2022-02-13;-0.0273;-0.0334;-0.0002;0.4633;0.0115;-0.0157;0.0539
10255;"HAS LN Equity";"SXXP Index";2022-02-24;"Analysis performed successfully";120;-11;2021-10-17;2022-02-13;-0.042;-0.0334;-0.0011;1.0612;0.0123;-0.0365;-0.0088
10256;"HBAN SE Equity";"SXXP Index";2022-02-24;"Analysis performed successfully";120;-11;2021-10-17;2022-02-13;-0.0253;-0.0334;0.0013;0.833;0.0066;-0.0265;0.1239
10257;"HEI GY Equity";"SXXP Index";2022-02-24;"Analysis performed successfully";120;-11;2021-10-17;2022-02-13;-0.075;-0.0334;0.0004;0.8439;0.0093;-0.0278;0.0001
10258;"HEIA NA Equity";"SXXP Index";2022-02-24;"Analysis performed successfully";120;-11;2021-10-17;2022-02-13;-0.0485;-0.0334;0.0002;0.7178;0.0116;-0.0237;0.0463
10259;"HEIO NA Equity";"SXXP Index";2022-02-24;"Analysis performed successfully";120;-11;2021-10-17;2022-02-13;-0.0483;-0.0334;-0.0001;0.7573;0.0105;-0.0254;0.0089
10260;"HEN3 GY Equity";"SXXP Index";2022-02-24;"Analysis performed successfully";120;-11;2021-10-17;2022-02-13;-0.0602;-0.0334;-0.0002;0.566;0.0161;-0.0191;-0.054
10261;"HER IM Equity";"SXXP Index";2022-02-24;"Analysis performed successfully";120;-11;2021-10-17;2022-02-13;-0.0305;-0.0334;-0.0001;0.6937;0.0097;-0.0233;0.0538
10262;"HEXAB SS Equity";"SXXP Index";2022-02-24;"Analysis performed successfully";120;-11;2021-10-17;2022-02-13;-0.0042;-0.0334;-0.0012;1.579;0.0143;-0.0539;-0.0651
10263;"HFG GY Equity";"SXXP Index";2022-02-24;"Analysis performed successfully";120;-11;2021-10-17;2022-02-13;0.0123;-0.0334;-0.0041;0.926;0.0311;-0.035;0.0314
10264;"HIK LN Equity";"SXXP Index";2022-02-24;"Analysis performed successfully";120;-11;2021-10-17;2022-02-13;-0.0939;-0.0334;-0.0014;0.6849;0.0095;-0.0243;-0.0598
10265;"HL/ LN Equity";"SXXP Index";2022-02-24;"Analysis performed successfully";120;-11;2021-10-17;2022-02-13;-0.0433;-0.0334;-0.0007;0.7467;0.0143;-0.0256;-0.0445
10266;"HLMA LN Equity";"SXXP Index";2022-02-24;"Analysis performed successfully";120;-11;2021-10-17;2022-02-13;0.0082;-0.0334;-0.0016;1.1299;0.0118;-0.0394;0.0349
10267;"HMB SS Equity";"SXXP Index";2022-02-24;"Analysis performed successfully";120;-11;2021-10-17;2022-02-13;-0.0362;-0.0334;0.0003;1.1199;0.0158;-0.0371;-0.049
10268;"HNR1 GY Equity";"SXXP Index";2022-02-24;"Analysis performed successfully";120;-11;2021-10-17;2022-02-13;-0.0485;-0.0334;0.001;1.0135;0.009;-0.0328;0.0815
10269;"HO FP Equity";"SXXP Index";2022-02-24;"Analysis performed successfully";120;-11;2021-10-17;2022-02-13;0.0475;-0.0334;0.0001;0.6237;0.0102;-0.0207;0.0313
10270;"HOLMB SS Equity";"SXXP Index";2022-02-24;"Analysis performed successfully";120;-11;2021-10-17;2022-02-13;-0.0483;-0.0334;0.0012;1.2546;0.0106;-0.0407;-0.0963
10271;"HOLN SE Equity";"SXXP Index";2022-02-24;"Analysis performed successfully";120;-11;2021-10-17;2022-02-13;-0.0401;-0.0334;0.0013;0.9086;0.0076;-0.029;0.216
10272;"HPOLB SS Equity";"SXXP Index";2022-02-24;"Analysis performed successfully";120;-11;2021-10-17;2022-02-13;-0.0443;-0.0334;0.0001;1.5443;0.0123;-0.0515;-0.0584
10273;"HSBA LN Equity";"SXXP Index";2022-02-24;"Analysis performed successfully";120;-11;2021-10-17;2022-02-13;-0.0645;-0.0334;0.0023;0.9936;0.012;-0.0309;-0.0109
10274;"HSV LN Equity";"SXXP Index";2022-02-24;"Analysis performed successfully";120;-11;2021-10-17;2022-02-13;-0.0377;-0.0334;-0.0005;0.8926;0.0136;-0.0303;0.0447
10275;"HSX LN Equity";"SXXP Index";2022-02-24;"Analysis performed successfully";120;-11;2021-10-17;2022-02-13;-0.0391;-0.0334;0.0014;0.4202;0.012;-0.0126;-0.0555
10276;"HUH1V FH Equity";"SXXP Index";2022-02-24;"Analysis performed successfully";120;-11;2021-10-17;2022-02-13;-0.0188;-0.0334;-0.0005;0.731;0.0127;-0.0249;-0.0347
10277;"HUSQB SS Equity";"SXXP Index";2022-02-24;"Analysis performed successfully";120;-11;2021-10-17;2022-02-13;-0.0297;-0.0334;0.0008;1.4366;0.0148;-0.0472;0.0399
10278;"HWDN LN Equity";"SXXP Index";2022-02-24;"Analysis performed successfully";120;-11;2021-10-17;2022-02-13;0.0414;-0.0334;-0.0013;1.2472;0.0101;-0.0429;0.0073
10279;"IAG LN Equity";"SXXP Index";2022-02-24;"Analysis performed successfully";120;-11;2021-10-17;2022-02-13;-0.066;-0.0334;-0.0004;2.0442;0.0254;-0.0686;-0.0236
10280;"IBE SQ Equity";"SXXP Index";2022-02-24;"Analysis performed successfully";120;-11;2021-10-17;2022-02-13;0.0096;-0.0334;0;0.8008;0.0088;-0.0267;0.0935
10281;"ICG LN Equity";"SXXP Index";2022-02-24;"Analysis performed successfully";120;-11;2021-10-17;2022-02-13;-0.0513;-0.0334;-0.0011;1.6946;0.0098;-0.0576;-0.0482
10282;"IDS LN Equity";"SXXP Index";2022-02-24;"Analysis performed successfully";120;-11;2021-10-17;2022-02-13;-0.0505;-0.0334;0.0004;1.0273;0.0162;-0.0338;0.0423
10283;"IFX GY Equity";"SXXP Index";2022-02-24;"Analysis performed successfully";120;-11;2021-10-17;2022-02-13;-0.0163;-0.0334;-0.0009;1.7677;0.0121;-0.0599;-0.1571
10284;"IG IM Equity";"SXXP Index";2022-02-24;"Analysis performed successfully";120;-11;2021-10-17;2022-02-13;-0.0193;-0.0334;0.0003;0.6182;0.0084;-0.0203;0.0042
10285;"IGG LN Equity";"SXXP Index";2022-02-24;"Analysis performed successfully";120;-11;2021-10-17;2022-02-13;-0.0263;-0.0334;-0.0004;0.7241;0.0104;-0.0245;-0.1531
10286;"IHG LN Equity";"SXXP Index";2022-02-24;"Analysis performed successfully";120;-11;2021-10-17;2022-02-13;-0.0376;-0.0334;0.0001;1.384;0.0129;-0.0461;-0.1314
10287;"III LN Equity";"SXXP Index";2022-02-24;"Analysis performed successfully";120;-11;2021-10-17;2022-02-13;-0.0535;-0.0334;0.0003;1.5104;0.0095;-0.0501;-0.1302
10288;"IMB LN Equity";"SXXP Index";2022-02-24;"Analysis performed successfully";120;-11;2021-10-17;2022-02-13;-0.0744;-0.0334;0.0013;0.3657;0.0085;-0.0109;0.0031
10289;"IMCD NA Equity";"SXXP Index";2022-02-24;"Analysis performed successfully";120;-11;2021-10-17;2022-02-13;0.0011;-0.0334;-0.0021;1.1008;0.0149;-0.0388;-0.0658
10290;"IMI LN Equity";"SXXP Index";2022-02-24;"Analysis performed successfully";120;-11;2021-10-17;2022-02-13;-0.0383;-0.0334;-0.0003;1.2633;0.0105;-0.0425;-0.0272
10291;"INCH LN Equity";"SXXP Index";2022-02-24;"Analysis performed successfully";120;-11;2021-10-17;2022-02-13;-0.1443;-0.0334;0.0005;0.9997;0.0078;-0.0328;-0.0019
10292;"INDT SS Equity";"SXXP Index";2022-02-24;"Analysis performed successfully";120;-11;2021-10-17;2022-02-13;-0.0284;-0.0334;-0.0015;1.7066;0.0157;-0.0585;-0.0659
10293;"INDUA SS Equity";"SXXP Index";2022-02-24;"Analysis performed successfully";120;-11;2021-10-17;2022-02-13;-0.0364;-0.0334;-0.0001;1.2839;0.0082;-0.043;0.0017
10294;"INF LN Equity";"SXXP Index";2022-02-24;"Analysis performed successfully";120;-11;2021-10-17;2022-02-13;-0.0412;-0.0334;0.001;1.5105;0.0164;-0.0495;-0.1236
10295;"INGA NA Equity";"SXXP Index";2022-02-24;"Analysis performed successfully";120;-11;2021-10-17;2022-02-13;-0.0941;-0.0334;0.0003;1.0853;0.0095;-0.0359;0.0739
10296;"INPST NA Equity";"SXXP Index";2022-02-24;"Analysis performed successfully";120;-11;2021-10-17;2022-02-13;-0.0851;-0.0334;-0.0057;1.9063;0.0337;-0.0693;0.0102
10297;"INRN SE Equity";"SXXP Index";2022-02-24;"Analysis performed successfully";120;-11;2021-10-17;2022-02-13;-0.0473;-0.0334;-0.0016;1.3469;0.0146;-0.0466;0.0554
10298;"INVEB SS Equity";"SXXP Index";2022-02-24;"Analysis performed successfully";120;-11;2021-10-17;2022-02-13;-0.0175;-0.0334;-0.0003;1.4879;0.0091;-0.0499;-0.1209
10299;"INVP LN Equity";"SXXP Index";2022-02-24;"Analysis performed successfully";120;-11;2021-10-17;2022-02-13;-0.0443;-0.0334;0.0026;1.0644;0.0161;-0.0329;-0.0177
10300;"INW IM Equity";"SXXP Index";2022-02-24;"Analysis performed successfully";120;-11;2021-10-17;2022-02-13;-0.0344;-0.0334;-0.001;0.5817;0.0104;-0.0204;0.1135
10301;"IP IM Equity";"SXXP Index";2022-02-24;"Analysis performed successfully";120;-11;2021-10-17;2022-02-13;-0.0129;-0.0334;-0.0013;1.2512;0.0121;-0.0431;0.003
10302;"IPN FP Equity";"SXXP Index";2022-02-24;"Analysis performed successfully";120;-11;2021-10-17;2022-02-13;-0.0422;-0.0334;0.0009;0.4966;0.0165;-0.0156;0.0059
10303;"ISP IM Equity";"SXXP Index";2022-02-24;"Analysis performed successfully";120;-11;2021-10-17;2022-02-13;-0.0835;-0.0334;0.0008;1.0351;0.0101;-0.0337;0.1077
10304;"ISS DC Equity";"SXXP Index";2022-02-24;"Analysis performed successfully";120;-11;2021-10-17;2022-02-13;-0.075;-0.0334;0.0003;1.4335;0.0121;-0.0476;0.1799
10305;"ITRK LN Equity";"SXXP Index";2022-02-24;"Analysis performed successfully";120;-11;2021-10-17;2022-02-13;-0.0286;-0.0334;0.0004;0.8177;0.0107;-0.0269;-0.0536
10306;"ITV LN Equity";"SXXP Index";2022-02-24;"Analysis performed successfully";120;-11;2021-10-17;2022-02-13;-0.0674;-0.0334;0.0015;1.3366;0.0184;-0.0431;-0.0975
10307;"ITX SQ Equity";"SXXP Index";2022-02-24;"Analysis performed successfully";120;-11;2021-10-17;2022-02-13;-0.0394;-0.0334;-0.0016;0.991;0.0137;-0.0347;-0.2293
10308;"IVG IM Equity";"SXXP Index";2022-02-24;"Analysis performed successfully";120;-11;2021-10-17;2022-02-13;-0.0503;-0.0334;-0.0074;0.6266;0.0681;-0.0283;-0.0793
10309;"IWG LN Equity";"SXXP Index";2022-02-24;"Analysis performed successfully";120;-11;2021-10-17;2022-02-13;-0.0031;-0.0334;-0.0004;1.3377;0.0139;-0.045;-0.2497
10310;"JD/ LN Equity";"SXXP Index";2022-02-24;"Analysis performed successfully";120;-11;2021-10-17;2022-02-13;-0.0162;-0.0334;-0.0015;1.2763;0.0137;-0.0441;0.1401
10311;"JDEP NA Equity";"SXXP Index";2022-02-24;"Analysis performed successfully";120;-11;2021-10-17;2022-02-13;-0.0656;-0.0334;0.0005;0.4569;0.0117;-0.0148;-0.0766
10312;"JMAT LN Equity";"SXXP Index";2022-02-24;"Analysis performed successfully";120;-11;2021-10-17;2022-02-13;-0.0347;-0.0334;-0.0035;1.1379;0.0229;-0.0415;-0.1263
10313;"JMT PL Equity";"SXXP Index";2022-02-24;"Analysis performed successfully";120;-11;2021-10-17;2022-02-13;-0.0361;-0.0334;0.0002;0.4904;0.0145;-0.0162;-0.1454
10314;"KBC BB Equity";"SXXP Index";2022-02-24;"Analysis performed successfully";120;-11;2021-10-17;2022-02-13;-0.0776;-0.0334;-0.0001;0.8034;0.0122;-0.0269;0.0652
10315;"KBX GY Equity";"SXXP Index";2022-02-24;"Analysis performed successfully";120;-11;2021-10-17;2022-02-13;-0.0927;-0.0334;-0.0002;0.645;0.0094;-0.0217;-0.1149
10316;"KER FP Equity";"SXXP Index";2022-02-24;"Analysis performed successfully";120;-11;2021-10-17;2022-02-13;-0.0415;-0.0334;-0.0006;1.3954;0.0114;-0.0472;0.0432
10317;"KESKOB FH Equity";"SXXP Index";2022-02-24;"Analysis performed successfully";120;-11;2021-10-17;2022-02-13;-0.016;-0.0334;-0.0014;0.775;0.0122;-0.0273;-0.0481
10318;"KGF LN Equity";"SXXP Index";2022-02-24;"Analysis performed successfully";120;-11;2021-10-17;2022-02-13;-0.0057;-0.0334;-0.0002;0.91;0.0133;-0.0306;0.0083
10319;"KGH PW Equity";"SXXP Index";2022-02-24;"Analysis performed successfully";120;-11;2021-10-17;2022-02-13;-0.0847;-0.0334;-0.0007;1.8029;0.0197;-0.0609;-0.0701
10320;"KGX GY Equity";"SXXP Index";2022-02-24;"Analysis performed successfully";120;-11;2021-10-17;2022-02-13;-0.0569;-0.0334;-0.0005;1.298;0.011;-0.0439;-0.0776
10321;"KINDSDB SS Equity";"SXXP Index";2022-02-24;"Analysis performed successfully";120;-11;2021-10-17;2022-02-13;-0.0136;-0.0334;-0.0011;1.2743;0.0158;-0.0436;-0.2188
10322;"KINVB SS Equity";"SXXP Index";2022-02-24;"Analysis performed successfully";120;-11;2021-10-17;2022-02-13;0.0018;-0.0334;-0.0022;1.9756;0.0169;-0.0681;-0.1438
10323;"KNEBV FH Equity";"SXXP Index";2022-02-24;"Analysis performed successfully";120;-11;2021-10-17;2022-02-13;-0.0216;-0.0334;-0.0005;0.9806;0.0117;-0.0332;-0.1545
10324;"KNIN SE Equity";"SXXP Index";2022-02-24;"Analysis performed successfully";120;-11;2021-10-17;2022-02-13;0.0114;-0.0334;-0.0007;1.0198;0.0152;-0.0348;-0.1236
10325;"KPN NA Equity";"SXXP Index";2022-02-24;"Analysis performed successfully";120;-11;2021-10-17;2022-02-13;-0.0198;-0.0334;0.001;0.2903;0.0095;-0.0087;0.0163
10327;"KYGA ID Equity";"SXXP Index";2022-02-24;"Analysis performed successfully";120;-11;2021-10-17;2022-02-13;-0.0485;-0.0334;-0.0005;0.0648;0.0099;-0.0026;0.0104
10328;"LAND LN Equity";"SXXP Index";2022-02-24;"Analysis performed successfully";120;-11;2021-10-17;2022-02-13;-0.037;-0.0334;0.001;0.6562;0.0103;-0.0209;-0.1119
10329;"LATOB SS Equity";"SXXP Index";2022-02-24;"Analysis performed successfully";120;-11;2021-10-17;2022-02-13;-0.0104;-0.0334;-0.0009;1.5288;0.0132;-0.052;0.156
10330;"LDO IM Equity";"SXXP Index";2022-02-24;"Analysis performed successfully";120;-11;2021-10-17;2022-02-13;0.0428;-0.0334;-0.0003;0.7221;0.0115;-0.0244;0.0214
10331;"LEG GY Equity";"SXXP Index";2022-02-24;"Analysis performed successfully";120;-11;2021-10-17;2022-02-13;-0.0085;-0.0334;-0.0012;0.4388;0.0103;-0.0159;-0.0557
10332;"LGEN LN Equity";"SXXP Index";2022-02-24;"Analysis performed successfully";120;-11;2021-10-17;2022-02-13;-0.061;-0.0334;0.0001;1.0358;0.0086;-0.0345;-0.1584
10333;"LHA GY Equity";"SXXP Index";2022-02-24;"Analysis performed successfully";120;-11;2021-10-17;2022-02-13;-0.0715;-0.0334;0.0019;1.6902;0.0223;-0.0545;0.1113
10334;"LI FP Equity";"SXXP Index";2022-02-24;"Analysis performed successfully";120;-11;2021-10-17;2022-02-13;-0.0247;-0.0334;0.0019;0.9804;0.0168;-0.0309;-0.0242
10335;"LIFCOB SS Equity";"SXXP Index";2022-02-24;"Analysis performed successfully";120;-11;2021-10-17;2022-02-13;-0.0169;-0.0334;-0.002;2.0113;0.017;-0.0691;-0.0456
10336;"LIGHT NA Equity";"SXXP Index";2022-02-24;"Analysis performed successfully";120;-11;2021-10-17;2022-02-13;-0.0509;-0.0334;0.0004;1.3109;0.0178;-0.0434;-0.0659
10337;"LIN GY Equity";"SXXP Index";2022-02-24;"Analysis performed successfully";120;-11;2021-10-17;2022-02-13;-0.0304;-0.0334;0;1.171;0.0086;-0.0391;-0.1726
10338;"LISN SE Equity";"SXXP Index";2022-02-24;"Analysis performed successfully";120;-11;2021-10-17;2022-02-13;-0.0081;-0.0334;-0.0005;0.7343;0.0109;-0.0251;-0.1003
10339;"LLOY LN Equity";"SXXP Index";2022-02-24;"Analysis performed successfully";120;-11;2021-10-17;2022-02-13;-0.1178;-0.0334;0.0008;1.3816;0.0149;-0.0453;-0.1096
10340;"LMP LN Equity";"SXXP Index";2022-02-24;"Analysis performed successfully";120;-11;2021-10-17;2022-02-13;-0.0165;-0.0334;0.0004;0.6244;0.0079;-0.0205;-0.0623
10341;"LOGN SE Equity";"SXXP Index";2022-02-24;"Analysis performed successfully";120;-11;2021-10-17;2022-02-13;-0.0091;-0.0334;-0.0006;0.9659;0.0173;-0.0329;-0.0073
10342;"LONN SE Equity";"SXXP Index";2022-02-24;"Analysis performed successfully";120;-11;2021-10-17;2022-02-13;0.0102;-0.0334;-0.0012;0.5761;0.0161;-0.0205;0.0786
10343;"LPP PW Equity";"SXXP Index";2022-02-24;"Analysis performed successfully";120;-11;2021-10-17;2022-02-13;-0.3163;-0.0334;0.0009;0.6253;0.0241;-0.02;0.201
10344;"LR FP Equity";"SXXP Index";2022-02-24;"Analysis performed successfully";120;-11;2021-10-17;2022-02-13;-0.008;-0.0334;-0.0005;0.9352;0.0082;-0.0317;0.13
10345;"LSEG LN Equity";"SXXP Index";2022-02-24;"Analysis performed successfully";120;-11;2021-10-17;2022-02-13;-0.0251;-0.0334;-0.0009;0.5929;0.0151;-0.0207;-0.1306
10346;"LUMO FH Equity";"SXXP Index";2022-02-24;"Analysis performed successfully";120;-11;2021-10-17;2022-02-13;-0.0336;-0.0334;0.0007;0.778;0.0092;-0.0253;-0.0328
10347;"LUNDB SS Equity";"SXXP Index";2022-02-24;"Analysis performed successfully";120;-11;2021-10-17;2022-02-13;-0.0226;-0.0334;-0.0007;1.4681;0.0096;-0.0497;-0.3061
10348;"LXS GY Equity";"SXXP Index";2022-02-24;"Analysis performed successfully";120;-11;2021-10-17;2022-02-13;-0.0906;-0.0334;-0.0007;1.0759;0.0123;-0.0366;0.0352
10349;"MAERSKB DC Equity";"SXXP Index";2022-02-24;"Analysis performed successfully";120;-11;2021-10-17;2022-02-13;-0.0467;-0.0334;0.0029;1.0367;0.0174;-0.0317;-0.1313
10350;"MB IM Equity";"SXXP Index";2022-02-24;"Analysis performed successfully";120;-11;2021-10-17;2022-02-13;-0.0541;-0.0334;0.0003;0.9667;0.0079;-0.032;-0.0126
10351;"MBG GY Equity";"SXXP Index";2022-02-24;"Analysis performed successfully";120;-11;2021-10-17;2022-02-13;-0.0672;-0.0334;0.0005;1.1045;0.0133;-0.0364;0.0955
10352;"MC FP Equity";"SXXP Index";2022-02-24;"Analysis performed successfully";120;-11;2021-10-17;2022-02-13;-0.0459;-0.0334;0.0002;1.3175;0.0097;-0.0437;0.0634
10353;"METSO FH Equity";"SXXP Index";2022-02-24;"Analysis performed successfully";120;-11;2021-10-17;2022-02-13;-0.0472;-0.0334;0.0006;1.5899;0.0103;-0.0524;0.1678
10354;"MF FP Equity";"SXXP Index";2022-02-24;"Analysis performed successfully";120;-11;2021-10-17;2022-02-13;-0.0211;-0.0334;-0.0018;1.0507;0.0076;-0.0369;-0.0371
10355;"MGGT LN Equity";"SXXP Index";2022-02-24;"Analysis performed successfully";120;-11;2021-10-17;2022-02-13;-0.0045;-0.0334;8.5998E-6;0.2308;0.0036;-0.0077;-0.0337
10356;"MIPS SS Equity";"SXXP Index";2022-02-24;"Analysis performed successfully";120;-11;2021-10-17;2022-02-13;0.0215;-0.0334;-0.0025;1.7525;0.0359;-0.061;-0.1918
10357;"MKS LN Equity";"SXXP Index";2022-02-24;"Analysis performed successfully";120;-11;2021-10-17;2022-02-13;-0.0048;-0.0334;0.0006;1.0136;0.0209;-0.0332;0.2927
10358;"ML FP Equity";"SXXP Index";2022-02-24;"Analysis performed successfully";120;-11;2021-10-17;2022-02-13;-0.0367;-0.0334;0.0008;0.9989;0.0101;-0.0325;-0.0562
10359;"MNDI LN Equity";"SXXP Index";2022-02-24;"Analysis performed successfully";120;-11;2021-10-17;2022-02-13;-0.1257;-0.0334;0.0006;1.3112;0.0078;-0.0431;-0.0262
10360;"MNG LN Equity";"SXXP Index";2022-02-24;"Analysis performed successfully";120;-11;2021-10-17;2022-02-13;-0.0759;-0.0334;0.0007;1.0633;0.0102;-0.0348;-0.1539
10361;"MONC IM Equity";"SXXP Index";2022-02-24;"Analysis performed successfully";120;-11;2021-10-17;2022-02-13;-0.0487;-0.0334;-0.0005;1.4124;0.0122;-0.0476;-0.0097
10362;"MOWI NO Equity";"SXXP Index";2022-02-24;"Analysis performed successfully";120;-11;2021-10-17;2022-02-13;-0.0469;-0.0334;-0.0001;1.2933;0.0109;-0.0432;0.1582
10363;"MRK GY Equity";"SXXP Index";2022-02-24;"Analysis performed successfully";120;-11;2021-10-17;2022-02-13;-0.0288;-0.0334;-0.0005;0.4954;0.0147;-0.017;0.0226
10364;"MRL SQ Equity";"SXXP Index";2022-02-24;"Analysis performed successfully";120;-11;2021-10-17;2022-02-13;-0.0233;-0.0334;0.0006;0.8778;0.0123;-0.0287;-0.096
10365;"MRO LN Equity";"SXXP Index";2022-02-24;"Analysis performed successfully";120;-11;2021-10-17;2022-02-13;-0.0826;-0.0334;-0.0003;1.7505;0.0139;-0.0588;-0.0531
10366;"MT NA Equity";"SXXP Index";2022-02-24;"Analysis performed successfully";120;-11;2021-10-17;2022-02-13;-0.0675;-0.0334;0.0001;1.6529;0.0191;-0.0551;0.0468
10367;"MTX GY Equity";"SXXP Index";2022-02-24;"Analysis performed successfully";120;-11;2021-10-17;2022-02-13;-0.0581;-0.0334;0.0003;1.3654;0.0157;-0.0453;-0.027
10368;"MUV2 GY Equity";"SXXP Index";2022-02-24;"Analysis performed successfully";120;-11;2021-10-17;2022-02-13;-0.0311;-0.0334;0.0009;0.972;0.009;-0.0316;0.1482
10369;"NDA FH Equity";"SXXP Index";2022-02-24;"Analysis performed successfully";120;-11;2021-10-17;2022-02-13;-0.0401;-0.0334;-0.0001;1.125;0.0099;-0.0377;-0.0537
10370;"NEM GY Equity";"SXXP Index";2022-02-24;"Analysis performed successfully";120;-11;2021-10-17;2022-02-13;-0.0103;-0.0334;-0.0013;1.3003;0.0229;-0.0447;-0.0207
10371;"NESN SE Equity";"SXXP Index";2022-02-24;"Analysis performed successfully";120;-11;2021-10-17;2022-02-13;-0.0274;-0.0334;0.0004;0.4164;0.0079;-0.0135;-0.0382
10372;"NESTE FH Equity";"SXXP Index";2022-02-24;"Analysis performed successfully";120;-11;2021-10-17;2022-02-13;-0.0212;-0.0334;-0.0021;1.2245;0.0164;-0.0429;-0.1613
10373;"NETC DC Equity";"SXXP Index";2022-02-24;"Analysis performed successfully";120;-11;2021-10-17;2022-02-13;-0.0554;-0.0334;-0.004;1.1165;0.0242;-0.0413;-0.0908
10374;"NEXI IM Equity";"SXXP Index";2022-02-24;"Analysis performed successfully";120;-11;2021-10-17;2022-02-13;-0.0171;-0.0334;-0.0025;1.3436;0.0182;-0.0473;0.0995
10375;"NG/ LN Equity";"SXXP Index";2022-02-24;"Analysis performed successfully";120;-11;2021-10-17;2022-02-13;-0.0262;-0.0334;0.0017;0.3559;0.0082;-0.0102;-0.14
10376;"NHY NO Equity";"SXXP Index";2022-02-24;"Analysis performed successfully";120;-11;2021-10-17;2022-02-13;0.0297;-0.0334;0.0006;1.5618;0.0177;-0.0515;-0.07
10377;"NIBEB SS Equity";"SXXP Index";2022-02-24;"Analysis performed successfully";120;-11;2021-10-17;2022-02-13;-0.0041;-0.0334;-0.0028;1.8613;0.0174;-0.0649;0.064
10378;"NN NA Equity";"SXXP Index";2022-02-24;"Analysis performed successfully";120;-11;2021-10-17;2022-02-13;-0.0837;-0.0334;0.0011;0.7897;0.008;-0.0252;0.0553
10379;"NOD NO Equity";"SXXP Index";2022-02-24;"Analysis performed successfully";120;-11;2021-10-17;2022-02-13;-0.0342;-0.0334;-0.0017;2.2777;0.0271;-0.0778;-0.1067
10380;"NOKIA FH Equity";"SXXP Index";2022-02-24;"Analysis performed successfully";120;-11;2021-10-17;2022-02-13;-0.0208;-0.0334;-0.0003;1.2129;0.0115;-0.0408;-0.0565
10381;"NOVN SE Equity";"SXXP Index";2022-02-24;"Analysis performed successfully";120;-11;2021-10-17;2022-02-13;-0.0076;-0.0334;0.0004;0.6056;0.008;-0.0198;-0.0696
10382;"NOVOB DC Equity";"SXXP Index";2022-02-24;"Analysis performed successfully";120;-11;2021-10-17;2022-02-13;-0.0076;-0.0334;0;1.3056;0.0168;-0.0436;-0.0296
10383;"NSISB DC Equity";"SXXP Index";2022-02-24;"Analysis performed successfully";120;-11;2021-10-17;2022-02-13;0.0187;-0.0334;-0.0012;0.8208;0.0129;-0.0286;0.0838
10384;"NTGY SQ Equity";"SXXP Index";2022-02-24;"Analysis performed successfully";120;-11;2021-10-17;2022-02-13;-0.0189;-0.0334;0.0006;0.518;0.0154;-0.0167;-0.0498
10385;"NWG LN Equity";"SXXP Index";2022-02-24;"Analysis performed successfully";120;-11;2021-10-17;2022-02-13;-0.0568;-0.0334;0.0007;1.1752;0.0139;-0.0385;-0.0223
10386;"NXT LN Equity";"SXXP Index";2022-02-24;"Analysis performed successfully";120;-11;2021-10-17;2022-02-13;-0.0065;-0.0334;-0.0007;1.0483;0.0122;-0.0357;-0.0187
10387;"OCDO LN Equity";"SXXP Index";2022-02-24;"Analysis performed successfully";120;-11;2021-10-17;2022-02-13;-0.0013;-0.0334;-0.0027;0.8551;0.0263;-0.0312;-0.1623
10388;"OMV AV Equity";"SXXP Index";2022-02-24;"Analysis performed successfully";120;-11;2021-10-17;2022-02-13;-0.0987;-0.0334;0.0006;1.2219;0.0142;-0.0402;0.0642
10389;"ONT LN Equity";"SXXP Index";2022-02-24;"Analysis performed successfully";120;-11;2021-10-17;2022-02-13;-0.1124;-0.0334;-0.0009;1.8319;0.0276;-0.0621;0.1421
10390;"OR FP Equity";"SXXP Index";2022-02-24;"Analysis performed successfully";120;-11;2021-10-17;2022-02-13;-0.0083;-0.0334;-0.0001;1.0743;0.0088;-0.036;0.1143
10391;"ORA FP Equity";"SXXP Index";2022-02-24;"Analysis performed successfully";120;-11;2021-10-17;2022-02-13;-0.0258;-0.0334;0.0012;0.107;0.0082;-0.0024;0.0513
10392;"ORK NO Equity";"SXXP Index";2022-02-24;"Analysis performed successfully";120;-11;2021-10-17;2022-02-13;-0.0182;-0.0334;0.0004;0.7071;0.0085;-0.0232;-0.1663
10393;"ORNBV FH Equity";"SXXP Index";2022-02-24;"Analysis performed successfully";120;-11;2021-10-17;2022-02-13;-0.0475;-0.0334;-0.0003;0.5468;0.0087;-0.0185;-0.0734
10394;"ORRON SS Equity";"SXXP Index";2022-02-24;"Analysis performed successfully";120;-11;2021-10-17;2022-02-13;0.0662;-0.0334;-0.0005;0.8652;0.024;-0.0294;-0.0727
10395;"ORSTED DC Equity";"SXXP Index";2022-02-24;"Analysis performed successfully";120;-11;2021-10-17;2022-02-13;0.1463;-0.0334;-0.0023;1.0998;0.0169;-0.039;-0.0265
10396;"PAH3 GY Equity";"SXXP Index";2022-02-24;"Analysis performed successfully";120;-11;2021-10-17;2022-02-13;-0.075;-0.0334;-0.0002;1.4757;0.0145;-0.0495;0.2634
10397;"PEO PW Equity";"SXXP Index";2022-02-24;"Analysis performed successfully";120;-11;2021-10-17;2022-02-13;-0.183;-0.0334;0.0007;1.2213;0.0147;-0.0401;0.0142
10398;"PGHN SE Equity";"SXXP Index";2022-02-24;"Analysis performed successfully";120;-11;2021-10-17;2022-02-13;-0.0011;-0.0334;-0.0014;1.2945;0.0122;-0.0446;0.1463
10399;"PHIA NA Equity";"SXXP Index";2022-02-24;"Analysis performed successfully";120;-11;2021-10-17;2022-02-13;-0.0155;-0.0334;-0.0021;0.5879;0.0232;-0.0217;-0.0727
10400;"PHP LN Equity";"SXXP Index";2022-02-24;"Analysis performed successfully";120;-11;2021-10-17;2022-02-13;-0.0127;-0.0334;-0.0011;0.4273;0.0075;-0.0153;-0.015
10401;"PKN PW Equity";"SXXP Index";2022-02-24;"Analysis performed successfully";120;-11;2021-10-17;2022-02-13;-0.106;-0.0334;-0.0019;1.4345;0.0158;-0.0498;-0.022
10402;"PKO PW Equity";"SXXP Index";2022-02-24;"Analysis performed successfully";120;-11;2021-10-17;2022-02-13;-0.21;-0.0334;0.0003;1.0718;0.0146;-0.0354;-0.087
10403;"PNDORA DC Equity";"SXXP Index";2022-02-24;"Analysis performed successfully";120;-11;2021-10-17;2022-02-13;-0.0662;-0.0334;-0.0013;1.556;0.0151;-0.0533;0.0909
10404;"PNN LN Equity";"SXXP Index";2022-02-24;"Analysis performed successfully";120;-11;2021-10-17;2022-02-13;-0.0389;-0.0334;-0.0006;0.3637;0.0081;-0.0127;0.0942
10405;"POLY LN Equity";"SXXP Index";2022-02-24;"Analysis performed successfully";120;-11;2021-10-17;2022-02-13;-0.476;-0.0334;-0.0015;0.8797;0.018;-0.0308;0.1155
10406;"PROX BB Equity";"SXXP Index";2022-02-24;"Analysis performed successfully";120;-11;2021-10-17;2022-02-13;-0.0525;-0.0334;0.0003;0.0594;0.0133;-0.0017;0.0729
10407;"PRU LN Equity";"SXXP Index";2022-02-24;"Analysis performed successfully";120;-11;2021-10-17;2022-02-13;-0.044;-0.0334;-0.0015;1.459;0.0109;-0.0502;-0.1853
10408;"PRX NA Equity";"SXXP Index";2022-02-24;"Analysis performed successfully";120;-11;2021-10-17;2022-02-13;-0.0527;-0.0334;-0.0006;1.4056;0.0167;-0.0475;0.1211
10409;"PRY IM Equity";"SXXP Index";2022-02-24;"Analysis performed successfully";120;-11;2021-10-17;2022-02-13;-0.0047;-0.0334;-0.0009;1.2252;0.0096;-0.0418;-0.0364
10410;"PSM GY Equity";"SXXP Index";2022-02-24;"Analysis performed successfully";120;-11;2021-10-17;2022-02-13;-0.0681;-0.0334;0.0001;1.2143;0.0131;-0.0405;-0.1803
10411;"PSN LN Equity";"SXXP Index";2022-02-24;"Analysis performed successfully";120;-11;2021-10-17;2022-02-13;-0.047;-0.0334;-0.0007;1.1422;0.0112;-0.0389;-0.0454
10412;"PSON LN Equity";"SXXP Index";2022-02-24;"Analysis performed successfully";120;-11;2021-10-17;2022-02-13;-0.0396;-0.0334;0.0003;1.0785;0.0158;-0.0357;-0.0701
10413;"PSPN SE Equity";"SXXP Index";2022-02-24;"Analysis performed successfully";120;-11;2021-10-17;2022-02-13;0.009;-0.0334;-0.0005;0.5066;0.0083;-0.0175;-0.0533
10414;"PST IM Equity";"SXXP Index";2022-02-24;"Analysis performed successfully";120;-11;2021-10-17;2022-02-13;-0.058;-0.0334;-0.001;0.9529;0.0091;-0.0328;-0.1762
10415;"PUB FP Equity";"SXXP Index";2022-02-24;"Analysis performed successfully";120;-11;2021-10-17;2022-02-13;-0.0526;-0.0334;0.0007;0.9206;0.0102;-0.03;0.0529
10416;"PUM GY Equity";"SXXP Index";2022-02-24;"Analysis performed successfully";120;-11;2021-10-17;2022-02-13;-0.0454;-0.0334;-0.0011;1.1274;0.0096;-0.0388;0.1631
10417;"PZU PW Equity";"SXXP Index";2022-02-24;"Analysis performed successfully";120;-11;2021-10-17;2022-02-13;-0.0956;-0.0334;-0.0007;0.9532;0.0131;-0.0325;0.0785
10418;"QIA GY Equity";"SXXP Index";2022-02-24;"Analysis performed successfully";120;-11;2021-10-17;2022-02-13;-0.0023;-0.0334;-0.0003;0.2476;0.0129;-0.0085;-0.0297
10419;"QLT LN Equity";"SXXP Index";2022-02-24;"Analysis performed successfully";120;-11;2021-10-17;2022-02-13;-0.0447;-0.0334;-0.0001;0.9648;0.0141;-0.0323;-0.2527
10420;"QTCOM FH Equity";"SXXP Index";2022-02-24;"Analysis performed successfully";120;-11;2021-10-17;2022-02-13;0.006;-0.0334;-0.0044;1.9293;0.0254;-0.0688;0.0752
10421;"RAA GY Equity";"SXXP Index";2022-02-24;"Analysis performed successfully";120;-11;2021-10-17;2022-02-13;-0.0111;-0.0334;-0.0011;1.104;0.0132;-0.0379;-0.0175
10422;"RACE IM Equity";"SXXP Index";2022-02-24;"Analysis performed successfully";120;-11;2021-10-17;2022-02-13;-0.021;-0.0334;0.0001;1.3079;0.0114;-0.0435;0.0319
10423;"RAND NA Equity";"SXXP Index";2022-02-24;"Analysis performed successfully";120;-11;2021-10-17;2022-02-13;-0.0508;-0.0334;0.0001;1.1417;0.0103;-0.038;0.0545
10424;"RBI AV Equity";"SXXP Index";2022-02-24;"Analysis performed successfully";120;-11;2021-10-17;2022-02-13;-0.2632;-0.0334;0.001;1.1869;0.0178;-0.0386;-0.115
10425;"RBREW DC Equity";"SXXP Index";2022-02-24;"Analysis performed successfully";120;-11;2021-10-17;2022-02-13;-0.0243;-0.0334;-0.0006;0.7139;0.0131;-0.0245;-0.0466
10426;"RCO FP Equity";"SXXP Index";2022-02-24;"Analysis performed successfully";120;-11;2021-10-17;2022-02-13;-0.0218;-0.0334;0.0001;0.597;0.016;-0.0198;0.1666
10427;"REC IM Equity";"SXXP Index";2022-02-24;"Analysis performed successfully";120;-11;2021-10-17;2022-02-13;-0.0615;-0.0334;-0.001;0.59;0.0093;-0.0207;0.0604
10428;"RED SQ Equity";"SXXP Index";2022-02-24;"Analysis performed successfully";120;-11;2021-10-17;2022-02-13;-0.0043;-0.0334;-0.0002;0.2255;0.0082;-0.0077;-0.0446
10429;"REL LN Equity";"SXXP Index";2022-02-24;"Analysis performed successfully";120;-11;2021-10-17;2022-02-13;-0.0191;-0.0334;0.0004;0.791;0.0075;-0.026;-0.1064
10430;"REP SQ Equity";"SXXP Index";2022-02-24;"Analysis performed successfully";120;-11;2021-10-17;2022-02-13;-0.0035;-0.0334;0.0002;0.9122;0.0121;-0.0302;0.1487
10431;"REY IM Equity";"SXXP Index";2022-02-24;"Analysis performed successfully";120;-11;2021-10-17;2022-02-13;0.0028;-0.0334;-0.0015;1.3554;0.0169;-0.0468;-0.1844
10432;"RF FP Equity";"SXXP Index";2022-02-24;"Analysis performed successfully";120;-11;2021-10-17;2022-02-13;-0.0463;-0.0334;-0.0013;1.0645;0.0095;-0.0369;-0.1897
10433;"RHM GY Equity";"SXXP Index";2022-02-24;"Analysis performed successfully";120;-11;2021-10-17;2022-02-13;0.0332;-0.0334;0.001;0.7424;0.0093;-0.0238;0.0025
10434;"RI FP Equity";"SXXP Index";2022-02-24;"Analysis performed successfully";120;-11;2021-10-17;2022-02-13;-0.0342;-0.0334;-0.0003;0.7111;0.0079;-0.024;-0.0986
10435;"RILBA DC Equity";"SXXP Index";2022-02-24;"Analysis performed successfully";120;-11;2021-10-17;2022-02-13;-0.0331;-0.0334;0.0001;1.0376;0.0134;-0.0345;-0.2591
10436;"RIO LN Equity";"SXXP Index";2022-02-24;"Analysis performed successfully";120;-11;2021-10-17;2022-02-13;-0.0189;-0.0334;0.0011;0.9673;0.0151;-0.0312;-0.0236
10437;"RKT LN Equity";"SXXP Index";2022-02-24;"Analysis performed successfully";120;-11;2021-10-17;2022-02-13;-0.0299;-0.0334;0.0007;0.2942;0.0101;-0.0091;-0.0072
10438;"RMS FP Equity";"SXXP Index";2022-02-24;"Analysis performed successfully";120;-11;2021-10-17;2022-02-13;-0.014;-0.0334;-0.0006;1.0735;0.0156;-0.0364;0.1861
10439;"RMV LN Equity";"SXXP Index";2022-02-24;"Analysis performed successfully";120;-11;2021-10-17;2022-02-13;-0.0027;-0.0334;-0.0007;1.081;0.0114;-0.0368;-0.0059
10440;"RNO FP Equity";"SXXP Index";2022-02-24;"Analysis performed successfully";120;-11;2021-10-17;2022-02-13;-0.0952;-0.0334;0.0007;1.2878;0.0156;-0.0423;-0.0207
10441;"ROCKB DC Equity";"SXXP Index";2022-02-24;"Analysis performed successfully";120;-11;2021-10-17;2022-02-13;-0.1243;-0.0334;-0.0008;1.1652;0.0223;-0.0397;-0.2394
10442;"ROG SE Equity";"SXXP Index";2022-02-24;"Analysis performed successfully";120;-11;2021-10-17;2022-02-13;-0.0071;-0.0334;-0.0001;0.679;0.0088;-0.0228;0.0016
10443;"ROO LN Equity";"SXXP Index";2022-02-24;"Analysis performed successfully";120;-11;2021-10-17;2022-02-13;-0.0067;-0.0334;-0.0057;1.1762;0.0228;-0.045;0.1691
10444;"ROR LN Equity";"SXXP Index";2022-02-24;"Analysis performed successfully";120;-11;2021-10-17;2022-02-13;-0.0279;-0.0334;-0.0006;1.3106;0.012;-0.0443;-0.2401
10445;"RR/ LN Equity";"SXXP Index";2022-02-24;"Analysis performed successfully";120;-11;2021-10-17;2022-02-13;-0.1366;-0.0334;-0.0015;1.728;0.0167;-0.0592;-0.1034
10446;"RS1 LN Equity";"SXXP Index";2022-02-24;"Analysis performed successfully";120;-11;2021-10-17;2022-02-13;-0.0386;-0.0334;-0.0005;1.0773;0.01;-0.0364;0.0626
10447;"RTO LN Equity";"SXXP Index";2022-02-24;"Analysis performed successfully";120;-11;2021-10-17;2022-02-13;0;-0.0334;-0.0014;0.5575;0.0163;-0.02;0.1865
10448;"RUI FP Equity";"SXXP Index";2022-02-24;"Analysis performed successfully";120;-11;2021-10-17;2022-02-13;-0.0279;-0.0334;0.0002;0.5447;0.0136;-0.0179;0.1208
10449;"RWE GY Equity";"SXXP Index";2022-02-24;"Analysis performed successfully";120;-11;2021-10-17;2022-02-13;0.0045;-0.0334;0.0013;0.7357;0.0127;-0.0232;-0.0205
10450;"RXL FP Equity";"SXXP Index";2022-02-24;"Analysis performed successfully";120;-11;2021-10-17;2022-02-13;-0.0443;-0.0334;0.0013;1.4616;0.0162;-0.0475;0.1844
10451;"RYA ID Equity";"SXXP Index";2022-02-24;"Analysis performed successfully";120;-11;2021-10-17;2022-02-13;-0.0259;-0.0334;0.0004;1.5136;0.0191;-0.0501;0.0171
10452;"SAB SQ Equity";"SXXP Index";2022-02-24;"Analysis performed successfully";120;-11;2021-10-17;2022-02-13;-0.0741;-0.0334;0.0028;0.7985;0.0209;-0.0238;0.1995
10453;"SAF FP Equity";"SXXP Index";2022-02-24;"Analysis performed successfully";120;-11;2021-10-17;2022-02-13;-0.0385;-0.0334;-0.0001;1.6003;0.0147;-0.0535;-0.0301
10454;"SAFE LN Equity";"SXXP Index";2022-02-24;"Analysis performed successfully";120;-11;2021-10-17;2022-02-13;-0.0131;-0.0334;0.0006;0.4765;0.0108;-0.0153;0.1124
10455;"SAGAB SS Equity";"SXXP Index";2022-02-24;"Analysis performed successfully";120;-11;2021-10-17;2022-02-13;-0.0224;-0.0334;-0.0021;1.6251;0.0164;-0.0564;0.0608
10456;"SALM NO Equity";"SXXP Index";2022-02-24;"Analysis performed successfully";120;-11;2021-10-17;2022-02-13;-0.0577;-0.0334;0.0006;1.2502;0.0111;-0.0411;0.1338
10457;"SAMPO FH Equity";"SXXP Index";2022-02-24;"Analysis performed successfully";120;-11;2021-10-17;2022-02-13;-0.0483;-0.0334;-0.0001;0.9234;0.0069;-0.0309;-0.1075
10458;"SAN FP Equity";"SXXP Index";2022-02-24;"Analysis performed successfully";120;-11;2021-10-17;2022-02-13;-0.032;-0.0334;0.0009;0.6368;0.009;-0.0203;-0.035
10459;"SAN SQ Equity";"SXXP Index";2022-02-24;"Analysis performed successfully";120;-11;2021-10-17;2022-02-13;-0.0803;-0.0334;0.0003;1.1651;0.0126;-0.0386;0.0112
10460;"SAND SS Equity";"SXXP Index";2022-02-24;"Analysis performed successfully";120;-11;2021-10-17;2022-02-13;-0.0623;-0.0334;0.0005;1.5574;0.0097;-0.0515;-0.2132
10461;"SAP GY Equity";"SXXP Index";2022-02-24;"Analysis performed successfully";120;-11;2021-10-17;2022-02-13;-0.0215;-0.0334;-0.0013;1.074;0.0108;-0.0372;0.037
10462;"SBBB SS Equity";"SXXP Index";2022-02-24;"Analysis performed successfully";120;-11;2021-10-17;2022-02-13;-0.0455;-0.0334;-0.0016;1.439;0.0183;-0.0496;0.0392
10463;"SBRY LN Equity";"SXXP Index";2022-02-24;"Analysis performed successfully";120;-11;2021-10-17;2022-02-13;-0.0156;-0.0334;-0.0004;0.2191;0.0122;-0.0077;0.0312
10464;"SCAB SS Equity";"SXXP Index";2022-02-24;"Analysis performed successfully";120;-11;2021-10-17;2022-02-13;-0.0416;-0.0334;0.001;1.0819;0.011;-0.0351;-0.1559
10465;"SCHP SE Equity";"SXXP Index";2022-02-24;"Analysis performed successfully";120;-11;2021-10-17;2022-02-13;-0.0163;-0.0334;-0.0009;1.0732;0.0113;-0.0368;-0.0932
10466;"SCMN SE Equity";"SXXP Index";2022-02-24;"Analysis performed successfully";120;-11;2021-10-17;2022-02-13;-0.0153;-0.0334;0.0002;0.1073;0.0096;-0.0034;0.0618
10467;"SCR FP Equity";"SXXP Index";2022-02-24;"Analysis performed successfully";120;-11;2021-10-17;2022-02-13;0.0055;-0.0334;0.0021;0.6405;0.0155;-0.0193;-0.011
10468;"SCT LN Equity";"SXXP Index";2022-02-24;"Analysis performed successfully";120;-11;2021-10-17;2022-02-13;-0.0262;-0.0334;-0.0022;1.1666;0.0114;-0.0412;0.016
10469;"SDF GY Equity";"SXXP Index";2022-02-24;"Analysis performed successfully";120;-11;2021-10-17;2022-02-13;0.0097;-0.0334;0.0031;0.8136;0.0219;-0.0241;-0.0777
10470;"SDLF LN Equity";"SXXP Index";2022-02-24;"Analysis performed successfully";120;-11;2021-10-17;2022-02-13;-0.0777;-0.0334;0.0002;0.9282;0.0091;-0.0308;-0.1222
10471;"SDR LN Equity";"SXXP Index";2022-02-24;"Analysis performed successfully";120;-11;2021-10-17;2022-02-13;-0.0766;-0.0334;-0.0006;1.1921;0.0083;-0.0404;-0.3477
10472;"SEBA SS Equity";"SXXP Index";2022-02-24;"Analysis performed successfully";120;-11;2021-10-17;2022-02-13;-0.0708;-0.0334;-0.0007;1.3059;0.0107;-0.0443;0.0152
10473;"SECTB SS Equity";"SXXP Index";2022-02-24;"Analysis performed successfully";120;-11;2021-10-17;2022-02-13;0.0007;-0.0334;-0.0026;1.8705;0.0183;-0.0651;-0.0152
10474;"SECUB SS Equity";"SXXP Index";2022-02-24;"Analysis performed successfully";120;-11;2021-10-17;2022-02-13;-0.0234;-0.0334;-0.002;1.0568;0.011;-0.0373;-0.1129
10475;"SESG FP Equity";"SXXP Index";2022-02-24;"Analysis performed successfully";120;-11;2021-10-17;2022-02-13;-0.0521;-0.0334;-0.0005;0.4443;0.0111;-0.0153;0.1192
10476;"SFOR LN Equity";"SXXP Index";2022-02-24;"Analysis performed successfully";120;-11;2021-10-17;2022-02-13;-0.0427;-0.0334;-0.003;1.8635;0.0259;-0.0652;-0.2572
10477;"SFZN SE Equity";"SXXP Index";2022-02-24;"Analysis performed successfully";120;-11;2021-10-17;2022-02-13;-0.0271;-0.0334;-0.0016;0.8376;0.0132;-0.0295;-0.0201
10478;"SGE LN Equity";"SXXP Index";2022-02-24;"Analysis performed successfully";120;-11;2021-10-17;2022-02-13;-0.0037;-0.0334;-0.0003;0.6466;0.0146;-0.0219;-0.1561
10479;"SGO FP Equity";"SXXP Index";2022-02-24;"Analysis performed successfully";120;-11;2021-10-17;2022-02-13;-0.0908;-0.0334;0.0001;1.4645;0.0093;-0.0488;0.0256
10480;"SGRE SQ Equity";"SXXP Index";2022-02-24;"Analysis performed successfully";120;-11;2021-10-17;2022-02-13;0.0998;-0.0334;-0.0019;0.9388;0.028;-0.0333;0.108
10481;"SGRO LN Equity";"SXXP Index";2022-02-24;"Analysis performed successfully";120;-11;2021-10-17;2022-02-13;-0.0155;-0.0334;-0.0001;0.6725;0.0106;-0.0226;-0.1186
10482;"SGSN SE Equity";"SXXP Index";2022-02-24;"Analysis performed successfully";120;-11;2021-10-17;2022-02-13;-0.0099;-0.0334;-0.0002;0.7834;0.008;-0.0264;0.1618
10483;"SHBA SS Equity";"SXXP Index";2022-02-24;"Analysis performed successfully";120;-11;2021-10-17;2022-02-13;-0.0575;-0.0334;-0.0007;0.9573;0.0106;-0.0326;-0.1363
10484;"SHELL NA Equity";"SXXP Index";2022-02-24;"Analysis performed successfully";120;-11;2021-10-17;2022-02-13;0.0073;-0.0334;0.0012;1.0368;0.0134;-0.0334;0.2224
10485;"SHL GY Equity";"SXXP Index";2022-02-24;"Analysis performed successfully";120;-11;2021-10-17;2022-02-13;0.0022;-0.0334;-0.0001;0.9024;0.0123;-0.0302;0.1245
10486;"SIE GY Equity";"SXXP Index";2022-02-24;"Analysis performed successfully";120;-11;2021-10-17;2022-02-13;-0.0576;-0.0334;6.0723E-6;1.4209;0.0093;-0.0474;-0.1662
10487;"SIGN SE Equity";"SXXP Index";2022-02-24;"Analysis performed successfully";120;-11;2021-10-17;2022-02-13;0.0273;-0.0334;-0.002;0.7409;0.0163;-0.0268;0.0291
10488;"SIKA SE Equity";"SXXP Index";2022-02-24;"Analysis performed successfully";120;-11;2021-10-17;2022-02-13;-0.0313;-0.0334;-0.0001;1.2301;0.0137;-0.0412;-0.0026
10489;"SIM DC Equity";"SXXP Index";2022-02-24;"Analysis performed successfully";120;-11;2021-10-17;2022-02-13;-0.0208;-0.0334;-0.002;1.1986;0.0144;-0.042;-0.1105
10490;"SINCH SS Equity";"SXXP Index";2022-02-24;"Analysis performed successfully";120;-11;2021-10-17;2022-02-13;0.035;-0.0334;-0.0048;2.0456;0.0326;-0.0731;0.1021
10491;"SK FP Equity";"SXXP Index";2022-02-24;"Analysis performed successfully";120;-11;2021-10-17;2022-02-13;-0.0168;-0.0334;0.001;0.7436;0.0152;-0.0239;-0.3763
10492;"SKAB SS Equity";"SXXP Index";2022-02-24;"Analysis performed successfully";120;-11;2021-10-17;2022-02-13;-0.0599;-0.0334;0.0003;1.1429;0.0099;-0.0379;-0.0312
10493;"SKFB SS Equity";"SXXP Index";2022-02-24;"Analysis performed successfully";120;-11;2021-10-17;2022-02-13;-0.0456;-0.0334;-0.0016;1.629;0.0155;-0.056;0.0254
10494;"SKG ID Equity";"SXXP Index";2022-02-24;"Analysis performed successfully";120;-11;2021-10-17;2022-02-13;-0.0687;-0.0334;0.0007;0.9273;0.0087;-0.0302;-0.1555
10495;"SLHN SE Equity";"SXXP Index";2022-02-24;"Analysis performed successfully";120;-11;2021-10-17;2022-02-13;-0.0377;-0.0334;0.0021;0.6994;0.0077;-0.0212;0.1064
10496;"SMDS LN Equity";"SXXP Index";2022-02-24;"Analysis performed successfully";120;-11;2021-10-17;2022-02-13;-0.0775;-0.0334;0.0001;1.2302;0.0095;-0.041;0.0545
10497;"SMIN LN Equity";"SXXP Index";2022-02-24;"Analysis performed successfully";120;-11;2021-10-17;2022-02-13;-0.0432;-0.0334;0.0008;1.1448;0.0096;-0.0374;-0.1982
10498;"SN/ LN Equity";"SXXP Index";2022-02-24;"Analysis performed successfully";120;-11;2021-10-17;2022-02-13;-0.0454;-0.0334;-0.0003;1.0272;0.0116;-0.0346;-0.0272
10499;"SOBI SS Equity";"SXXP Index";2022-02-24;"Analysis performed successfully";120;-11;2021-10-17;2022-02-13;-0.0129;-0.0334;-0.0022;0.7731;0.0286;-0.0281;-0.0462
10500;"SOF BB Equity";"SXXP Index";2022-02-24;"Analysis performed successfully";120;-11;2021-10-17;2022-02-13;-0.0078;-0.0334;-0.0004;0.9264;0.0104;-0.0313;-0.0228
10501;"SOI FP Equity";"SXXP Index";2022-02-24;"Analysis performed successfully";120;-11;2021-10-17;2022-02-13;-0.0051;-0.0334;-0.0016;1.3788;0.0254;-0.0476;-0.0991
10502;"SOLB BB Equity";"SXXP Index";2022-02-24;"Analysis performed successfully";120;-11;2021-10-17;2022-02-13;-0.0739;-0.0334;0.0003;0.861;0.0082;-0.0284;-0.021
10503;"SOON SE Equity";"SXXP Index";2022-02-24;"Analysis performed successfully";120;-11;2021-10-17;2022-02-13;0.0104;-0.0334;-0.0008;1.2709;0.0133;-0.0432;-0.1479
10504;"SOP FP Equity";"SXXP Index";2022-02-24;"Analysis performed successfully";120;-11;2021-10-17;2022-02-13;0.0026;-0.0334;-0.0004;1.1821;0.0131;-0.0399;-0.2965
10505;"SPIE FP Equity";"SXXP Index";2022-02-24;"Analysis performed successfully";120;-11;2021-10-17;2022-02-13;-0.0261;-0.0334;0.0002;0.8056;0.0101;-0.0267;-0.2118
10506;"SPSN SE Equity";"SXXP Index";2022-02-24;"Analysis performed successfully";120;-11;2021-10-17;2022-02-13;-0.0038;-0.0334;-0.0003;0.4534;0.0073;-0.0154;0.0385
10507;"SPX LN Equity";"SXXP Index";2022-02-24;"Analysis performed successfully";120;-11;2021-10-17;2022-02-13;-0.0024;-0.0334;-0.0016;1.121;0.0128;-0.039;-0.0228
10508;"SREN SE Equity";"SXXP Index";2022-02-24;"Analysis performed successfully";120;-11;2021-10-17;2022-02-13;-0.033;-0.0334;0.0019;0.5871;0.0082;-0.0177;0.1009
10509;"SRG IM Equity";"SXXP Index";2022-02-24;"Analysis performed successfully";120;-11;2021-10-17;2022-02-13;-0.0104;-0.0334;-0.0001;0.4791;0.0072;-0.0161;-0.1727
10510;"SRT3 GY Equity";"SXXP Index";2022-02-24;"Analysis performed successfully";120;-11;2021-10-17;2022-02-13;-0.0101;-0.0334;-0.0019;0.6924;0.0222;-0.025;-0.0027
10511;"SSE LN Equity";"SXXP Index";2022-02-24;"Analysis performed successfully";120;-11;2021-10-17;2022-02-13;-0.0178;-0.0334;-0.0001;0.5824;0.0091;-0.0195;-0.133
10512;"STAN LN Equity";"SXXP Index";2022-02-24;"Analysis performed successfully";120;-11;2021-10-17;2022-02-13;-0.112;-0.0334;0.0011;1.2005;0.0166;-0.039;-0.0083
10513;"STB NO Equity";"SXXP Index";2022-02-24;"Analysis performed successfully";120;-11;2021-10-17;2022-02-13;-0.0771;-0.0334;0.0004;1.1996;0.0114;-0.0396;0.05
10514;"STERV FH Equity";"SXXP Index";2022-02-24;"Analysis performed successfully";120;-11;2021-10-17;2022-02-13;-0.0673;-0.0334;0.0023;1.1445;0.0117;-0.0359;-0.1768
10515;"STJ LN Equity";"SXXP Index";2022-02-24;"Analysis performed successfully";120;-11;2021-10-17;2022-02-13;-0.0997;-0.0334;0.0002;1.2336;0.0079;-0.041;-0.0573
10516;"STLAM IM Equity";"SXXP Index";2022-02-24;"Analysis performed successfully";120;-11;2021-10-17;2022-02-13;-0.0629;-0.0334;-0.0002;1.7914;0.0113;-0.06;-0.0098
10517;"STMMI IM Equity";"SXXP Index";2022-02-24;"Analysis performed successfully";120;-11;2021-10-17;2022-02-13;-0.0216;-0.0334;0.0007;1.5036;0.0136;-0.0494;-0.1271
10518;"STMN SE Equity";"SXXP Index";2022-02-24;"Analysis performed successfully";120;-11;2021-10-17;2022-02-13;-0.0074;-0.0334;-0.002;1.6417;0.0161;-0.0568;-0.0345
10519;"STORB SS Equity";"SXXP Index";2022-02-24;"Analysis performed successfully";120;-11;2021-10-17;2022-02-13;-0.0432;-0.0334;-0.0009;1.9475;0.02;-0.0659;0.0692
10520;"SU FP Equity";"SXXP Index";2022-02-24;"Analysis performed successfully";120;-11;2021-10-17;2022-02-13;-0.0275;-0.0334;0.0001;1.3346;0.0094;-0.0444;0.1035
10521;"SVT LN Equity";"SXXP Index";2022-02-24;"Analysis performed successfully";120;-11;2021-10-17;2022-02-13;-0.0341;-0.0334;0.0009;0.387;0.0073;-0.012;0.0615
10522;"SW FP Equity";"SXXP Index";2022-02-24;"Analysis performed successfully";120;-11;2021-10-17;2022-02-13;-0.0469;-0.0334;0.0009;0.7551;0.0136;-0.0243;0.0237
10523;"SWECB SS Equity";"SXXP Index";2022-02-24;"Analysis performed successfully";120;-11;2021-10-17;2022-02-13;-0.0316;-0.0334;-0.0006;1.4313;0.0175;-0.0484;-0.0338
10524;"SWEDA SS Equity";"SXXP Index";2022-02-24;"Analysis performed successfully";120;-11;2021-10-17;2022-02-13;-0.0607;-0.0334;-0.0011;0.9981;0.0102;-0.0344;-0.081
10525;"SWMA SS Equity";"SXXP Index";2022-02-24;"Analysis performed successfully";120;-11;2021-10-17;2022-02-13;0.0048;-0.0334;-0.0011;0.6473;0.0135;-0.0228;0.107
10526;"SXS LN Equity";"SXXP Index";2022-02-24;"Analysis performed successfully";120;-11;2021-10-17;2022-02-13;-0.0715;-0.0334;-0.0009;1.1377;0.008;-0.0389;-0.1211
10527;"SY1 GY Equity";"SXXP Index";2022-02-24;"Analysis performed successfully";120;-11;2021-10-17;2022-02-13;0.0019;-0.0334;-0.0011;0.7858;0.009;-0.0273;0.0939
10528;"TATE LN Equity";"SXXP Index";2022-02-24;"Analysis performed successfully";120;-11;2021-10-17;2022-02-13;-0.0422;-0.0334;0.0009;0.4393;0.0143;-0.0137;-0.0807
10529;"TECN SE Equity";"SXXP Index";2022-02-24;"Analysis performed successfully";120;-11;2021-10-17;2022-02-13;0.0046;-0.0334;-0.0023;0.4359;0.0214;-0.0169;-0.0251
10530;"TEF SQ Equity";"SXXP Index";2022-02-24;"Analysis performed successfully";120;-11;2021-10-17;2022-02-13;-0.0166;-0.0334;0.0013;0.0862;0.0136;-0.0016;-0.0969
10531;"TEG GY Equity";"SXXP Index";2022-02-24;"Analysis performed successfully";120;-11;2021-10-17;2022-02-13;-0.0245;-0.0334;-0.0014;0.6497;0.0102;-0.023;0.086
10532;"TEL NO Equity";"SXXP Index";2022-02-24;"Analysis performed successfully";120;-11;2021-10-17;2022-02-13;-0.0513;-0.0334;-0.0002;0.7203;0.0105;-0.0243;-0.0915
10533;"TEL2B SS Equity";"SXXP Index";2022-02-24;"Analysis performed successfully";120;-11;2021-10-17;2022-02-13;-0.0514;-0.0334;-0.0001;0.5246;0.0105;-0.0176;-0.0304
10534;"TELIA SS Equity";"SXXP Index";2022-02-24;"Analysis performed successfully";120;-11;2021-10-17;2022-02-13;-0.0508;-0.0334;-0.0001;0.6308;0.0085;-0.0212;-0.1622
10535;"TEMN SE Equity";"SXXP Index";2022-02-24;"Analysis performed successfully";120;-11;2021-10-17;2022-02-13;-0.0426;-0.0334;-0.0003;1.0878;0.0161;-0.0366;0.2647
10536;"TEN IM Equity";"SXXP Index";2022-02-24;"Analysis performed successfully";120;-11;2021-10-17;2022-02-13;-0.011;-0.0334;0.0014;1.3493;0.0154;-0.0436;0.0827
10537;"TEP FP Equity";"SXXP Index";2022-02-24;"Analysis performed successfully";120;-11;2021-10-17;2022-02-13;-0.0112;-0.0334;-0.0007;0.8278;0.0116;-0.0283;-0.0403
10538;"THULE SS Equity";"SXXP Index";2022-02-24;"Analysis performed successfully";120;-11;2021-10-17;2022-02-13;-0.0096;-0.0334;-0.0011;1.4849;0.0171;-0.0507;0.1006
10539;"TIGO SS Equity";"SXXP Index";2022-02-24;"Analysis performed successfully";120;-11;2021-10-17;2022-02-13;-0.0369;-0.0334;-0.0021;1.052;0.0136;-0.0372;-0.0163
10540;"TIT IM Equity";"SXXP Index";2022-02-24;"Analysis performed successfully";120;-11;2021-10-17;2022-02-13;-0.0238;-0.0334;0.0019;0.3738;0.0318;-0.0105;-0.1557
10541;"TKA GY Equity";"SXXP Index";2022-02-24;"Analysis performed successfully";120;-11;2021-10-17;2022-02-13;-0.0486;-0.0334;0.0002;1.8224;0.0193;-0.0606;-0.0417
10542;"TKWY NA Equity";"SXXP Index";2022-02-24;"Analysis performed successfully";120;-11;2021-10-17;2022-02-13;0.03;-0.0334;-0.005;1.5228;0.0249;-0.0558;0.075
10543;"TOM NO Equity";"SXXP Index";2022-02-24;"Analysis performed successfully";120;-11;2021-10-17;2022-02-13;-0.0283;-0.0334;-0.0013;1.4825;0.017;-0.0507;-0.1103
10544;"TPK LN Equity";"SXXP Index";2022-02-24;"Analysis performed successfully";120;-11;2021-10-17;2022-02-13;-0.0153;-0.0334;-0.0006;1.294;0.0103;-0.0438;-0.0356
10545;"TRELB SS Equity";"SXXP Index";2022-02-24;"Analysis performed successfully";120;-11;2021-10-17;2022-02-13;-0.0588;-0.0334;0.0011;1.6815;0.0118;-0.055;-0.2147
10546;"TRN IM Equity";"SXXP Index";2022-02-24;"Analysis performed successfully";120;-11;2021-10-17;2022-02-13;0.0103;-0.0334;0.0005;0.5315;0.0078;-0.0173;-0.0975
10547;"TRYG DC Equity";"SXXP Index";2022-02-24;"Analysis performed successfully";120;-11;2021-10-17;2022-02-13;-0.0407;-0.0334;0;0.5692;0.008;-0.019;-0.0967
10548;"TSCO LN Equity";"SXXP Index";2022-02-24;"Analysis performed successfully";120;-11;2021-10-17;2022-02-13;-0.0381;-0.0334;0.0009;0.366;0.0077;-0.0113;0.1156
10549;"TTE FP Equity";"SXXP Index";2022-02-24;"Analysis performed successfully";120;-11;2021-10-17;2022-02-13;-0.0395;-0.0334;0.0013;0.9324;0.0107;-0.0298;0.0401
10550;"TUI LN Equity";"SXXP Index";2022-02-24;"Analysis performed successfully";120;-11;2021-10-17;2022-02-13;-0.0456;-0.0334;0.0008;1.9003;0.025;-0.0627;0.01
10551;"TW/ LN Equity";"SXXP Index";2022-02-24;"Analysis performed successfully";120;-11;2021-10-17;2022-02-13;-0.0519;-0.0334;-0.0003;1.3049;0.0128;-0.0438;0.0022
10552;"TYRES FH Equity";"SXXP Index";2022-02-24;"Analysis performed successfully";120;-11;2021-10-17;2022-02-13;-0.1601;-0.0334;-0.0012;1.1458;0.0146;-0.0395;-0.0891
10553;"UBI FP Equity";"SXXP Index";2022-02-24;"Analysis performed successfully";120;-11;2021-10-17;2022-02-13;-0.0226;-0.0334;0.0008;0.0833;0.0208;-0.002;0.1198
10554;"UBSG SE Equity";"SXXP Index";2022-02-24;"Analysis performed successfully";120;-11;2021-10-17;2022-02-13;-0.0807;-0.0334;0.0019;1.1252;0.0099;-0.0357;0.0751
10555;"UCB BB Equity";"SXXP Index";2022-02-24;"Analysis performed successfully";120;-11;2021-10-17;2022-02-13;0.04;-0.0334;-0.0011;0.6209;0.0106;-0.0218;0.0566
10556;"UCG IM Equity";"SXXP Index";2022-02-24;"Analysis performed successfully";120;-11;2021-10-17;2022-02-13;-0.1449;-0.0334;0.0024;0.9155;0.0163;-0.0282;0.0605
10557;"UHR SE Equity";"SXXP Index";2022-02-24;"Analysis performed successfully";120;-11;2021-10-17;2022-02-13;-0.0365;-0.0334;0.0009;1.2207;0.0133;-0.0399;0.0902
10558;"ULVR LN Equity";"SXXP Index";2022-02-24;"Analysis performed successfully";120;-11;2021-10-17;2022-02-13;-0.0569;-0.0334;0.0002;-0.2252;0.0132;0.0077;0.0037
10559;"UMG NA Equity";"SXXP Index";2022-02-24;"Analysis performed successfully";120;-11;2021-10-17;2022-02-13;-0.0102;-0.0334;-0.0014;1.2895;0.0155;-0.0444;-0.0392
10560;"UMI BB Equity";"SXXP Index";2022-02-24;"Analysis performed successfully";120;-11;2021-10-17;2022-02-13;0.0067;-0.0334;-0.0038;0.8374;0.015;-0.0318;0.2251
10561;"UN0 GY Equity";"SXXP Index";2022-02-24;"Analysis performed successfully";120;-11;2021-10-17;2022-02-13;-0.1502;-0.0334;0.0006;0.5438;0.0083;-0.0175;0.0064
10562;"UPM FH Equity";"SXXP Index";2022-02-24;"Analysis performed successfully";120;-11;2021-10-17;2022-02-13;-0.0496;-0.0334;0.0007;0.7808;0.0114;-0.0254;-0.1
10563;"URW NA Equity";"SXXP Index";2022-02-24;"Analysis performed successfully";120;-11;2021-10-17;2022-02-13;-0.0471;-0.0334;0.0006;1.6289;0.0216;-0.0538;-0.1134
10564;"UTDI GY Equity";"SXXP Index";2022-02-24;"Analysis performed successfully";120;-11;2021-10-17;2022-02-13;-0.0541;-0.0334;0.0006;0.523;0.0094;-0.0169;-0.0187
10565;"UTG LN Equity";"SXXP Index";2022-02-24;"Analysis performed successfully";120;-11;2021-10-17;2022-02-13;-0.0182;-0.0334;-0.0003;0.998;0.0092;-0.0336;-0.0716
10566;"UU/ LN Equity";"SXXP Index";2022-02-24;"Analysis performed successfully";120;-11;2021-10-17;2022-02-13;-0.0324;-0.0334;0.0007;0.3449;0.0074;-0.0108;0.0219
10567;"VACN SE Equity";"SXXP Index";2022-02-24;"Analysis performed successfully";120;-11;2021-10-17;2022-02-13;0.0077;-0.0334;-0.0012;1.6424;0.0183;-0.0561;-0.0337
10568;"VALMT FH Equity";"SXXP Index";2022-02-24;"Analysis performed successfully";120;-11;2021-10-17;2022-02-13;-0.0293;-0.0334;0;1.2452;0.0101;-0.0416;-0.0828
10569;"VCT LN Equity";"SXXP Index";2022-02-24;"Analysis performed successfully";120;-11;2021-10-17;2022-02-13;-0.0433;-0.0334;-0.0013;0.8314;0.012;-0.0291;-0.266
10570;"VENDA NO Equity";"SXXP Index";2022-02-24;"Analysis performed successfully";120;-11;2021-10-17;2022-02-13;-0.0148;-0.0334;-0.0056;1.9079;0.0197;-0.0693;-0.0535
10571;"VER AV Equity";"SXXP Index";2022-02-24;"Analysis performed successfully";120;-11;2021-10-17;2022-02-13;0.05;-0.0334;0.0003;0.6487;0.0159;-0.0213;-0.0095
10572;"VIE FP Equity";"SXXP Index";2022-02-24;"Analysis performed successfully";120;-11;2021-10-17;2022-02-13;-0.0651;-0.0334;0.0015;0.9792;0.0103;-0.0312;-0.2022
10573;"VIFN SE Equity";"SXXP Index";2022-02-24;"Analysis performed successfully";120;-11;2021-10-17;2022-02-13;0.0068;-0.0334;0.0024;-0.1614;0.0282;0.0078;0.1458
10574;"VITR SS Equity";"SXXP Index";2022-02-24;"Analysis performed successfully";120;-11;2021-10-17;2022-02-13;0.0067;-0.0334;-0.0026;1.4443;0.025;-0.0508;0.085
10575;"VIV FP Equity";"SXXP Index";2022-02-24;"Analysis performed successfully";120;-11;2021-10-17;2022-02-13;-0.0161;-0.0334;0.0005;0.748;0.0077;-0.0245;0.157
10576;"VMUK LN Equity";"SXXP Index";2022-02-24;"Analysis performed successfully";120;-11;2021-10-17;2022-02-13;-0.0671;-0.0334;0.0005;1.3403;0.0192;-0.0442;0.0427
10577;"VNA GY Equity";"SXXP Index";2022-02-24;"Analysis performed successfully";120;-11;2021-10-17;2022-02-13;-0.0289;-0.0334;-0.0004;0.6885;0.0115;-0.0234;0.0429
10578;"VOD LN Equity";"SXXP Index";2022-02-24;"Analysis performed successfully";120;-11;2021-10-17;2022-02-13;-0.0377;-0.0334;0.002;0.2673;0.0147;-0.0069;-0.1609
10579;"VOE AV Equity";"SXXP Index";2022-02-24;"Analysis performed successfully";120;-11;2021-10-17;2022-02-13;-0.0818;-0.0334;-0.0002;1.092;0.0126;-0.0367;-0.0074
10580;"VOLCARB SS Equity";"SXXP Index";2022-02-24;"Analysis performed successfully";120;-11;2021-10-17;2022-02-13;-0.0308;-0.0334;-0.0127;1.4323;0.1648;-0.0605;-0.1174
10581;"VOLVB SS Equity";"SXXP Index";2022-02-24;"Analysis performed successfully";120;-11;2021-10-17;2022-02-13;-0.057;-0.0334;0.0002;1.4525;0.0072;-0.0483;-0.0791
10582;"VOW3 GY Equity";"SXXP Index";2022-02-24;"Analysis performed successfully";120;-11;2021-10-17;2022-02-13;-0.0605;-0.0334;-0.0004;1.4512;0.0138;-0.0489;0.1496
10583;"VPLAYB SS Equity";"SXXP Index";2022-02-24;"Analysis performed successfully";120;-11;2021-10-17;2022-02-13;-0.0266;-0.0334;-0.003;2.0234;0.0172;-0.0705;-0.19
10584;"VTY LN Equity";"SXXP Index";2022-02-24;"Analysis performed successfully";120;-11;2021-10-17;2022-02-13;-0.0416;-0.0334;-0.001;1.2886;0.013;-0.044;-0.024
10585;"VWS DC Equity";"SXXP Index";2022-02-24;"Analysis performed successfully";120;-11;2021-10-17;2022-02-13;0.1084;-0.0334;-0.0034;1.2636;0.0284;-0.0456;0.0044
10586;"WALLB SS Equity";"SXXP Index";2022-02-24;"Analysis performed successfully";120;-11;2021-10-17;2022-02-13;-0.0247;-0.0334;-0.0003;1.1419;0.0124;-0.0385;-0.0874
10587;"WDP BB Equity";"SXXP Index";2022-02-24;"Analysis performed successfully";120;-11;2021-10-17;2022-02-13;-0.0224;-0.0334;-0.0008;0.5416;0.01;-0.0189;-0.0939
10588;"WEIR LN Equity";"SXXP Index";2022-02-24;"Analysis performed successfully";120;-11;2021-10-17;2022-02-13;-0.0361;-0.0334;0.0003;1.5796;0.0117;-0.0524;0.0338
10589;"WIE AV Equity";"SXXP Index";2022-02-24;"Analysis performed successfully";120;-11;2021-10-17;2022-02-13;-0.1286;-0.0334;0.0005;1.002;0.0095;-0.0329;0.0512
10590;"WIHL SS Equity";"SXXP Index";2022-02-24;"Analysis performed successfully";120;-11;2021-10-17;2022-02-13;-0.0165;-0.0334;-0.0006;1.3004;0.0124;-0.044;-0.0115
10591;"WIZZ LN Equity";"SXXP Index";2022-02-24;"Analysis performed successfully";120;-11;2021-10-17;2022-02-13;-0.1336;-0.0334;0;1.7196;0.0251;-0.0574;-0.0304
10592;"WKL NA Equity";"SXXP Index";2022-02-24;"Analysis performed successfully";120;-11;2021-10-17;2022-02-13;-0.0025;-0.0334;-0.0003;0.7123;0.0082;-0.0241;0.1107
10593;"WLN FP Equity";"SXXP Index";2022-02-24;"Analysis performed successfully";120;-11;2021-10-17;2022-02-13;-0.0302;-0.0334;-0.0034;1.5451;0.0241;-0.0549;0.1164
10594;"WOSG LN Equity";"SXXP Index";2022-02-24;"Analysis performed successfully";120;-11;2021-10-17;2022-02-13;-0.0725;-0.0334;0.0017;1.346;0.0242;-0.0432;-0.1602
10595;"WPP LN Equity";"SXXP Index";2022-02-24;"Analysis performed successfully";120;-11;2021-10-17;2022-02-13;-0.1294;-0.0334;0.0017;1.0668;0.011;-0.0339;0.0703
10596;"WRT1V FH Equity";"SXXP Index";2022-02-24;"Analysis performed successfully";120;-11;2021-10-17;2022-02-13;0.0031;-0.0334;-0.0003;1.5846;0.0163;-0.0532;0.02
10597;"WTB LN Equity";"SXXP Index";2022-02-24;"Analysis performed successfully";120;-11;2021-10-17;2022-02-13;-0.0661;-0.0334;-0.0003;1.3669;0.0144;-0.0459;0.0055
10598;"YAR NO Equity";"SXXP Index";2022-02-24;"Analysis performed successfully";120;-11;2021-10-17;2022-02-13;0.005;-0.0334;0.0002;1.1078;0.0162;-0.0368;-0.1418
10599;"ZAL GY Equity";"SXXP Index";2022-02-24;"Analysis performed successfully";120;-11;2021-10-17;2022-02-13;-0.009;-0.0334;-0.002;0.8298;0.0211;-0.0297;-0.2093
10600;"ZURN SE Equity";"SXXP Index";2022-02-24;"Analysis performed successfully";120;-11;2021-10-17;2022-02-13;-0.025;-0.0334;0.0013;0.6577;0.0061;-0.0206;0.0334
