"Event ID";Window;"CAR value";"BHAR value";"CAR t-value";"CAR p-value";"Permutation Test p-value"
10001;"(-5, 5)";;-0.0419;;;
10002;"(-5, 5)";;-0.0798;;;
10003;"(-5, 5)";;0.0627;;;
10004;"(-5, 5)";;0.0156;;;
10005;"(-5, 5)";;0.0277;;;
10006;"(-5, 5)";;-0.0214;;;
10007;"(-5, 5)";;0.1666;;;
10008;"(-5, 5)";;-0.0441;;;
10009;"(-5, 5)";;0.0347;;;
10010;"(-5, 5)";;-0.1079;;;
10011;"(-5, 5)";;-0.0387;;;
10012;"(-5, 5)";;-0.0378;;;
10013;"(-5, 5)";;-0.1182;;;
10014;"(-5, 5)";;-0.0949;;;
10015;"(-5, 5)";;-0.1735;;;
10016;"(-5, 5)";;-0.0364;;;
10017;"(-5, 5)";;-0.002;;;
10018;"(-5, 5)";;0.0112;;;
10019;"(-5, 5)";;0.1023;;;
10020;"(-5, 5)";;0.3026;;;
10021;"(-5, 5)";;-0.061;;;
10022;"(-5, 5)";;0.0172;;;
10023;"(-5, 5)";;-0.0696;;;
10024;"(-5, 5)";;-0.0446;;;
10025;"(-5, 5)";;0.0926;;;
10026;"(-5, 5)";;0.0456;;;
10027;"(-5, 5)";;-0.0225;;;
10028;"(-5, 5)";;-0.0098;;;
10029;"(-5, 5)";;0.1393;;;
10030;"(-5, 5)";;0.0944;;;
10031;"(-5, 5)";;-0.0914;;;
10032;"(-5, 5)";;-0.01;;;
10033;"(-5, 5)";;0.0903;;;
10034;"(-5, 5)";;0.0147;;;
10035;"(-5, 5)";;-0.0359;;;
10036;"(-5, 5)";;-0.0651;;;
10037;"(-5, 5)";;0.2484;;;
10038;"(-5, 5)";;-0.0537;;;
10039;"(-5, 5)";;0.0642;;;
10040;"(-5, 5)";;-0.0686;;;
10041;"(-5, 5)";;0.1098;;;
10042;"(-5, 5)";;0.2477;;;
10043;"(-5, 5)";;0.117;;;
10044;"(-5, 5)";;-0.0909;;;
10045;"(-5, 5)";;0.023;;;
10046;"(-5, 5)";;-0.1142;;;
10047;"(-5, 5)";;-0.0666;;;
10048;"(-5, 5)";;0.1572;;;
10049;"(-5, 5)";;0.1268;;;
10050;"(-5, 5)";;-0.0556;;;
10051;"(-5, 5)";;-0.0062;;;
10052;"(-5, 5)";;-0.0635;;;
10053;"(-5, 5)";;0.0904;;;
10054;"(-5, 5)";;-0.0957;;;
10055;"(-5, 5)";;0.1902;;;
10056;"(-5, 5)";;0.0127;;;
10057;"(-5, 5)";;0.1015;;;
10058;"(-5, 5)";;0.0512;;;
10059;"(-5, 5)";;0.0979;;;
10060;"(-5, 5)";;-0.0997;;;
10061;"(-5, 5)";;-0.0148;;;
10062;"(-5, 5)";;0.0028;;;
10063;"(-5, 5)";;0.0456;;;
10064;"(-5, 5)";;0.012;;;
10065;"(-5, 5)";;-0.007;;;
10066;"(-5, 5)";;-0.1573;;;
10067;"(-5, 5)";;0.0799;;;
10068;"(-5, 5)";;0.3903;;;
10069;"(-5, 5)";;-0.0372;;;
10070;"(-5, 5)";;-0.0594;;;
10071;"(-5, 5)";;0.0104;;;
10072;"(-5, 5)";;0.0305;;;
10073;"(-5, 5)";;0.0568;;;
10074;"(-5, 5)";;0.0765;;;
10075;"(-5, 5)";;0.252;;;
10076;"(-5, 5)";;-0.0463;;;
10077;"(-5, 5)";;0.0008;;;
10078;"(-5, 5)";;0.0311;;;
10079;"(-5, 5)";;-0.0172;;;
10080;"(-5, 5)";;-0.1783;;;
10081;"(-5, 5)";;0.209;;;
10082;"(-5, 5)";;-0.0492;;;
10083;"(-5, 5)";;0.069;;;
10084;"(-5, 5)";;-0.1456;;;
10085;"(-5, 5)";;-0.0682;;;
10086;"(-5, 5)";;-0.0183;;;
10087;"(-5, 5)";;0.0424;;;
10088;"(-5, 5)";;-0.0689;;;
10089;"(-5, 5)";;0.0442;;;
10090;"(-5, 5)";;0.086;;;
10091;"(-5, 5)";;0.0393;;;
10092;"(-5, 5)";;0.1075;;;
10093;"(-5, 5)";;0.0329;;;
10094;"(-5, 5)";;-0.0892;;;
10095;"(-5, 5)";;-0.0678;;;
10096;"(-5, 5)";;0.0028;;;
10097;"(-5, 5)";;-0.0382;;;
10098;"(-5, 5)";;-0.0977;;;
10099;"(-5, 5)";;-0.0122;;;
10100;"(-5, 5)";;-0.1439;;;
10101;"(-5, 5)";;-0.0339;;;
10102;"(-5, 5)";;0.0596;;;
10103;"(-5, 5)";;-0.1001;;;
10104;"(-5, 5)";;-0.0203;;;
10105;"(-5, 5)";;-0.184;;;
10106;"(-5, 5)";;-0.0253;;;
10107;"(-5, 5)";;0.079;;;
10108;"(-5, 5)";;-0.0439;;;
10109;"(-5, 5)";;0.1071;;;
10110;"(-5, 5)";;-0.0578;;;
10111;"(-5, 5)";;-0.0512;;;
10112;"(-5, 5)";;-0.0787;;;
10113;"(-5, 5)";;-0.0422;;;
10114;"(-5, 5)";;-0.0647;;;
10115;"(-5, 5)";;-0.0121;;;
10116;"(-5, 5)";;0.01;;;
10117;"(-5, 5)";;0.0828;;;
10118;"(-5, 5)";;-0.0425;;;
10119;"(-5, 5)";;-0.0181;;;
10120;"(-5, 5)";;0.0074;;;
10121;"(-5, 5)";;-0.0302;;;
10122;"(-5, 5)";;-0.1354;;;
10123;"(-5, 5)";;0.0338;;;
10124;"(-5, 5)";;-0.0947;;;
10125;"(-5, 5)";;0.0437;;;
10126;"(-5, 5)";;-0.0453;;;
10127;"(-5, 5)";;-0.29;;;
10128;"(-5, 5)";;-0.2333;;;
10129;"(-5, 5)";;-0.0018;;;
10130;"(-5, 5)";;-0.0376;;;
10131;"(-5, 5)";;-0.0376;;;
10132;"(-5, 5)";;0.1164;;;
10133;"(-5, 5)";;0.0325;;;
10134;"(-5, 5)";;0.1002;;;
10135;"(-5, 5)";;-0.0402;;;
10136;"(-5, 5)";;-0.0345;;;
10137;"(-5, 5)";;0.0152;;;
10138;"(-5, 5)";;0.0261;;;
10139;"(-5, 5)";;0.161;;;
10140;"(-5, 5)";;-0.006;;;
10141;"(-5, 5)";;-0.1599;;;
10142;"(-5, 5)";;-0.0366;;;
10143;"(-5, 5)";;-0.0493;;;
10144;"(-5, 5)";;-0.0787;;;
10145;"(-5, 5)";;0.077;;;
10146;"(-5, 5)";;-0.061;;;
10147;"(-5, 5)";;-0.119;;;
10148;"(-5, 5)";;-0.0497;;;
10149;"(-5, 5)";;0.0426;;;
10150;"(-5, 5)";;0.0756;;;
10151;"(-5, 5)";;-0.1047;;;
10152;"(-5, 5)";;-0.0471;;;
10153;"(-5, 5)";;-0.2193;;;
10154;"(-5, 5)";;-0.0527;;;
10155;"(-5, 5)";;0.1059;;;
10156;"(-5, 5)";;-0.0662;;;
10157;"(-5, 5)";;0.029;;;
10158;"(-5, 5)";;0.1705;;;
10159;"(-5, 5)";;-0.064;;;
10160;"(-5, 5)";;0.1877;;;
10161;"(-5, 5)";;0.0249;;;
10162;"(-5, 5)";;0.0819;;;
10163;"(-5, 5)";;-0.0321;;;
10164;"(-5, 5)";;-0.037;;;
10165;"(-5, 5)";;-0.0061;;;
10166;"(-5, 5)";;0.0115;;;
10167;"(-5, 5)";;0.0051;;;
10168;"(-5, 5)";;0.0677;;;
10169;"(-5, 5)";;0.0011;;;
10170;"(-5, 5)";;0.1326;;;
10171;"(-5, 5)";;0.0728;;;
10172;"(-5, 5)";;0.0663;;;
10173;"(-5, 5)";;0.0773;;;
10174;"(-5, 5)";;0.0657;;;
10175;"(-5, 5)";;0.1152;;;
10176;"(-5, 5)";;-0.0625;;;
10177;"(-5, 5)";;-0.2546;;;
10178;"(-5, 5)";;-0.2766;;;
10179;"(-5, 5)";;0.1344;;;
10180;"(-5, 5)";;0.0356;;;
10181;"(-5, 5)";;0.0936;;;
10182;"(-5, 5)";;0.2123;;;
10183;"(-5, 5)";;0.0066;;;
10184;"(-5, 5)";;-0.0521;;;
10185;"(-5, 5)";;-0.0121;;;
10186;"(-5, 5)";;0.132;;;
10187;"(-5, 5)";;-0.1105;;;
10188;"(-5, 5)";;-0.0128;;;
10189;"(-5, 5)";;-0.0432;;;
10190;"(-5, 5)";;0.0702;;;
10191;"(-5, 5)";;0.0645;;;
10192;"(-5, 5)";;0.0299;;;
10193;"(-5, 5)";;-0.0181;;;
10194;"(-5, 5)";;-0.0001;;;
10195;"(-5, 5)";;0.0558;;;
10196;"(-5, 5)";;-0.1493;;;
10197;"(-5, 5)";;0.0872;;;
10198;"(-5, 5)";;0.1981;;;
10199;"(-5, 5)";;0.0415;;;
10200;"(-5, 5)";;0.0356;;;
10201;"(-5, 5)";;0.0083;;;
10202;"(-5, 5)";;-0.0258;;;
10203;"(-5, 5)";;0.1673;;;
10204;"(-5, 5)";;0.0521;;;
10205;"(-5, 5)";;0.0786;;;
10206;"(-5, 5)";;-0.0683;;;
10207;"(-5, 5)";;-0.0684;;;
10208;"(-5, 5)";;0.0261;;;
10209;"(-5, 5)";;-0.0857;;;
10210;"(-5, 5)";;0.1603;;;
10211;"(-5, 5)";;0.0728;;;
10212;"(-5, 5)";;-0.0561;;;
10213;"(-5, 5)";;0.0824;;;
10214;"(-5, 5)";;0.0166;;;
10215;"(-5, 5)";;-0.0773;;;
10216;"(-5, 5)";;0.0361;;;
10217;"(-5, 5)";;0.1226;;;
10218;"(-5, 5)";;0.028;;;
10219;"(-5, 5)";;-0.0701;;;
10220;"(-5, 5)";;-0.0427;;;
10221;"(-5, 5)";;-0.0322;;;
10222;"(-5, 5)";;-0.0231;;;
10223;"(-5, 5)";;-0.0675;;;
10224;"(-5, 5)";;-0.2132;;;
10225;"(-5, 5)";;-0.0423;;;
10226;"(-5, 5)";;-0.2691;;;
10227;"(-5, 5)";;-0.1702;;;
10228;"(-5, 5)";;-0.2122;;;
10229;"(-5, 5)";;0.0417;;;
10230;"(-5, 5)";;-0.0351;;;
10231;"(-5, 5)";;-0.0342;;;
10232;"(-5, 5)";;0.1211;;;
10233;"(-5, 5)";;0.0265;;;
10234;"(-5, 5)";;0.0555;;;
10235;"(-5, 5)";;0.0139;;;
10236;"(-5, 5)";;0.0137;;;
10237;"(-5, 5)";;0.0751;;;
10238;"(-5, 5)";;0.0083;;;
10239;"(-5, 5)";;0.0995;;;
10240;"(-5, 5)";;-0.0347;;;
10241;"(-5, 5)";;-0.0681;;;
10242;"(-5, 5)";;0.0153;;;
10243;"(-5, 5)";;0.1245;;;
10244;"(-5, 5)";;0.0749;;;
10245;"(-5, 5)";;0.0081;;;
10246;"(-5, 5)";;-0.2707;;;
10247;"(-5, 5)";;0.0998;;;
10248;"(-5, 5)";;0.1574;;;
10249;"(-5, 5)";;0.0772;;;
10250;"(-5, 5)";;0.0618;;;
10251;"(-5, 5)";;0.2217;;;
10252;"(-5, 5)";;0.0509;;;
10253;"(-5, 5)";;-0.0055;;;
10254;"(-5, 5)";;-0.1398;;;
10255;"(-5, 5)";;-0.0671;;;
10256;"(-5, 5)";;-0.0632;;;
10257;"(-5, 5)";;-0.1267;;;
10258;"(-5, 5)";;-0.0772;;;
10259;"(-5, 5)";;-0.066;;;
10260;"(-5, 5)";;-0.0428;;;
10261;"(-5, 5)";;0.0239;;;
10262;"(-5, 5)";;0.0849;;;
10263;"(-5, 5)";;0.017;;;
10264;"(-5, 5)";;0.0486;;;
10265;"(-5, 5)";;-0.1285;;;
10266;"(-5, 5)";;0.1031;;;
10267;"(-5, 5)";;-0.0876;;;
10268;"(-5, 5)";;-0.0604;;;
10269;"(-5, 5)";;0.2946;;;
10270;"(-5, 5)";;-0.0221;;;
10271;"(-5, 5)";;-0.0605;;;
10272;"(-5, 5)";;-0.0708;;;
10273;"(-5, 5)";;-0.0778;;;
10274;"(-5, 5)";;-0.0572;;;
10275;"(-5, 5)";;-0.0323;;;
10276;"(-5, 5)";;-0.1043;;;
10277;"(-5, 5)";;0.0234;;;
10278;"(-5, 5)";;0.142;;;
10279;"(-5, 5)";;-0.0774;;;
10280;"(-5, 5)";;0.057;;;
10281;"(-5, 5)";;0.0048;;;
10282;"(-5, 5)";;-0.0406;;;
10283;"(-5, 5)";;0.0222;;;
10284;"(-5, 5)";;0.0201;;;
10285;"(-5, 5)";;0.016;;;
10286;"(-5, 5)";;0.027;;;
10287;"(-5, 5)";;0.0428;;;
10288;"(-5, 5)";;-0.0808;;;
10289;"(-5, 5)";;0.0748;;;
10290;"(-5, 5)";;-0.0619;;;
10291;"(-5, 5)";;-0.1246;;;
10292;"(-5, 5)";;0.0667;;;
10293;"(-5, 5)";;-0.0439;;;
10294;"(-5, 5)";;0.003;;;
10295;"(-5, 5)";;-0.2258;;;
10296;"(-5, 5)";;-0.0185;;;
10297;"(-5, 5)";;-0.0039;;;
10298;"(-5, 5)";;0.0333;;;
10299;"(-5, 5)";;-0.0556;;;
10300;"(-5, 5)";;0.0427;;;
10301;"(-5, 5)";;0.0594;;;
10302;"(-5, 5)";;0.0715;;;
10303;"(-5, 5)";;-0.1949;;;
10304;"(-5, 5)";;-0.0878;;;
10305;"(-5, 5)";;0.0577;;;
10306;"(-5, 5)";;-0.0573;;;
10307;"(-5, 5)";;-0.0453;;;
10308;"(-5, 5)";;-0.0443;;;
10309;"(-5, 5)";;0.0276;;;
10310;"(-5, 5)";;-0.0588;;;
10311;"(-5, 5)";;0.0905;;;
10312;"(-5, 5)";;0.0898;;;
10313;"(-5, 5)";;0.0075;;;
10314;"(-5, 5)";;-0.1601;;;
10315;"(-5, 5)";;-0.1642;;;
10316;"(-5, 5)";;-0.0201;;;
10317;"(-5, 5)";;0.0002;;;
10318;"(-5, 5)";;-0.0274;;;
10319;"(-5, 5)";;0.1074;;;
10320;"(-5, 5)";;-0.0771;;;
10321;"(-5, 5)";;0.0109;;;
10322;"(-5, 5)";;0.0977;;;
10323;"(-5, 5)";;0.0214;;;
10324;"(-5, 5)";;0.098;;;
10325;"(-5, 5)";;-0.0254;;;
10327;"(-5, 5)";;-0.0149;;;
10328;"(-5, 5)";;-0.0326;;;
10329;"(-5, 5)";;0.0696;;;
10330;"(-5, 5)";;0.2493;;;
10331;"(-5, 5)";;0.0464;;;
10332;"(-5, 5)";;-0.0123;;;
10333;"(-5, 5)";;-0.1135;;;
10334;"(-5, 5)";;-0.0362;;;
10335;"(-5, 5)";;0.1581;;;
10336;"(-5, 5)";;-0.0223;;;
10337;"(-5, 5)";;0.0069;;;
10338;"(-5, 5)";;0.0515;;;
10339;"(-5, 5)";;-0.0589;;;
10340;"(-5, 5)";;0.0113;;;
10341;"(-5, 5)";;0.0869;;;
10342;"(-5, 5)";;0.1266;;;
10343;"(-5, 5)";;-0.4452;;;
10344;"(-5, 5)";;0.0171;;;
10345;"(-5, 5)";;-0.0054;;;
10346;"(-5, 5)";;0.0373;;;
10347;"(-5, 5)";;0.0388;;;
10348;"(-5, 5)";;-0.1534;;;
10349;"(-5, 5)";;-0.0915;;;
10350;"(-5, 5)";;-0.1251;;;
10351;"(-5, 5)";;-0.0852;;;
10352;"(-5, 5)";;-0.0393;;;
10353;"(-5, 5)";;-0.1238;;;
10354;"(-5, 5)";;0.0261;;;
10355;"(-5, 5)";;0.0271;;;
10356;"(-5, 5)";;0.1661;;;
10357;"(-5, 5)";;-0.0422;;;
10358;"(-5, 5)";;-0.0897;;;
10359;"(-5, 5)";;-0.2056;;;
10360;"(-5, 5)";;-0.0542;;;
10361;"(-5, 5)";;-0.0486;;;
10362;"(-5, 5)";;0.1014;;;
10363;"(-5, 5)";;0.0052;;;
10364;"(-5, 5)";;-0.0232;;;
10365;"(-5, 5)";;-0.0695;;;
10366;"(-5, 5)";;0.1127;;;
10367;"(-5, 5)";;0.0098;;;
10368;"(-5, 5)";;-0.0731;;;
10369;"(-5, 5)";;-0.0188;;;
10370;"(-5, 5)";;0.1091;;;
10371;"(-5, 5)";;0.0515;;;
10372;"(-5, 5)";;-0.0396;;;
10373;"(-5, 5)";;0.1087;;;
10374;"(-5, 5)";;0.0288;;;
10375;"(-5, 5)";;0.0379;;;
10376;"(-5, 5)";;0.2123;;;
10377;"(-5, 5)";;0.1562;;;
10378;"(-5, 5)";;-0.1779;;;
10379;"(-5, 5)";;0.209;;;
10380;"(-5, 5)";;-0.0053;;;
10381;"(-5, 5)";;0.0505;;;
10382;"(-5, 5)";;0.1052;;;
10383;"(-5, 5)";;0.1885;;;
10384;"(-5, 5)";;-0.0324;;;
10385;"(-5, 5)";;-0.0419;;;
10386;"(-5, 5)";;-0.0009;;;
10387;"(-5, 5)";;0.085;;;
10388;"(-5, 5)";;-0.2061;;;
10389;"(-5, 5)";;-0.0496;;;
10390;"(-5, 5)";;-0.0006;;;
10391;"(-5, 5)";;-0.029;;;
10392;"(-5, 5)";;0.0425;;;
10393;"(-5, 5)";;-0.0654;;;
10394;"(-5, 5)";;0.1756;;;
10395;"(-5, 5)";;0.2592;;;
10396;"(-5, 5)";;0.0596;;;
10397;"(-5, 5)";;-0.2081;;;
10398;"(-5, 5)";;0.061;;;
10399;"(-5, 5)";;0.0238;;;
10400;"(-5, 5)";;0.0414;;;
10401;"(-5, 5)";;0.0487;;;
10402;"(-5, 5)";;-0.2025;;;
10403;"(-5, 5)";;0.0394;;;
10404;"(-5, 5)";;0.0004;;;
10405;"(-5, 5)";;-0.8763;;;
10406;"(-5, 5)";;-0.0402;;;
10407;"(-5, 5)";;-0.013;;;
10408;"(-5, 5)";;-0.0938;;;
10409;"(-5, 5)";;0.0728;;;
10410;"(-5, 5)";;-0.0772;;;
10411;"(-5, 5)";;0.0133;;;
10412;"(-5, 5)";;0.0918;;;
10413;"(-5, 5)";;0.1206;;;
10414;"(-5, 5)";;-0.0599;;;
10415;"(-5, 5)";;-0.0422;;;
10416;"(-5, 5)";;-0.0982;;;
10417;"(-5, 5)";;-0.1231;;;
10418;"(-5, 5)";;0.0555;;;
10419;"(-5, 5)";;-0.0447;;;
10420;"(-5, 5)";;0.2102;;;
10421;"(-5, 5)";;0.0294;;;
10422;"(-5, 5)";;0.0258;;;
10423;"(-5, 5)";;-0.0878;;;
10424;"(-5, 5)";;-0.4658;;;
10425;"(-5, 5)";;-0.0602;;;
10426;"(-5, 5)";;-0.0034;;;
10427;"(-5, 5)";;-0.0494;;;
10428;"(-5, 5)";;0.0601;;;
10429;"(-5, 5)";;0.0523;;;
10430;"(-5, 5)";;0.046;;;
10431;"(-5, 5)";;0.0766;;;
10432;"(-5, 5)";;0.0101;;;
10433;"(-5, 5)";;0.5862;;;
10434;"(-5, 5)";;0.0078;;;
10435;"(-5, 5)";;-0.0026;;;
10436;"(-5, 5)";;0.0718;;;
10437;"(-5, 5)";;0.0086;;;
10438;"(-5, 5)";;0.0455;;;
10439;"(-5, 5)";;0.1312;;;
10440;"(-5, 5)";;-0.2689;;;
10441;"(-5, 5)";;-0.1085;;;
10442;"(-5, 5)";;0.0751;;;
10443;"(-5, 5)";;0.0833;;;
10444;"(-5, 5)";;0.0462;;;
10445;"(-5, 5)";;-0.1416;;;
10446;"(-5, 5)";;-0.016;;;
10447;"(-5, 5)";;0.0877;;;
10448;"(-5, 5)";;-0.0444;;;
10449;"(-5, 5)";;0.0308;;;
10450;"(-5, 5)";;-0.0402;;;
10451;"(-5, 5)";;-0.1021;;;
10452;"(-5, 5)";;-0.2052;;;
10453;"(-5, 5)";;-0.0257;;;
10454;"(-5, 5)";;0.0238;;;
10455;"(-5, 5)";;0.0944;;;
10456;"(-5, 5)";;0.0687;;;
10457;"(-5, 5)";;-0.02;;;
10458;"(-5, 5)";;0.0033;;;
10459;"(-5, 5)";;-0.1083;;;
10460;"(-5, 5)";;-0.1296;;;
10461;"(-5, 5)";;0.024;;;
10462;"(-5, 5)";;0.0896;;;
10463;"(-5, 5)";;-0.0296;;;
10464;"(-5, 5)";;-0.0276;;;
10465;"(-5, 5)";;0.0779;;;
10466;"(-5, 5)";;0.0445;;;
10467;"(-5, 5)";;-0.0501;;;
10468;"(-5, 5)";;0.0626;;;
10469;"(-5, 5)";;0.067;;;
10470;"(-5, 5)";;-0.0331;;;
10471;"(-5, 5)";;-0.0223;;;
10472;"(-5, 5)";;-0.0548;;;
10473;"(-5, 5)";;0.1299;;;
10474;"(-5, 5)";;0.0157;;;
10475;"(-5, 5)";;-0.0279;;;
10476;"(-5, 5)";;-0.0615;;;
10477;"(-5, 5)";;0.1268;;;
10478;"(-5, 5)";;0.1001;;;
10479;"(-5, 5)";;-0.0625;;;
10480;"(-5, 5)";;0.2543;;;
10481;"(-5, 5)";;0.046;;;
10482;"(-5, 5)";;0.0646;;;
10483;"(-5, 5)";;-0.0355;;;
10484;"(-5, 5)";;0.0287;;;
10485;"(-5, 5)";;0.1274;;;
10486;"(-5, 5)";;-0.0614;;;
10487;"(-5, 5)";;0.145;;;
10488;"(-5, 5)";;0.1065;;;
10489;"(-5, 5)";;0.044;;;
10490;"(-5, 5)";;0.3103;;;
10491;"(-5, 5)";;-0.0343;;;
10492;"(-5, 5)";;-0.0771;;;
10493;"(-5, 5)";;-0.0213;;;
10494;"(-5, 5)";;-0.1091;;;
10495;"(-5, 5)";;-0.0246;;;
10496;"(-5, 5)";;-0.0855;;;
10497;"(-5, 5)";;0.0244;;;
10498;"(-5, 5)";;0.132;;;
10499;"(-5, 5)";;0.0534;;;
10500;"(-5, 5)";;0.0299;;;
10501;"(-5, 5)";;0.0474;;;
10502;"(-5, 5)";;-0.1027;;;
10503;"(-5, 5)";;0.1856;;;
10504;"(-5, 5)";;0.0535;;;
10505;"(-5, 5)";;0.0047;;;
10506;"(-5, 5)";;0.0388;;;
10507;"(-5, 5)";;0.0608;;;
10508;"(-5, 5)";;-0.1478;;;
10509;"(-5, 5)";;0.0344;;;
10510;"(-5, 5)";;0.0545;;;
10511;"(-5, 5)";;0.0347;;;
10512;"(-5, 5)";;-0.0959;;;
10513;"(-5, 5)";;-0.0061;;;
10514;"(-5, 5)";;-0.1061;;;
10515;"(-5, 5)";;-0.0986;;;
10516;"(-5, 5)";;-0.0168;;;
10517;"(-5, 5)";;0.018;;;
10518;"(-5, 5)";;0.1285;;;
10519;"(-5, 5)";;-0.1892;;;
10520;"(-5, 5)";;-0.0305;;;
10521;"(-5, 5)";;0.0224;;;
10522;"(-5, 5)";;-0.0855;;;
10523;"(-5, 5)";;0.0047;;;
10524;"(-5, 5)";;-0.0516;;;
10525;"(-5, 5)";;0.0325;;;
10526;"(-5, 5)";;-0.1107;;;
10527;"(-5, 5)";;0.1175;;;
10528;"(-5, 5)";;-0.0119;;;
10529;"(-5, 5)";;0.1353;;;
10530;"(-5, 5)";;-0.0385;;;
10531;"(-5, 5)";;0.0474;;;
10532;"(-5, 5)";;0.0166;;;
10533;"(-5, 5)";;-0.0286;;;
10534;"(-5, 5)";;-0.0375;;;
10535;"(-5, 5)";;-0.0294;;;
10536;"(-5, 5)";;0.0511;;;
10537;"(-5, 5)";;0.0454;;;
10538;"(-5, 5)";;0.0179;;;
10539;"(-5, 5)";;-0.0737;;;
10540;"(-5, 5)";;-0.1637;;;
10541;"(-5, 5)";;0.1284;;;
10542;"(-5, 5)";;0.0679;;;
10543;"(-5, 5)";;0.0682;;;
10544;"(-5, 5)";;0.0521;;;
10545;"(-5, 5)";;-0.121;;;
10546;"(-5, 5)";;0.1247;;;
10547;"(-5, 5)";;0.0226;;;
10548;"(-5, 5)";;-0.0333;;;
10549;"(-5, 5)";;-0.1029;;;
10550;"(-5, 5)";;-0.1295;;;
10551;"(-5, 5)";;0.0022;;;
10552;"(-5, 5)";;-0.435;;;
10553;"(-5, 5)";;0.0285;;;
10554;"(-5, 5)";;-0.1024;;;
10555;"(-5, 5)";;0.1685;;;
10556;"(-5, 5)";;-0.278;;;
10557;"(-5, 5)";;-0.0266;;;
10558;"(-5, 5)";;-0.0591;;;
10559;"(-5, 5)";;0.0615;;;
10560;"(-5, 5)";;0.0725;;;
10561;"(-5, 5)";;-0.3276;;;
10562;"(-5, 5)";;-0.0873;;;
10563;"(-5, 5)";;-0.0449;;;
10564;"(-5, 5)";;-0.1219;;;
10565;"(-5, 5)";;0.097;;;
10566;"(-5, 5)";;0.0248;;;
10567;"(-5, 5)";;0.1256;;;
10568;"(-5, 5)";;0.0201;;;
10569;"(-5, 5)";;0.0291;;;
10570;"(-5, 5)";;0.2401;;;
10571;"(-5, 5)";;-0.0446;;;
10572;"(-5, 5)";;-0.0651;;;
10573;"(-5, 5)";;-0.0197;;;
10574;"(-5, 5)";;0.1322;;;
10575;"(-5, 5)";;-0.0104;;;
10576;"(-5, 5)";;-0.1021;;;
10577;"(-5, 5)";;0.0271;;;
10578;"(-5, 5)";;-0.0789;;;
10579;"(-5, 5)";;-0.0178;;;
10580;"(-5, 5)";;0.1438;;;
10581;"(-5, 5)";;-0.0967;;;
10582;"(-5, 5)";;-0.0313;;;
10583;"(-5, 5)";;0.0326;;;
10584;"(-5, 5)";;-0.0029;;;
10585;"(-5, 5)";;0.3718;;;
10586;"(-5, 5)";;0.0122;;;
10587;"(-5, 5)";;0.0166;;;
10588;"(-5, 5)";;-0.0037;;;
10589;"(-5, 5)";;-0.173;;;
10590;"(-5, 5)";;0.0166;;;
10591;"(-5, 5)";;-0.2112;;;
10592;"(-5, 5)";;0.0974;;;
10593;"(-5, 5)";;0.0712;;;
10594;"(-5, 5)";;-0.0699;;;
10595;"(-5, 5)";;-0.1361;;;
10596;"(-5, 5)";;0.0182;;;
10597;"(-5, 5)";;-0.0783;;;
10598;"(-5, 5)";;0.0838;;;
10599;"(-5, 5)";;-0.0468;;;
10600;"(-5, 5)";;-0.0232;;;
