Sub-Sample;"Day Relative to Event";-10;-9;-8;-7;-6;-5;-4;-3;-2;-1;0;1;2;3;4;5;6;7;8;9;10
Industrials;"Average Abnormal Return (AAR)";0.0014;0.0061;-0.003;-0.0002;-0.0027;0.0005;0.0005;-0.0009;0.0028;-0.0071;0.0128;-0.0086;0.0005;0.0005;0.012;-0.0006;0.0034;0.0018;0.0013;0.0005;0.0005
Industrials;N;119;119;119;119;119;119;119;119;119;119;119;119;119;119;119;119;119;119;119;119;119
Industrials;Pos:Neg;69:50;76:43;47:72;59:60;55:64;73:46;73:46;59:60;63:56;44:75;78:41;36:83;73:46;73:46;73:46;65:54;73:46;70:49;65:54;73:46;73:46
Industrials;"Patell Z";1.6442;4.1222;-2.4694;0.1469;-0.5228;0.2976;0.2976;-1.4107;1.2111;-4.4527;9.5552;-6.6391;0.2976;0.2976;10.1032;1.1225;3.1704;2.3481;0.4277;0.2976;0.2976
Industrials;"Patell Z P-Values";0.1001;0;0.0135;0.8832;0.6011;0.766;0.766;0.1583;0.2258;8.4789E-6;1.234E-21;3.1567E-11;0.766;0.766;5.3483E-24;0.2617;0.0015;0.0189;0.6689;0.766;0.766
Industrials;"Generalized Sign Z";;;;;;;;;;;;;;;;;;;;;
Industrials;"Generalized Sign Z P-Values";;;;;;;;;;;;;;;;;;;;;
Industrials;"Sign Z";;;;;;;;;;;;;;;;;;;;;
Industrials;"Sign Z P-Values";;;;;;;;;;;;;;;;;;;;;
Industrials;"Csect T";1.2508;4.5866;-2.2003;-0.1068;-1.722;3.4065;3.4065;-0.7727;1.6959;-3.3797;3.8906;-4.7634;3.4065;3.4065;3.0953;-0.186;1.4009;0.8182;0.5148;3.4065;3.4065
Industrials;"Csect T P-Values";0.2135;0;0.0297;0.9152;0.0877;0.0009;0.0009;0.4412;0.0925;0.001;0.0002;5.4652E-6;0.0009;0.0009;0.0025;0.8528;0.1639;0.4149;0.6077;0.0009;0.0009
Industrials;"StdCSect T";1.924;4.1898;-2.3717;0.1214;-0.4769;4.0503;4.0503;-1.3732;0.9933;-3.2502;4.2072;-4.5366;4.0503;4.0503;2.8758;0.4207;1.6626;1.3561;0.2311;4.0503;4.0503
Industrials;"StdCSect T P-Values";0.0568;0.0001;0.0193;0.9036;0.6343;0.0001;0.0001;0.1723;0.3226;0.0015;0.0001;0;0.0001;0.0001;0.0048;0.6748;0.099;0.1776;0.8177;0.0001;0.0001
Industrials;"Rank Z";;;;;;;;;;;;;;;;;;;;;
Industrials;"Rank Z P-Values";;;;;;;;;;;;;;;;;;;;;
Industrials;"Generalized Rank T";;;;;;;;;;;;;;;;;;;;;
Industrials;"Generalized Rank T P-Values";;;;;;;;;;;;;;;;;;;;;
Industrials;"Generalized Rank Z";;;;;;;;;;;;;;;;;;;;;
Industrials;"Generalized Rank Z P-Values";;;;;;;;;;;;;;;;;;;;;
Industrials;"Adjusted Patell Z";;;;;;;;;;;;;;;;;;;;;
Industrials;"Adjusted Patell Z P-Values";;;;;;;;;;;;;;;;;;;;;
Industrials;"Adjusted StdCSect T";;;;;;;;;;;;;;;;;;;;;
Industrials;"Adjusted StdCSect T P-Values";;;;;;;;;;;;;;;;;;;;;
Industrials;"Skewness-Corrected T";;;;;;;;;;;;;;;;;;;;;
Industrials;"Skewness-Corrected T P-Values";;;;;;;;;;;;;;;;;;;;;
Industrials;"CDA T";;;;;;;;;;;;;;;;;;;;;
Industrials;"CDA T P-Values";;;;;;;;;;;;;;;;;;;;;
Industrials;Wilcoxon;;;;;;;;;;;;;;;;;;;;;
Industrials;"Wilcoxon P-Values";;;;;;;;;;;;;;;;;;;;;
Materials;"Average Abnormal Return (AAR)";-0.0017;0.0011;0.0099;-0.0007;0.0013;0.0001;0.0001;-0.0019;-0.0012;0.0018;-0.0114;0.0018;0.0001;0.0001;-0.011;0.0019;0.005;-0.0073;0.0047;0.0001;0.0001
Materials;N;50;50;50;50;50;50;50;50;50;50;50;50;50;50;50;50;50;50;50;50;50
Materials;Pos:Neg;26:24;30:20;41:9;21:29;26:24;21:29;21:29;22:28;24:26;33:17;25:25;25:25;21:29;21:29;27:23;28:22;28:22;26:24;29:21;21:29;21:29
Materials;"Patell Z";-2.4079;1.4172;5.6759;-0.3484;0.225;-0.022;-0.022;-1.5223;-2.189;1.3491;-7.9404;0.3532;-0.022;-0.022;-6.8132;-0.6148;1.8181;-4.1246;0.8484;-0.022;-0.022
Materials;"Patell Z P-Values";0.016;0.1564;1.3797E-8;0.7276;0.822;0.9825;0.9825;0.1279;0.0286;0.1773;2.0159E-15;0.7239;0.9825;0.9825;9.5438E-12;0.5387;0.0691;0;0.3962;0.9825;0.9825
Materials;"Generalized Sign Z";;;;;;;;;;;;;;;;;;;;;
Materials;"Generalized Sign Z P-Values";;;;;;;;;;;;;;;;;;;;;
Materials;"Sign Z";;;;;;;;;;;;;;;;;;;;;
Materials;"Sign Z P-Values";;;;;;;;;;;;;;;;;;;;;
Materials;"Csect T";-0.4122;0.4155;5.2756;-0.4328;0.612;0.5527;0.5527;-0.7761;-0.5755;0.851;-1.1105;0.5202;0.5527;0.5527;-0.6396;0.2502;1.1241;-0.6512;1.1808;0.5527;0.5527
Materials;"Csect T P-Values";0.682;0.6796;2.9874E-6;0.6671;0.5433;0.583;0.583;0.4414;0.5676;0.3989;0.2722;0.6053;0.583;0.583;0.5254;0.8034;0.2664;0.5179;0.2434;0.583;0.583
Materials;"StdCSect T";-0.8558;1.1261;5.3572;-0.356;0.1936;-0.2374;-0.2374;-1.2159;-1.7439;1.0771;-1.7914;0.2236;-0.2374;-0.2374;-0.9639;-0.1753;0.8436;-0.9101;0.3671;-0.2374;-0.2374
Materials;"StdCSect T P-Values";0.3963;0.2656;2.2482E-6;0.7234;0.8473;0.8133;0.8133;0.2298;0.0874;0.2867;0.0794;0.824;0.8133;0.8133;0.3399;0.8616;0.403;0.3672;0.7152;0.8133;0.8133
Materials;"Rank Z";;;;;;;;;;;;;;;;;;;;;
Materials;"Rank Z P-Values";;;;;;;;;;;;;;;;;;;;;
Materials;"Generalized Rank T";;;;;;;;;;;;;;;;;;;;;
Materials;"Generalized Rank T P-Values";;;;;;;;;;;;;;;;;;;;;
Materials;"Generalized Rank Z";;;;;;;;;;;;;;;;;;;;;
Materials;"Generalized Rank Z P-Values";;;;;;;;;;;;;;;;;;;;;
Materials;"Adjusted Patell Z";;;;;;;;;;;;;;;;;;;;;
Materials;"Adjusted Patell Z P-Values";;;;;;;;;;;;;;;;;;;;;
Materials;"Adjusted StdCSect T";;;;;;;;;;;;;;;;;;;;;
Materials;"Adjusted StdCSect T P-Values";;;;;;;;;;;;;;;;;;;;;
Materials;"Skewness-Corrected T";;;;;;;;;;;;;;;;;;;;;
Materials;"Skewness-Corrected T P-Values";;;;;;;;;;;;;;;;;;;;;
Materials;"CDA T";;;;;;;;;;;;;;;;;;;;;
Materials;"CDA T P-Values";;;;;;;;;;;;;;;;;;;;;
Materials;Wilcoxon;;;;;;;;;;;;;;;;;;;;;
Materials;"Wilcoxon P-Values";;;;;;;;;;;;;;;;;;;;;
Financials;"Average Abnormal Return (AAR)";-0.0043;-0.0025;-0.0028;-0.0087;-0.0002;-0.0002;-0.0002;-0.0016;-0.0044;-0.0039;-0.0242;0;-0.0002;-0.0002;-0.0147;-0.0205;-0.003;-0.0007;-0.014;-0.0002;-0.0002
Financials;N;105;105;105;105;105;105;105;105;105;105;105;105;105;105;105;105;105;105;105;105;105
Financials;Pos:Neg;37:68;41:64;40:65;15:90;50:55;43:62;43:62;45:60;36:69;42:63;27:78;58:47;43:62;43:62;39:66;23:82;47:58;53:52;36:69;43:62;43:62
Financials;"Patell Z";-4.4579;-2.1969;-1.9578;-7.7473;-0.0986;-0.2146;-0.2146;-1.5472;-4.4895;-2.3553;-19.9057;0.1426;-0.2146;-0.2146;-12.3259;-17.4424;-2.4647;0.3216;-10.91;-0.2146;-0.2146
Financials;"Patell Z P-Values";8.2781E-6;0.028;0.0503;9.39E-15;0.9215;0.8301;0.8301;0.1218;7.1397E-6;0.0185;3.6312E-88;0.8866;0.8301;0.8301;6.5714E-35;3.9313E-68;0.0137;0.7478;1.0328E-27;0.8301;0.8301
Financials;"Generalized Sign Z";;;;;;;;;;;;;;;;;;;;;
Financials;"Generalized Sign Z P-Values";;;;;;;;;;;;;;;;;;;;;
Financials;"Sign Z";;;;;;;;;;;;;;;;;;;;;
Financials;"Sign Z P-Values";;;;;;;;;;;;;;;;;;;;;
Financials;"Csect T";-2.8793;-2.3379;-2.4862;-7.0253;-0.1561;-1.4802;-1.4802;-1.1691;-1.7276;-2.7351;-5.5143;0;-1.4802;-1.4802;-4.673;-8.0931;-1.2838;-0.2532;-4.3716;-1.4802;-1.4802
Financials;"Csect T P-Values";0.0048;0.0213;0.0145;2.2903E-10;0.8763;0.1418;0.1418;0.245;0.087;0.0073;2.5691E-7;1;0.1418;0.1418;8.927E-6;1.1524E-12;0.2021;0.8006;0;0.1418;0.1418
Financials;"StdCSect T";-3.7642;-2.3955;-2.1996;-7.4911;-0.0932;-2.0449;-2.0449;-1.3613;-2.4324;-2.2006;-6.6152;0.0692;-2.0449;-2.0449;-4.8003;-7.9172;-1.3531;0.1421;-4.5372;-2.0449;-2.0449
Financials;"StdCSect T P-Values";0.0003;0.0184;0.03;2.332E-11;0.926;0.0434;0.0434;0.1764;0.0167;0.03;1.6445E-9;0.945;0.0434;0.0434;5.3274E-6;2.7903E-12;0.1789;0.8872;0;0.0434;0.0434
Financials;"Rank Z";;;;;;;;;;;;;;;;;;;;;
Financials;"Rank Z P-Values";;;;;;;;;;;;;;;;;;;;;
Financials;"Generalized Rank T";;;;;;;;;;;;;;;;;;;;;
Financials;"Generalized Rank T P-Values";;;;;;;;;;;;;;;;;;;;;
Financials;"Generalized Rank Z";;;;;;;;;;;;;;;;;;;;;
Financials;"Generalized Rank Z P-Values";;;;;;;;;;;;;;;;;;;;;
Financials;"Adjusted Patell Z";;;;;;;;;;;;;;;;;;;;;
Financials;"Adjusted Patell Z P-Values";;;;;;;;;;;;;;;;;;;;;
Financials;"Adjusted StdCSect T";;;;;;;;;;;;;;;;;;;;;
Financials;"Adjusted StdCSect T P-Values";;;;;;;;;;;;;;;;;;;;;
Financials;"Skewness-Corrected T";;;;;;;;;;;;;;;;;;;;;
Financials;"Skewness-Corrected T P-Values";;;;;;;;;;;;;;;;;;;;;
Financials;"CDA T";;;;;;;;;;;;;;;;;;;;;
Financials;"CDA T P-Values";;;;;;;;;;;;;;;;;;;;;
Financials;Wilcoxon;;;;;;;;;;;;;;;;;;;;;
Financials;"Wilcoxon P-Values";;;;;;;;;;;;;;;;;;;;;
Utilities;"Average Abnormal Return (AAR)";-0.0067;-0.0014;0.0024;0.0093;0.0002;-0.0001;-0.0001;-0.0058;-0.0071;0.0004;0.0124;0.0187;-0.0001;-0.0001;0.0226;-0.0202;-0.0188;-0.0182;0.0129;-0.0001;-0.0001
Utilities;N;33;33;33;33;33;33;33;33;33;33;33;33;33;33;33;33;33;33;33;33;33
Utilities;Pos:Neg;8:25;17:16;20:13;27:6;21:12;15:18;15:18;8:25;10:23;20:13;18:15;29:4;15:18;15:18;27:6;12:21;4:29;5:28;25:8;15:18;15:18
Utilities;"Patell Z";-3.5102;-0.714;1.213;4.8268;0.7073;-0.1153;-0.1153;-2.9335;-4.7332;0.1559;2.5741;11.624;-0.1153;-0.1153;10.6743;-10.6569;-11.4772;-10.1043;4.9112;-0.1153;-0.1153
Utilities;"Patell Z P-Values";0.0004;0.4752;0.2251;1.3874E-6;0.4794;0.9082;0.9082;0.0034;2.2103E-6;0.8761;0.0101;3.1132E-31;0.9082;0.9082;1.3421E-26;1.6199E-26;1.7168E-30;5.2888E-24;9.0512E-7;0.9082;0.9082
Utilities;"Generalized Sign Z";;;;;;;;;;;;;;;;;;;;;
Utilities;"Generalized Sign Z P-Values";;;;;;;;;;;;;;;;;;;;;
Utilities;"Sign Z";;;;;;;;;;;;;;;;;;;;;
Utilities;"Sign Z P-Values";;;;;;;;;;;;;;;;;;;;;
Utilities;"Csect T";-3.7639;-0.5027;1.3419;3.742;0.0858;-0.4621;-0.4621;-2.5729;-3.2087;0.1024;1.2265;4.4447;-0.4621;-0.4621;4.0902;-2.4513;-4.78;-2.9942;1.8378;-0.4621;-0.4621
Utilities;"Csect T P-Values";0.0007;0.6186;0.1891;0.0007;0.9322;0.6472;0.6472;0.0149;0.003;0.9191;0.229;0.0001;0.6472;0.6472;0.0003;0.0199;0;0.0053;0.0754;0.6472;0.6472
Utilities;"StdCSect T";-3.4982;-0.585;1.3466;4.1509;0.5458;-1.117;-1.117;-3.1076;-3.5082;0.0632;0.5735;6.6277;-1.117;-1.117;3.9981;-2.4678;-5.1263;-2.5542;1.4186;-1.117;-1.117
Utilities;"StdCSect T P-Values";0.0014;0.5627;0.1876;0.0002;0.589;0.2723;0.2723;0.0039;0.0014;0.95;0.5703;1.7866E-7;0.2723;0.2723;0.0004;0.0191;0;0.0156;0.1657;0.2723;0.2723
Utilities;"Rank Z";;;;;;;;;;;;;;;;;;;;;
Utilities;"Rank Z P-Values";;;;;;;;;;;;;;;;;;;;;
Utilities;"Generalized Rank T";;;;;;;;;;;;;;;;;;;;;
Utilities;"Generalized Rank T P-Values";;;;;;;;;;;;;;;;;;;;;
Utilities;"Generalized Rank Z";;;;;;;;;;;;;;;;;;;;;
Utilities;"Generalized Rank Z P-Values";;;;;;;;;;;;;;;;;;;;;
Utilities;"Adjusted Patell Z";;;;;;;;;;;;;;;;;;;;;
Utilities;"Adjusted Patell Z P-Values";;;;;;;;;;;;;;;;;;;;;
Utilities;"Adjusted StdCSect T";;;;;;;;;;;;;;;;;;;;;
Utilities;"Adjusted StdCSect T P-Values";;;;;;;;;;;;;;;;;;;;;
Utilities;"Skewness-Corrected T";;;;;;;;;;;;;;;;;;;;;
Utilities;"Skewness-Corrected T P-Values";;;;;;;;;;;;;;;;;;;;;
Utilities;"CDA T";;;;;;;;;;;;;;;;;;;;;
Utilities;"CDA T P-Values";;;;;;;;;;;;;;;;;;;;;
Utilities;Wilcoxon;;;;;;;;;;;;;;;;;;;;;
Utilities;"Wilcoxon P-Values";;;;;;;;;;;;;;;;;;;;;
"Consumer Staples";"Average Abnormal Return (AAR)";-0.003;0.0049;-0.0026;0.0064;0;0.0003;0.0003;-0.0075;-0.0106;0.0068;-0.0092;0.0114;0.0003;0.0003;-0.0031;-0.0002;-0.0184;-0.007;-0.0041;0.0003;0.0003
"Consumer Staples";N;46;46;46;46;46;46;46;46;46;46;46;46;46;46;46;46;46;46;46;46;46
"Consumer Staples";Pos:Neg;18:28;30:16;23:23;33:13;28:18;24:22;24:22;14:32;14:32;32:14;16:30;38:8;24:22;24:22;25:21;20:26;5:41;18:28;19:27;24:22;24:22
"Consumer Staples";"Patell Z";-1.9233;1.7765;-1.3096;3.6234;2.0251;0.0542;0.0542;-4.4283;-5.6242;4.247;-6.5677;6.6116;0.0542;0.0542;-2.3022;1.1385;-9.9716;-3.2481;-1.8705;0.0542;0.0542
"Consumer Staples";"Patell Z P-Values";0.0544;0.0756;0.1903;0.0003;0.0429;0.9568;0.9568;9.4973E-6;1.8636E-8;0;5.1111E-11;3.8016E-11;0.9568;0.9568;0.0213;0.2549;2.029E-23;0.0012;0.0614;0.9568;0.9568
"Consumer Staples";"Generalized Sign Z";;;;;;;;;;;;;;;;;;;;;
"Consumer Staples";"Generalized Sign Z P-Values";;;;;;;;;;;;;;;;;;;;;
"Consumer Staples";"Sign Z";;;;;;;;;;;;;;;;;;;;;
"Consumer Staples";"Sign Z P-Values";;;;;;;;;;;;;;;;;;;;;
"Consumer Staples";"Csect T";-1.4642;1.9765;-0.8338;2.7736;0;1.5526;1.5526;-2.8952;-4.1627;1.589;-2.1125;4.6116;1.5526;1.5526;-0.7907;-0.0535;-5.6771;-2.11;-1.3689;1.5526;1.5526
"Consumer Staples";"Csect T P-Values";0.1501;0.0542;0.4088;0.008;1;0.1275;0.1275;0.0058;0.0001;0.1191;0.0402;0;0.1275;0.1275;0.4333;0.9576;9.3915E-7;0.0405;0.1778;0.1275;0.1275
"Consumer Staples";"StdCSect T";-1.7399;1.5391;-0.7859;2.6319;1.7594;0.7062;0.7062;-2.9433;-4.4101;1.6836;-3.0069;5.3254;0.7062;0.7062;-0.9955;0.5633;-5.6555;-1.7586;-1.1557;0.7062;0.7062
"Consumer Staples";"StdCSect T P-Values";0.0887;0.1308;0.436;0.0116;0.0853;0.4837;0.4837;0.0051;0.0001;0.0992;0.0043;3.091E-6;0.4837;0.4837;0.3248;0.576;1.0108E-6;0.0854;0.2539;0.4837;0.4837
"Consumer Staples";"Rank Z";;;;;;;;;;;;;;;;;;;;;
"Consumer Staples";"Rank Z P-Values";;;;;;;;;;;;;;;;;;;;;
"Consumer Staples";"Generalized Rank T";;;;;;;;;;;;;;;;;;;;;
"Consumer Staples";"Generalized Rank T P-Values";;;;;;;;;;;;;;;;;;;;;
"Consumer Staples";"Generalized Rank Z";;;;;;;;;;;;;;;;;;;;;
"Consumer Staples";"Generalized Rank Z P-Values";;;;;;;;;;;;;;;;;;;;;
"Consumer Staples";"Adjusted Patell Z";;;;;;;;;;;;;;;;;;;;;
"Consumer Staples";"Adjusted Patell Z P-Values";;;;;;;;;;;;;;;;;;;;;
"Consumer Staples";"Adjusted StdCSect T";;;;;;;;;;;;;;;;;;;;;
"Consumer Staples";"Adjusted StdCSect T P-Values";;;;;;;;;;;;;;;;;;;;;
"Consumer Staples";"Skewness-Corrected T";;;;;;;;;;;;;;;;;;;;;
"Consumer Staples";"Skewness-Corrected T P-Values";;;;;;;;;;;;;;;;;;;;;
"Consumer Staples";"CDA T";;;;;;;;;;;;;;;;;;;;;
"Consumer Staples";"CDA T P-Values";;;;;;;;;;;;;;;;;;;;;
"Consumer Staples";Wilcoxon;;;;;;;;;;;;;;;;;;;;;
"Consumer Staples";"Wilcoxon P-Values";;;;;;;;;;;;;;;;;;;;;
"Consumer Discretionary";"Average Abnormal Return (AAR)";0.0085;0.0029;-0.0035;0.0014;-0.0092;0.001;0.001;0.0002;0.0034;-0.0076;-0.0031;-0.0185;0.001;0.001;0.0088;-0.0215;-0.0065;-0.0137;-0.0043;0.001;0.001
"Consumer Discretionary";N;72;72;72;72;72;72;72;72;72;72;72;72;72;72;72;72;72;72;72;72;72
"Consumer Discretionary";Pos:Neg;55:17;39:33;23:49;36:36;31:41;48:24;48:24;39:33;34:38;27:45;36:36;10:62;48:24;48:24;41:31;17:55;28:44;18:54;31:41;48:24;48:24
"Consumer Discretionary";"Patell Z";4.4169;0.2854;-2.5426;1.5096;-3.0062;0.3396;0.3396;0.406;0.9115;-3.2755;-2.9101;-9.3783;0.3396;0.3396;2.6715;-12.5637;-2.7283;-6.7412;-2.4726;0.3396;0.3396
"Consumer Discretionary";"Patell Z P-Values";0;0.7753;0.011;0.1311;0.0026;0.7341;0.7341;0.6847;0.362;0.0011;0.0036;6.7042E-21;0.7341;0.7341;0.0076;3.3431E-36;0.0064;1.5712E-11;0.0134;0.7341;0.7341
"Consumer Discretionary";"Generalized Sign Z";;;;;;;;;;;;;;;;;;;;;
"Consumer Discretionary";"Generalized Sign Z P-Values";;;;;;;;;;;;;;;;;;;;;
"Consumer Discretionary";"Sign Z";;;;;;;;;;;;;;;;;;;;;
"Consumer Discretionary";"Sign Z P-Values";;;;;;;;;;;;;;;;;;;;;
"Consumer Discretionary";"Csect T";3.7735;1.0506;-2.0514;0.6365;-3.8766;3.7187;3.7187;0.1006;1.1977;-2.7684;-0.5108;-6.0735;3.7187;3.7187;1.5077;-5.022;-2.2903;-5.5364;-1.3945;3.7187;3.7187
"Consumer Discretionary";"Csect T P-Values";0.0003;0.297;0.0439;0.5265;0.0002;0.0004;0.0004;0.9202;0.235;0.0072;0.6111;5.574E-8;0.0004;0.0004;0.1361;3.663E-6;0.025;4.8899E-7;0.1675;0.0004;0.0004
"Consumer Discretionary";"StdCSect T";4.2408;0.2236;-2.748;1.241;-2.6535;4.2235;4.2235;0.3926;0.6181;-2.4574;-1.0749;-6.0399;4.2235;4.2235;0.9448;-5.6585;-1.6861;-5.4449;-1.5417;4.2235;4.2235
"Consumer Discretionary";"StdCSect T P-Values";0.0001;0.8237;0.0076;0.2187;0.0098;0.0001;0.0001;0.6958;0.5385;0.0164;0.2861;6.3984E-8;0.0001;0.0001;0.348;3.0012E-7;0.0962;7.0334E-7;0.1276;0.0001;0.0001
"Consumer Discretionary";"Rank Z";;;;;;;;;;;;;;;;;;;;;
"Consumer Discretionary";"Rank Z P-Values";;;;;;;;;;;;;;;;;;;;;
"Consumer Discretionary";"Generalized Rank T";;;;;;;;;;;;;;;;;;;;;
"Consumer Discretionary";"Generalized Rank T P-Values";;;;;;;;;;;;;;;;;;;;;
"Consumer Discretionary";"Generalized Rank Z";;;;;;;;;;;;;;;;;;;;;
"Consumer Discretionary";"Generalized Rank Z P-Values";;;;;;;;;;;;;;;;;;;;;
"Consumer Discretionary";"Adjusted Patell Z";;;;;;;;;;;;;;;;;;;;;
"Consumer Discretionary";"Adjusted Patell Z P-Values";;;;;;;;;;;;;;;;;;;;;
"Consumer Discretionary";"Adjusted StdCSect T";;;;;;;;;;;;;;;;;;;;;
"Consumer Discretionary";"Adjusted StdCSect T P-Values";;;;;;;;;;;;;;;;;;;;;
"Consumer Discretionary";"Skewness-Corrected T";;;;;;;;;;;;;;;;;;;;;
"Consumer Discretionary";"Skewness-Corrected T P-Values";;;;;;;;;;;;;;;;;;;;;
"Consumer Discretionary";"CDA T";;;;;;;;;;;;;;;;;;;;;
"Consumer Discretionary";"CDA T P-Values";;;;;;;;;;;;;;;;;;;;;
"Consumer Discretionary";Wilcoxon;;;;;;;;;;;;;;;;;;;;;
"Consumer Discretionary";"Wilcoxon P-Values";;;;;;;;;;;;;;;;;;;;;
"Communication Services";"Average Abnormal Return (AAR)";0.0004;0.0019;-0.0088;-0.0056;-0.0036;0.0002;0.0002;-0.0044;0.003;-0.0032;-0.0045;0.0019;0.0002;0.0002;0.0085;-0.0033;0.0087;-0.0191;-0.004;0.0002;0.0002
"Communication Services";N;37;37;37;37;37;37;37;37;37;37;37;37;37;37;37;37;37;37;37;37;37
"Communication Services";Pos:Neg;16:21;21:16;10:27;11:26;14:23;18:19;18:19;15:22;20:17;15:22;14:23;23:14;18:19;18:19;21:16;16:21;26:11;14:23;17:20;18:19;18:19
"Communication Services";"Patell Z";-0.2687;0.9003;-3.3506;-2.434;-0.8612;0.0386;0.0386;-1.9171;0.321;-0.9129;-4.5408;1.6338;0.0386;0.0386;2.4793;-0.6458;3.674;-6.2424;-1.3461;0.0386;0.0386
"Communication Services";"Patell Z P-Values";0.7882;0.368;0.0008;0.0149;0.3891;0.9692;0.9692;0.0552;0.7482;0.3613;5.605E-6;0.1023;0.9692;0.9692;0.0132;0.5184;0.0002;4.3098E-10;0.1783;0.9692;0.9692
"Communication Services";"Generalized Sign Z";;;;;;;;;;;;;;;;;;;;;
"Communication Services";"Generalized Sign Z P-Values";;;;;;;;;;;;;;;;;;;;;
"Communication Services";"Sign Z";;;;;;;;;;;;;;;;;;;;;
"Communication Services";"Sign Z P-Values";;;;;;;;;;;;;;;;;;;;;
"Communication Services";"Csect T";0.152;0.8577;-3.5268;-3.0024;-1.3485;0.6714;0.6714;-1.6196;0.9092;-1.6725;-0.6695;0.5437;0.6714;0.6714;1.8452;-0.6826;3.0628;-2.0926;-0.6072;0.6714;0.6714
"Communication Services";"Csect T P-Values";0.8801;0.3967;0.0012;0.0048;0.1859;0.5062;0.5062;0.114;0.3693;0.1031;0.5074;0.59;0.5062;0.5062;0.0732;0.4992;0.0041;0.0435;0.5475;0.5062;0.5062
"Communication Services";"StdCSect T";-0.2334;0.9884;-3.8402;-3.0605;-0.9114;0.3652;0.3652;-1.7343;0.218;-1.1973;-1.7348;1.0882;0.3652;0.3652;1.4506;-0.4219;3.0087;-2.1697;-0.6622;0.3652;0.3652
"Communication Services";"StdCSect T P-Values";0.8167;0.3295;0.0005;0.0042;0.3681;0.7171;0.7171;0.0914;0.8286;0.239;0.0913;0.2837;0.7171;0.7171;0.1556;0.6756;0.0048;0.0367;0.512;0.7171;0.7171
"Communication Services";"Rank Z";;;;;;;;;;;;;;;;;;;;;
"Communication Services";"Rank Z P-Values";;;;;;;;;;;;;;;;;;;;;
"Communication Services";"Generalized Rank T";;;;;;;;;;;;;;;;;;;;;
"Communication Services";"Generalized Rank T P-Values";;;;;;;;;;;;;;;;;;;;;
"Communication Services";"Generalized Rank Z";;;;;;;;;;;;;;;;;;;;;
"Communication Services";"Generalized Rank Z P-Values";;;;;;;;;;;;;;;;;;;;;
"Communication Services";"Adjusted Patell Z";;;;;;;;;;;;;;;;;;;;;
"Communication Services";"Adjusted Patell Z P-Values";;;;;;;;;;;;;;;;;;;;;
"Communication Services";"Adjusted StdCSect T";;;;;;;;;;;;;;;;;;;;;
"Communication Services";"Adjusted StdCSect T P-Values";;;;;;;;;;;;;;;;;;;;;
"Communication Services";"Skewness-Corrected T";;;;;;;;;;;;;;;;;;;;;
"Communication Services";"Skewness-Corrected T P-Values";;;;;;;;;;;;;;;;;;;;;
"Communication Services";"CDA T";;;;;;;;;;;;;;;;;;;;;
"Communication Services";"CDA T P-Values";;;;;;;;;;;;;;;;;;;;;
"Communication Services";Wilcoxon;;;;;;;;;;;;;;;;;;;;;
"Communication Services";"Wilcoxon P-Values";;;;;;;;;;;;;;;;;;;;;
"Real Estate";"Average Abnormal Return (AAR)";-0.0009;0.0017;0.0165;-0.003;-0.0039;0.0003;0.0003;-0.0044;0.0073;-0.0032;0.0062;0.0117;0.0003;0.0003;0.0066;-0.003;0.007;-0.0021;-0.0021;0.0003;0.0003
"Real Estate";N;35;35;35;35;35;35;35;35;35;35;35;35;35;35;35;35;35;35;35;35;35
"Real Estate";Pos:Neg;19:16;19:16;34:1;14:21;11:24;25:10;25:10;14:21;16:19;16:19;25:10;26:9;25:10;25:10;26:9;17:18;26:9;15:20;17:18;25:10;25:10
"Real Estate";"Patell Z";-0.0666;0.0222;8.8571;-1.0507;-1.6764;0.1634;0.1634;-1.8809;2.3481;-0.3696;2.9105;5.9706;0.1634;0.1634;3.704;-1.2572;4.3925;-1.0868;-0.7864;0.1634;0.1634
"Real Estate";"Patell Z P-Values";0.9469;0.9823;8.214E-19;0.2934;0.0937;0.8702;0.8702;0.06;0.0189;0.7117;0.0036;2.3635E-9;0.8702;0.8702;0.0002;0.2087;0;0.2771;0.4316;0.8702;0.8702
"Real Estate";"Generalized Sign Z";;;;;;;;;;;;;;;;;;;;;
"Real Estate";"Generalized Sign Z P-Values";;;;;;;;;;;;;;;;;;;;;
"Real Estate";"Sign Z";;;;;;;;;;;;;;;;;;;;;
"Real Estate";"Sign Z P-Values";;;;;;;;;;;;;;;;;;;;;
"Real Estate";"Csect T";-0.4161;0.7535;6.8859;-0.9744;-2.1914;2.105;2.105;-1.2433;1.7092;-0.7424;2.4985;5.0221;2.105;2.105;2.4947;-1.1689;3.629;-0.6703;-0.6273;2.105;2.105
"Real Estate";"Csect T P-Values";0.6799;0.4563;6.2415E-8;0.3367;0.0354;0.0428;0.0428;0.2223;0.0965;0.463;0.0175;0;0.0428;0.0428;0.0176;0.2506;0.0009;0.5072;0.5346;0.0428;0.0428
"Real Estate";"StdCSect T";-0.0625;0.0196;9.2236;-0.8284;-1.6789;2.3647;2.3647;-1.249;1.3654;-0.2179;2.4408;5.2343;2.3647;2.3647;2.5681;-0.908;4.1777;-0.6096;-0.5266;2.3647;2.3647
"Real Estate";"StdCSect T P-Values";0.9505;0.9845;8.8609E-11;0.4132;0.1023;0.0239;0.0239;0.2202;0.1811;0.8288;0.02;8.5272E-6;0.0239;0.0239;0.0148;0.3703;0.0002;0.5462;0.6019;0.0239;0.0239
"Real Estate";"Rank Z";;;;;;;;;;;;;;;;;;;;;
"Real Estate";"Rank Z P-Values";;;;;;;;;;;;;;;;;;;;;
"Real Estate";"Generalized Rank T";;;;;;;;;;;;;;;;;;;;;
"Real Estate";"Generalized Rank T P-Values";;;;;;;;;;;;;;;;;;;;;
"Real Estate";"Generalized Rank Z";;;;;;;;;;;;;;;;;;;;;
"Real Estate";"Generalized Rank Z P-Values";;;;;;;;;;;;;;;;;;;;;
"Real Estate";"Adjusted Patell Z";;;;;;;;;;;;;;;;;;;;;
"Real Estate";"Adjusted Patell Z P-Values";;;;;;;;;;;;;;;;;;;;;
"Real Estate";"Adjusted StdCSect T";;;;;;;;;;;;;;;;;;;;;
"Real Estate";"Adjusted StdCSect T P-Values";;;;;;;;;;;;;;;;;;;;;
"Real Estate";"Skewness-Corrected T";;;;;;;;;;;;;;;;;;;;;
"Real Estate";"Skewness-Corrected T P-Values";;;;;;;;;;;;;;;;;;;;;
"Real Estate";"CDA T";;;;;;;;;;;;;;;;;;;;;
"Real Estate";"CDA T P-Values";;;;;;;;;;;;;;;;;;;;;
"Real Estate";Wilcoxon;;;;;;;;;;;;;;;;;;;;;
"Real Estate";"Wilcoxon P-Values";;;;;;;;;;;;;;;;;;;;;
"Health Care";"Average Abnormal Return (AAR)";-0.0014;0.0104;-0.0006;-0.0018;-0.0076;0.0012;0.0012;0.0005;0.0133;0.006;0.0144;-0.0006;0.0012;0.0012;0.0188;0.0156;-0.007;0.0018;0.0104;0.0012;0.0012
"Health Care";N;56;56;56;56;56;56;56;56;56;56;56;56;56;56;56;56;56;56;56;56;56
"Health Care";Pos:Neg;29:27;42:14;32:24;28:28;18:38;46:10;46:10;28:28;39:17;39:17;37:19;26:30;46:10;46:10;42:14;43:13;20:36;29:27;40:16;46:10;46:10
"Health Care";"Patell Z";-0.964;4.2869;0.7442;-0.3489;-0.2716;0.4303;0.4303;0.2923;4.3932;3.0929;4.7502;0.2681;0.4303;0.4303;8.3842;7.1428;-3.108;0.8123;4.4621;0.4303;0.4303
"Health Care";"Patell Z P-Values";0.335;0;0.4568;0.7272;0.786;0.667;0.667;0.7701;0;0.002;2.032E-6;0.7886;0.667;0.667;5.1053E-17;9.1452E-13;0.0019;0.4166;8.1169E-6;0.667;0.667
"Health Care";"Generalized Sign Z";;;;;;;;;;;;;;;;;;;;;
"Health Care";"Generalized Sign Z P-Values";;;;;;;;;;;;;;;;;;;;;
"Health Care";"Sign Z";;;;;;;;;;;;;;;;;;;;;
"Health Care";"Sign Z P-Values";;;;;;;;;;;;;;;;;;;;;
"Health Care";"Csect T";-0.4684;5.6495;-0.1561;-0.7953;-1.5528;5.5255;5.5255;0.2231;3.5634;2.8701;3.1456;-0.2321;5.5255;5.5255;5.1326;5.0532;-2.3114;0.6569;3.2968;5.5255;5.5255
"Health Care";"Csect T P-Values";0.6413;5.8841E-7;0.8765;0.4298;0.1262;9.2741E-7;9.2741E-7;0.8243;0.0008;0.0058;0.0027;0.8173;9.2741E-7;9.2741E-7;3.854E-6;5.1233E-6;0.0246;0.514;0.0017;9.2741E-7;9.2741E-7
"Health Care";"StdCSect T";-0.6621;5.57;0.5236;-0.3518;-0.0792;5.7718;5.7718;0.3323;2.2972;2.7776;2.1786;0.2169;5.7718;5.7718;4.4587;4.6383;-2.3832;0.6134;3.4996;5.7718;5.7718
"Health Care";"StdCSect T P-Values";0.5107;7.8775E-7;0.6026;0.7264;0.9372;3.7483E-7;3.7483E-7;0.7409;0.0254;0.0075;0.0337;0.8291;3.7483E-7;3.7483E-7;0;0;0.0206;0.5421;0.0009;3.7483E-7;3.7483E-7
"Health Care";"Rank Z";;;;;;;;;;;;;;;;;;;;;
"Health Care";"Rank Z P-Values";;;;;;;;;;;;;;;;;;;;;
"Health Care";"Generalized Rank T";;;;;;;;;;;;;;;;;;;;;
"Health Care";"Generalized Rank T P-Values";;;;;;;;;;;;;;;;;;;;;
"Health Care";"Generalized Rank Z";;;;;;;;;;;;;;;;;;;;;
"Health Care";"Generalized Rank Z P-Values";;;;;;;;;;;;;;;;;;;;;
"Health Care";"Adjusted Patell Z";;;;;;;;;;;;;;;;;;;;;
"Health Care";"Adjusted Patell Z P-Values";;;;;;;;;;;;;;;;;;;;;
"Health Care";"Adjusted StdCSect T";;;;;;;;;;;;;;;;;;;;;
"Health Care";"Adjusted StdCSect T P-Values";;;;;;;;;;;;;;;;;;;;;
"Health Care";"Skewness-Corrected T";;;;;;;;;;;;;;;;;;;;;
"Health Care";"Skewness-Corrected T P-Values";;;;;;;;;;;;;;;;;;;;;
"Health Care";"CDA T";;;;;;;;;;;;;;;;;;;;;
"Health Care";"CDA T P-Values";;;;;;;;;;;;;;;;;;;;;
"Health Care";Wilcoxon;;;;;;;;;;;;;;;;;;;;;
"Health Care";"Wilcoxon P-Values";;;;;;;;;;;;;;;;;;;;;
Energy;"Average Abnormal Return (AAR)";0.0021;-0.023;0.0149;-0.0084;-0.0045;-0.0002;-0.0002;0.0027;-0.0023;-0.0051;0.0124;-0.0146;-0.0002;-0.0002;-0.004;0.0256;0.0415;0.001;0.0056;-0.0002;-0.0002
Energy;N;14;14;14;14;14;14;14;14;14;14;14;14;14;14;14;14;14;14;14;14;14
Energy;Pos:Neg;9:5;1:13;12:2;4:10;5:9;4:10;4:10;7:7;5:9;2:12;8:6;1:13;4:10;4:10;9:5;9:5;14:0;7:7;6:8;4:10;4:10
Energy;"Patell Z";0.4937;-5.4568;3.6917;-2.1277;-0.8212;-0.0792;-0.0792;0.2963;-0.8808;-1.4368;2.1526;-2.994;-0.0792;-0.0792;-1.7419;5.6678;10.4309;0.0749;0.2081;-0.0792;-0.0792
Energy;"Patell Z P-Values";0.6215;4.8471E-8;0.0002;0.0334;0.4115;0.9369;0.9369;0.767;0.3785;0.1508;0.0314;0.0028;0.9369;0.9369;0.0815;1.4466E-8;1.7909E-25;0.9403;0.8352;0.9369;0.9369
Energy;"Generalized Sign Z";;;;;;;;;;;;;;;;;;;;;
Energy;"Generalized Sign Z P-Values";;;;;;;;;;;;;;;;;;;;;
Energy;"Sign Z";;;;;;;;;;;;;;;;;;;;;
Energy;"Sign Z P-Values";;;;;;;;;;;;;;;;;;;;;
Energy;"Csect T";0.7846;-3.165;4.9445;-2.631;-1.2531;-0.6036;-0.6036;0.561;-0.5125;-1.6403;1.0277;-1.5695;-0.6036;-0.6036;-0.4435;1.9871;4.4026;0.1594;0.6613;-0.6036;-0.6036
Energy;"Csect T P-Values";0.4467;0.0075;0.0003;0.0207;0.2322;0.5565;0.5565;0.5843;0.6169;0.1249;0.3228;0.1405;0.5565;0.5565;0.6647;0.0684;0.0007;0.8758;0.52;0.5565;0.5565
Energy;"StdCSect T";0.7424;-3.813;4.9802;-2.7271;-0.893;-0.9944;-0.9944;0.2903;-0.8869;-2.0458;0.8762;-1.6611;-0.9944;-0.9944;-0.7113;2.0685;4.5003;0.0449;0.1183;-0.9944;-0.9944
Energy;"StdCSect T P-Values";0.471;0.0022;0.0003;0.0173;0.3881;0.3382;0.3382;0.7762;0.3912;0.0616;0.3968;0.1206;0.3382;0.3382;0.4895;0.0591;0.0006;0.9648;0.9076;0.3382;0.3382
Energy;"Rank Z";;;;;;;;;;;;;;;;;;;;;
Energy;"Rank Z P-Values";;;;;;;;;;;;;;;;;;;;;
Energy;"Generalized Rank T";;;;;;;;;;;;;;;;;;;;;
Energy;"Generalized Rank T P-Values";;;;;;;;;;;;;;;;;;;;;
Energy;"Generalized Rank Z";;;;;;;;;;;;;;;;;;;;;
Energy;"Generalized Rank Z P-Values";;;;;;;;;;;;;;;;;;;;;
Energy;"Adjusted Patell Z";;;;;;;;;;;;;;;;;;;;;
Energy;"Adjusted Patell Z P-Values";;;;;;;;;;;;;;;;;;;;;
Energy;"Adjusted StdCSect T";;;;;;;;;;;;;;;;;;;;;
Energy;"Adjusted StdCSect T P-Values";;;;;;;;;;;;;;;;;;;;;
Energy;"Skewness-Corrected T";;;;;;;;;;;;;;;;;;;;;
Energy;"Skewness-Corrected T P-Values";;;;;;;;;;;;;;;;;;;;;
Energy;"CDA T";;;;;;;;;;;;;;;;;;;;;
Energy;"CDA T P-Values";;;;;;;;;;;;;;;;;;;;;
Energy;Wilcoxon;;;;;;;;;;;;;;;;;;;;;
Energy;"Wilcoxon P-Values";;;;;;;;;;;;;;;;;;;;;
"Information Technology";"Average Abnormal Return (AAR)";0.0051;-0.0052;-0.0068;-0.0057;-0.0082;0.0012;0.0012;0.0008;0.0108;-0.0049;0.031;-0.0089;0.0012;0.0012;0.016;0.0031;0.0009;0.0059;0.0068;0.0012;0.0012
"Information Technology";N;32;32;32;32;32;32;32;32;32;32;32;32;32;32;32;32;32;32;32;32;32
"Information Technology";Pos:Neg;22:10;14:18;13:19;19:13;11:21;25:7;25:7;17:15;22:10;13:19;29:3;6:26;25:7;25:7;22:10;23:9;19:13;19:13;17:15;25:7;25:7
"Information Technology";"Patell Z";1.7187;-2.7096;-2.8501;-0.6157;-2.2508;0.3506;0.3506;0.3781;3.2121;-1.3568;9.5442;-3.3779;0.3506;0.3506;3.4853;1.0441;0.5777;1.5925;1.9953;0.3506;0.3506
"Information Technology";"Patell Z P-Values";0.0857;0.0067;0.0044;0.5381;0.0244;0.7259;0.7259;0.7053;0.0013;0.1749;1.3717E-21;0.0007;0.7259;0.7259;0.0005;0.2964;0.5635;0.1113;0.046;0.7259;0.7259
"Information Technology";"Generalized Sign Z";;;;;;;;;;;;;;;;;;;;;
"Information Technology";"Generalized Sign Z P-Values";;;;;;;;;;;;;;;;;;;;;
"Information Technology";"Sign Z";;;;;;;;;;;;;;;;;;;;;
"Information Technology";"Sign Z P-Values";;;;;;;;;;;;;;;;;;;;;
"Information Technology";"Csect T";2.6245;-1.211;-1.228;-0.6581;-1.8001;4.742;4.742;0.3068;3.4156;-1.6496;6.8056;-3.4638;4.742;4.742;2.4873;0.4291;0.188;1.2894;1.5639;4.742;4.742
"Information Technology";"Csect T P-Values";0.0134;0.235;0.2287;0.5153;0.0816;0;0;0.761;0.0018;0.1091;1.2693E-7;0.0016;0;0;0.0185;0.6708;0.8521;0.2068;0.128;0;0
"Information Technology";"StdCSect T";2.4342;-1.7567;-1.2653;-0.346;-1.7302;4.6303;4.6303;0.4542;3.6399;-1.4124;6.5183;-4.117;4.6303;4.6303;1.2568;0.5689;0.3145;0.9432;1.4636;4.6303;4.6303
"Information Technology";"StdCSect T P-Values";0.0209;0.0888;0.2152;0.7317;0.0935;0.0001;0.0001;0.6529;0.001;0.1678;2.8336E-7;0.0003;0.0001;0.0001;0.2182;0.5735;0.7552;0.3529;0.1534;0.0001;0.0001
"Information Technology";"Rank Z";;;;;;;;;;;;;;;;;;;;;
"Information Technology";"Rank Z P-Values";;;;;;;;;;;;;;;;;;;;;
"Information Technology";"Generalized Rank T";;;;;;;;;;;;;;;;;;;;;
"Information Technology";"Generalized Rank T P-Values";;;;;;;;;;;;;;;;;;;;;
"Information Technology";"Generalized Rank Z";;;;;;;;;;;;;;;;;;;;;
"Information Technology";"Generalized Rank Z P-Values";;;;;;;;;;;;;;;;;;;;;
"Information Technology";"Adjusted Patell Z";;;;;;;;;;;;;;;;;;;;;
"Information Technology";"Adjusted Patell Z P-Values";;;;;;;;;;;;;;;;;;;;;
"Information Technology";"Adjusted StdCSect T";;;;;;;;;;;;;;;;;;;;;
"Information Technology";"Adjusted StdCSect T P-Values";;;;;;;;;;;;;;;;;;;;;
"Information Technology";"Skewness-Corrected T";;;;;;;;;;;;;;;;;;;;;
"Information Technology";"Skewness-Corrected T P-Values";;;;;;;;;;;;;;;;;;;;;
"Information Technology";"CDA T";;;;;;;;;;;;;;;;;;;;;
"Information Technology";"CDA T P-Values";;;;;;;;;;;;;;;;;;;;;
"Information Technology";Wilcoxon;;;;;;;;;;;;;;;;;;;;;
"Information Technology";"Wilcoxon P-Values";;;;;;;;;;;;;;;;;;;;;
