event_id;firm_id;gics_sector;gics_industry_group;country_iso;car;bhar;russia_exposure;ru_supplier;ru_customer;n_ru_suppliers;n_ru_customers;financial;car_win
10001;1CNHI IM Equity;Industrials;Machinery;GB;0.01249999999999999;0.0124;1;1;0;3;0;0;0.01249999999999999
10002;1COV GY Equity;Materials;Chemicals;DE;-0.12029999999999999;-0.1029;0;0;0;0;0;0;-0.12029999999999999
10003;2462936D LN Equity;Industrials;Trading Companies & Distributors;GB;0.14079999999999998;0.1363;0;0;0;0;0;0;0.14079999999999998
10004;2655007D LN Equity;Financials;Financial Services;GB;-0.018299999999999976;-0.0188;0;0;0;0;0;1;-0.018299999999999976
10005;A2A IM Equity;Utilities;Multi-Utilities;IT;0.02850000000000001;0.0238;0;0;0;0;0;0;0.02850000000000001
10006;AAK SS Equity;Consumer Staples;Food Products;SE;-0.021000000000000008;-0.0177;0;0;0;0;0;0;-0.021000000000000008
10007;AAL LN Equity;Materials;Metals & Mining;GB;0.21550000000000002;0.2125;1;1;0;1;0;0;0.21550000000000002
10008;AALB NA Equity;Industrials;Machinery;NL;-0.0878;-0.074;0;0;0;0;0;0;-0.0878
10009;ABBN SE Equity;Industrials;Electrical Equipment;CH;0.06480000000000001;0.0606;1;1;1;1;1;0;0.06480000000000001
10010;ABDN LN Equity;Financials;Capital Markets;GB;-0.15270000000000003;-0.1262;0;0;0;0;0;1;-0.15270000000000003
10011;ABF LN Equity;Consumer Staples;Food Products;GB;-0.0458;-0.0447;0;0;0;0;0;0;-0.0458
10012;ABI BB Equity;Consumer Staples;Beverages;BE;-0.028799999999999996;-0.0309;1;1;1;2;2;0;-0.028799999999999996
10013;ABN NA Equity;Financials;Banks;NL;-0.2065;-0.1816;0;0;0;0;0;1;-0.2065
10014;AC FP Equity;Consumer Discretionary;Hotels, Restaurants & Leisure;FR;-0.1424;-0.124;0;0;0;0;0;0;-0.1424
10015;ACA FP Equity;Financials;Banks;FR;-0.28059999999999996;-0.2366;0;0;0;0;0;1;-0.28059999999999996
10016;ACKB BB Equity;Industrials;Construction & Engineering;BE;-0.06400000000000002;-0.0631;0;0;0;0;0;0;-0.06400000000000002
10017;ACS SQ Equity;Industrials;Construction & Engineering;ES;0.03570000000000001;0.0314;0;0;0;0;0;0;0.03570000000000001
10018;AD NA Equity;Consumer Staples;Consumer Staples Distribution & Retail;NL;-0.027999999999999966;-0.0301;0;0;0;0;0;0;-0.027999999999999966
10019;ADDTB SS Equity;Industrials;Trading Companies & Distributors;SE;0.1398;0.1217;0;0;0;0;0;0;0.1398
10020;ADE NO Equity;Communication Services;Interactive Media & Services;NO;0.3634;0.3092;0;0;0;0;0;0;0.3507439999999999
10021;ADEN SE Equity;Industrials;Professional Services;CH;-0.010800000000000002;-0.011;0;0;0;0;0;0;-0.010800000000000002
10022;ADM LN Equity;Financials;Insurance;GB;-0.11950000000000001;-0.1163;0;0;0;0;0;1;-0.11950000000000001
10023;ADP FP Equity;Industrials;Transportation Infrastructure;FR;-0.052599999999999994;-0.0518;1;0;1;0;4;0;-0.052599999999999994
10024;ADS GY Equity;Consumer Discretionary;Textiles, Apparel & Luxury Goods;DE;-0.0696;-0.0573;1;1;0;1;0;0;-0.0696
10025;ADYEN NA Equity;Financials;Financial Services;NL;0.12209999999999997;0.0994;0;0;0;0;0;1;0.12209999999999997
10026;AED BB Equity;Real Estate;Health Care REITs;BE;0.09279999999999998;0.0878;0;0;0;0;0;0;0.09279999999999998
10027;AENA SQ Equity;Industrials;Transportation Infrastructure;ES;-0.0691;-0.0637;1;0;1;0;1;0;-0.0691
10028;AFRY SS Equity;Industrials;Professional Services;SE;0.022500000000000003;0.0193;0;0;0;0;0;0;0.022500000000000003
10029;AFX GY Equity;Health Care;Health Care Equipment & Supplies;DE;0.20650000000000002;0.1914;0;0;0;0;0;0;0.20650000000000002
10030;AG1 GY Equity;Consumer Discretionary;Specialty Retail;DE;0.11559999999999998;0.0831;0;0;0;0;0;0;0.11559999999999998
10031;AGN NA Equity;Financials;Insurance;NL;-0.12650000000000003;-0.1135;0;0;0;0;0;1;-0.12650000000000003
10032;AGS BB Equity;Financials;Insurance;BE;-0.015299999999999994;-0.0182;0;0;0;0;0;1;-0.015299999999999994
10033;AHT LN Equity;Industrials;Trading Companies & Distributors;GB;0.13750000000000004;0.1215;0;0;0;0;0;0;0.13750000000000004
10034;AI FP Equity;Materials;Chemicals;FR;0.08580000000000002;0.0814;1;1;1;1;4;0;0.08580000000000002
10035;AIR FP Equity;Industrials;Aerospace & Defense;NL;-0.028400000000000005;-0.0292;1;1;1;7;12;0;-0.028400000000000005
10036;AKE FP Equity;Materials;Chemicals;FR;-0.1443;-0.1288;0;0;0;0;0;0;-0.1443
10037;AKRBP NO Equity;Energy;Oil, Gas & Consumable Fuels;NO;0.3032;0.2891;0;0;0;0;0;0;0.3032
10038;AKZA NA Equity;Materials;Chemicals;NL;-0.1001;-0.0883;1;0;1;0;1;0;-0.1001
10039;ALC SE Equity;Health Care;Health Care Equipment & Supplies;CH;0.1344;0.1289;0;0;0;0;0;0;0.1344
10040;ALE PW Equity;Consumer Discretionary;Broadline Retail;PL;-0.18529999999999994;-0.165;0;0;0;0;0;0;-0.18529999999999994
10041;ALFA SS Equity;Industrials;Machinery;SE;0.19829999999999998;0.1783;1;1;1;1;1;0;0.19829999999999998
10042;ALIFB SS Equity;Health Care;Life Sciences Tools & Services;SE;0.33000000000000007;0.2821;0;0;0;0;0;0;0.33000000000000007
10043;ALKB DC Equity;Health Care;Pharmaceuticals;DK;0.14029999999999998;0.1319;0;0;0;0;0;0;0.14029999999999998
10044;ALLFG NA Equity;Financials;Capital Markets;GB;-0.10220000000000001;-0.0759;0;0;0;0;0;1;-0.10220000000000001
10045;ALLN SE Equity;Real Estate;Real Estate Management & Development;CH;0.07650000000000001;0.076;0;0;0;0;0;0;0.07650000000000001
10046;ALO FP Equity;Industrials;Machinery;FR;-0.17899999999999996;-0.1482;0;0;0;0;0;0;-0.17899999999999996
10047;ALV GY Equity;Financials;Insurance;DE;-0.13300000000000006;-0.119;0;0;0;0;0;1;-0.13300000000000006
10048;AMBUB DC Equity;Health Care;Health Care Equipment & Supplies;DK;0.0692;0.0482;0;0;0;0;0;0;0.0692
10049;AMP IM Equity;Health Care;Health Care Providers & Services;IT;0.17079999999999995;0.1607;0;0;0;0;0;0;0.17079999999999995
10050;AMS SE Equity;Information Technology;Semiconductors & Semiconductor Equipment;AT;-0.08650000000000001;-0.0672;0;0;0;0;0;0;-0.08650000000000001
10051;AMS SQ Equity;Consumer Discretionary;Hotels, Restaurants & Leisure;ES;-0.023799999999999998;-0.0251;1;0;1;0;3;0;-0.023799999999999998
10052;AMUN FP Equity;Financials;Capital Markets;FR;-0.10170000000000001;-0.0865;0;0;0;0;0;1;-0.10170000000000001
10053;ANA SQ Equity;Utilities;Electric Utilities;ES;0.0624;0.0548;0;0;0;0;0;0;0.0624
10054;ANDR AV Equity;Industrials;Machinery;AT;-0.1322;-0.1087;1;0;1;0;5;0;-0.1322
10055;ANTO LN Equity;Materials;Metals & Mining;CL;0.32310000000000005;0.3137;0;0;0;0;0;0;0.32310000000000005
10056;ARCAD NA Equity;Industrials;Professional Services;NL;0.08060000000000006;0.0681;0;0;0;0;0;0;0.08060000000000006
10057;ARGX BB Equity;Health Care;Biotechnology;BE;0.05850000000000003;0.0521;0;0;0;0;0;0;0.05850000000000003
10058;ASM NA Equity;Information Technology;Semiconductors & Semiconductor Equipment;NL;0.189;0.1639;0;0;0;0;0;0;0.189
10059;ASML NA Equity;Information Technology;Semiconductors & Semiconductor Equipment;NL;0.15640000000000004;0.1368;0;0;0;0;0;0;0.15640000000000004
10060;ASRNL NA Equity;Financials;Insurance;NL;-0.12410000000000002;-0.1133;0;0;0;0;0;1;-0.12410000000000002
10061;ASSAB SS Equity;Industrials;Building Products;SE;0.017499999999999995;0.0155;0;0;0;0;0;0;0.017499999999999995
10062;AT1 GY Equity;Real Estate;Real Estate Management & Development;LU;0.007000000000000001;0.001;0;0;0;0;0;0;0.007000000000000001
10063;ATCOA SS Equity;Industrials;Machinery;SE;0.07850000000000001;0.0682;0;0;0;0;0;0;0.07850000000000001
10064;ATE FP Equity;Information Technology;IT Services;FR;-0.019900000000000015;-0.0182;0;0;0;0;0;0;-0.019900000000000015
10065;ATL IM Equity;Industrials;Transportation Infrastructure;IT;0.0259;0.0229;0;0;0;0;0;0;0.0259
10066;ATO FP Equity;Information Technology;IT Services;FR;-0.0764;-0.0839;1;0;1;0;1;0;-0.0764
10067;AUTO LN Equity;Communication Services;Interactive Media & Services;GB;0.08719999999999997;0.0838;0;0;0;0;0;0;0.08719999999999997
10068;AUTO NO Equity;Industrials;Machinery;NO;0.6388;0.5655;0;0;0;0;0;0;0.3507439999999999
10069;AV/ LN Equity;Financials;Insurance;GB;-0.05219999999999999;-0.0497;0;0;0;0;0;1;-0.05219999999999999
10070;AVOL SE Equity;Consumer Discretionary;Specialty Retail;CH;-0.0983;-0.077;1;1;1;2;1;0;-0.0983
10071;AVST LN Equity;Information Technology;Software;CZ;0.0379;0.0384;0;0;0;0;0;0;0.0379
10072;AVV LN Equity;Information Technology;Software;GB;0.027099999999999996;0.0215;1;0;1;0;1;0;0.027099999999999996
10073;AZA SS Equity;Financials;Capital Markets;SE;-0.181;-0.1458;0;0;0;0;0;1;-0.181
10074;AZN LN Equity;Health Care;Pharmaceuticals;GB;0.11870000000000003;0.1108;0;0;0;0;0;0;0.11870000000000003
10075;BA/ LN Equity;Industrials;Aerospace & Defense;GB;0.1906;0.1931;0;0;0;0;0;0;0.1906
10076;BAER SE Equity;Financials;Capital Markets;CH;-0.06789999999999999;-0.0594;0;0;0;0;0;1;-0.06789999999999999
10077;BAKKA NO Equity;Consumer Staples;Food Products;FO;0.020399999999999995;0.0148;0;0;0;0;0;0;0.020399999999999995
10078;BALDB SS Equity;Real Estate;Real Estate Management & Development;SE;0.031200000000000006;0.0249;0;0;0;0;0;0;0.031200000000000006
10079;BALN SE Equity;Financials;Insurance;CH;-0.04650000000000001;-0.0434;0;0;0;0;0;1;-0.04650000000000001
10080;BAMI IM Equity;Financials;Banks;IT;-0.29790000000000005;-0.2458;0;0;0;0;0;1;-0.29790000000000005
10081;BANB SE Equity;Health Care;Life Sciences Tools & Services;CH;0.2666;0.2556;0;0;0;0;0;0;0.2666
10082;BARC LN Equity;Financials;Banks;GB;-0.12860000000000002;-0.1119;0;0;0;0;0;1;-0.12860000000000002
10083;BARN SE Equity;Consumer Staples;Food Products;CH;0.0797;0.0788;0;0;0;0;0;0;0.0797
10084;BAS GY Equity;Materials;Chemicals;DE;-0.20560000000000003;-0.1753;1;1;1;3;2;0;-0.20560000000000003
10085;BATS LN Equity;Consumer Staples;Tobacco;GB;-0.09659999999999998;-0.097;0;0;0;0;0;0;-0.09659999999999998
10086;BAYN GY Equity;Health Care;Pharmaceuticals;DE;0.0103;0.0063;0;0;0;0;0;0;0.0103
10087;BBOX LN Equity;Real Estate;Industrial REITs;GB;0.0415;0.0392;0;0;0;0;0;0;0.0415
10088;BBVA SQ Equity;Financials;Banks;ES;-0.10030000000000001;-0.0876;1;1;0;1;0;1;-0.10030000000000001
10089;BC8 GY Equity;Information Technology;IT Services;DE;0.035500000000000004;0.0312;0;0;0;0;0;0;0.035500000000000004
10090;BEAN SE Equity;Industrials;Building Products;CH;0.1467;0.1394;0;0;0;0;0;0;0.1467
10091;BEI GY Equity;Consumer Staples;Personal Care Products;DE;0.010699999999999998;0.0066;1;0;1;0;2;0;0.010699999999999998
10092;BEIJB SS Equity;Industrials;Trading Companies & Distributors;SE;0.15250000000000002;0.1296;0;0;0;0;0;0;0.15250000000000002
10093;BESI NA Equity;Information Technology;Semiconductors & Semiconductor Equipment;NL;0.09619999999999995;0.0832;0;0;0;0;0;0;0.09619999999999995
10094;BEZ LN Equity;Financials;Insurance;GB;-0.1532;-0.142;0;0;0;0;0;1;-0.1532
10095;BG AV Equity;Financials;Banks;AT;-0.12250000000000003;-0.1082;0;0;0;0;0;1;-0.12250000000000003
10096;BILL SS Equity;Materials;Containers & Packaging;SE;0.0024999999999999974;0.0029;0;0;0;0;0;0;0.0024999999999999974
10097;BIM FP Equity;Health Care;Health Care Equipment & Supplies;FR;-0.1696;-0.1597;0;0;0;0;0;0;-0.1696
10098;BIRG ID Equity;Financials;Banks;IE;-0.17640000000000003;-0.1561;0;0;0;0;0;1;-0.17640000000000003
10099;BKG LN Equity;Consumer Discretionary;Household Durables;GB;0.02310000000000001;0.0213;0;0;0;0;0;0;0.02310000000000001
10100;BKT SQ Equity;Financials;Banks;ES;-0.26189999999999997;-0.2254;0;0;0;0;0;1;-0.26189999999999997
10101;BLND LN Equity;Real Estate;Diversified REITs;GB;-0.0566;-0.0538;1;0;1;0;1;0;-0.0566
10102;BME LN Equity;Consumer Discretionary;Broadline Retail;GB;0.10149999999999999;0.101;0;0;0;0;0;0;0.10149999999999999
10103;BMW GY Equity;Consumer Discretionary;Automobiles;DE;-0.15769999999999998;-0.1351;1;1;0;1;0;0;-0.15769999999999998
10104;BN FP Equity;Consumer Staples;Food Products;FR;-0.05939999999999998;-0.0579;1;1;1;2;6;0;-0.05939999999999998
10105;BNP FP Equity;Financials;Banks;FR;-0.2257;-0.1923;0;0;0;0;0;1;-0.2257
10106;BNR GY Equity;Industrials;Trading Companies & Distributors;DE;-0.02289999999999999;-0.0228;0;0;0;0;0;0;-0.02289999999999999
10107;BNZL LN Equity;Industrials;Trading Companies & Distributors;GB;0.11779999999999999;0.1143;0;0;0;0;0;0;0.11779999999999999
10108;BOL FP Equity;Energy;Oil, Gas & Consumable Fuels;FR;-0.015299999999999996;-0.0137;0;0;0;0;0;0;-0.015299999999999996
10109;BOL SS Equity;Materials;Metals & Mining;SE;0.21250000000000002;0.2116;1;0;1;0;1;0;0.21250000000000002
10110;BOSS GY Equity;Consumer Discretionary;Textiles, Apparel & Luxury Goods;DE;-0.12130000000000002;-0.1072;0;0;0;0;0;0;-0.12130000000000002
10111;BP/ LN Equity;Energy;Oil, Gas & Consumable Fuels;GB;-0.05349999999999999;-0.048;1;0;1;0;1;0;-0.05349999999999999
10112;BPT LN Equity;Financials;Capital Markets;GB;-0.09030000000000002;-0.0763;0;0;0;0;0;1;-0.09030000000000002
10113;BRBY LN Equity;Consumer Discretionary;Textiles, Apparel & Luxury Goods;GB;-0.0685;-0.0648;0;0;0;0;0;0;-0.0685
10114;BT/A LN Equity;Communication Services;Diversified Telecommunication Services;GB;-0.11149999999999999;-0.104;0;0;0;0;0;0;-0.11149999999999999
10115;BTRW LN Equity;Consumer Discretionary;Household Durables;GB;0.01750000000000001;0.0115;0;0;0;0;0;0;0.01750000000000001
10116;BUCN SE Equity;Industrials;Machinery;CH;-0.006100000000000008;-0.0063;1;1;0;1;0;0;-0.006100000000000008
10117;BVI FP Equity;Industrials;Professional Services;FR;0.0851;0.0793;1;0;1;0;1;0;0.0851
10118;BVIC LN Equity;Consumer Staples;Beverages;GB;-0.0735;-0.0668;0;0;0;0;0;0;-0.0735
10119;BWY LN Equity;Consumer Discretionary;Household Durables;GB;0.026900000000000007;0.0222;0;0;0;0;0;0;0.026900000000000007
10120;BYG LN Equity;Real Estate;Specialized REITs;GB;0.005599999999999992;0.0047;0;0;0;0;0;0;0.005599999999999992
10121;CA FP Equity;Consumer Staples;Consumer Staples Distribution & Retail;FR;0.025199999999999997;0.0232;1;1;0;2;0;0;0.025199999999999997
10122;CABK SQ Equity;Financials;Banks;ES;-0.2403;-0.2165;0;0;0;0;0;1;-0.2403
10123;CAP FP Equity;Information Technology;IT Services;FR;0.0007000000000000187;0.0005;0;0;0;0;0;0;0.0007000000000000187
10124;CARLB DC Equity;Consumer Staples;Beverages;DK;-0.19329999999999997;-0.1714;0;0;0;0;0;0;-0.19329999999999997
10125;CAST SS Equity;Real Estate;Real Estate Management & Development;SE;0.0951;0.0825;0;0;0;0;0;0;0.0951
10126;CBG LN Equity;Financials;Banks;GB;-0.018800000000000004;-0.0186;0;0;0;0;0;1;-0.018800000000000004
10127;CBK GY Equity;Financials;Banks;DE;-0.36429999999999996;-0.3184;0;0;0;0;0;1;-0.36429999999999996
10128;CCH LN Equity;Consumer Staples;Beverages;CH;-0.3269;-0.2551;0;0;0;0;0;0;-0.3269
10129;CDI FP Equity;Consumer Discretionary;Textiles, Apparel & Luxury Goods;FR;0.021399999999999995;0.0182;0;0;0;0;0;0;0.021399999999999995
10130;CDR PW Equity;Communication Services;Entertainment;PL;-0.0482;-0.0466;0;0;0;0;0;0;-0.0482
10131;CFR SE Equity;Consumer Discretionary;Textiles, Apparel & Luxury Goods;CH;-0.018099999999999995;-0.0154;0;0;0;0;0;0;-0.018099999999999995
10132;CHR DC Equity;Materials;Chemicals;DK;0.1069;0.1013;0;0;0;0;0;0;0.1069
10133;CLN SE Equity;Materials;Chemicals;CH;-0.1437;-0.1354;0;0;0;0;0;0;-0.1437
10134;CLNX SQ Equity;Communication Services;Diversified Telecommunication Services;ES;0.1934;0.1845;0;0;0;0;0;0;0.1934
10135;CNA LN Equity;Utilities;Multi-Utilities;GB;-0.029599999999999987;-0.0308;0;0;0;0;0;0;-0.029599999999999987
10136;CNP FP Equity;Financials;Insurance;FR;-0.0598;-0.0613;0;0;0;0;0;1;-0.0598
10137;COFB BB Equity;Real Estate;Health Care REITs;BE;0.06920000000000001;0.0624;0;0;0;0;0;0;0.06920000000000001
10138;COL SQ Equity;Real Estate;Office REITs;ES;0.05089999999999998;0.0449;0;0;0;0;0;0;0.05089999999999998
10139;COLOB DC Equity;Health Care;Health Care Equipment & Supplies;DK;0.16990000000000002;0.1656;0;0;0;0;0;0;0.16990000000000002
10140;COLR BB Equity;Consumer Staples;Consumer Staples Distribution & Retail;BE;0.010999999999999996;0.0095;0;0;0;0;0;0;0.010999999999999996
10141;CON GY Equity;Consumer Discretionary;Automobile Components;DE;-0.21789999999999995;-0.1772;0;0;0;0;0;0;-0.21789999999999995
10142;COV FP Equity;Real Estate;Diversified REITs;FR;-0.06399999999999997;-0.0622;0;0;0;0;0;0;-0.06399999999999997
10143;CPG LN Equity;Consumer Discretionary;Hotels, Restaurants & Leisure;GB;-0.04989999999999999;-0.0471;0;0;0;0;0;0;-0.04989999999999999
10144;CPR IM Equity;Consumer Staples;Beverages;IT;-0.04290000000000003;-0.0437;0;0;0;0;0;0;-0.04290000000000003
10145;CRDA LN Equity;Materials;Chemicals;GB;0.1048;0.0972;0;0;0;0;0;0;0.1048
10146;CRH ID Equity;Materials;Construction Materials;IE;-0.11849999999999998;-0.1062;0;0;0;0;0;0;-0.11849999999999998
10147;CS FP Equity;Financials;Insurance;FR;-0.17990000000000006;-0.1576;0;0;0;0;0;1;-0.17990000000000006
10148;CSGN SE Equity;Financials;Capital Markets;CH;-0.04590000000000001;-0.0408;0;0;0;0;0;1;-0.04590000000000001
10149;CSP LN Equity;Consumer Discretionary;Household Durables;GB;0.0651;0.0517;0;0;0;0;0;0;0.0651
10150;CTEC LN Equity;Health Care;Health Care Equipment & Supplies;GB;0.11530000000000001;0.1079;0;0;0;0;0;0;0.11530000000000001
10151;DANSKE DC Equity;Financials;Banks;DK;-0.20429999999999993;-0.1742;0;0;0;0;0;1;-0.20429999999999993
10152;DB1 GY Equity;Financials;Capital Markets;DE;-0.08080000000000001;-0.0761;0;0;0;0;0;1;-0.08080000000000001
10153;DBK GY Equity;Financials;Capital Markets;DE;-0.3748;-0.3005;0;0;0;0;0;1;-0.3748
10154;DCC LN Equity;Energy;Oil, Gas & Consumable Fuels;IE;-0.0649;-0.0596;1;0;1;0;1;0;-0.0649
10155;DEMANT DC Equity;Health Care;Health Care Equipment & Supplies;DK;0.15430000000000002;0.1423;0;0;0;0;0;0;0.15430000000000002
10156;DG FP Equity;Industrials;Construction & Engineering;FR;-0.0858;-0.0776;1;1;0;1;0;0;-0.0858
10157;DGE LN Equity;Consumer Staples;Beverages;GB;0.04299999999999998;0.0391;1;0;1;0;1;0;0.04299999999999998
10158;DHER GY Equity;Consumer Discretionary;Hotels, Restaurants & Leisure;DE;0.35289999999999994;0.2743;0;0;0;0;0;0;0.3507439999999999
10159;DHL GY Equity;Industrials;Air Freight & Logistics;DE;-0.11104710219999998;-0.0931;1;1;0;1;0;0;-0.11104710219999998
10160;DIA IM Equity;Health Care;Health Care Equipment & Supplies;IT;0.1478;0.137;0;0;0;0;0;0;0.1478
10161;DIE BB Equity;Consumer Discretionary;Distributors;BE;0.006400000000000003;0.0074;0;0;0;0;0;0;0.006400000000000003
10162;DIM FP Equity;Health Care;Life Sciences Tools & Services;FR;-0.04619999999999998;-0.0451;0;0;0;0;0;0;-0.04619999999999998
10163;DLG LN Equity;Financials;Insurance;GB;-0.1108;-0.1056;0;0;0;0;0;1;-0.1108
10164;DLN LN Equity;Real Estate;Office REITs;GB;-0.03610000000000001;-0.0341;0;0;0;0;0;0;-0.03610000000000001
10165;DNB NO Equity;Financials;Banks;NO;0.0165;0.0136;0;0;0;0;0;1;0.0165
10166;DNP PW Equity;Consumer Staples;Consumer Staples Distribution & Retail;PL;-0.04229999999999999;-0.0495;0;0;0;0;0;0;-0.04229999999999999
10167;DOCM SE Equity;Consumer Staples;Consumer Staples Distribution & Retail;CH;-0.127;-0.1096;0;0;0;0;0;0;-0.127
10168;DOCS LN Equity;Consumer Discretionary;Textiles, Apparel & Luxury Goods;GB;0.11279999999999998;0.0962;0;0;0;0;0;0;0.11279999999999998
10169;DOM SS Equity;Consumer Discretionary;Automobile Components;SE;-0.0306;-0.0271;0;0;0;0;0;0;-0.0306
10170;DPH LN Equity;Health Care;Pharmaceuticals;GB;0.22250000000000003;0.2148;0;0;0;0;0;0;0.22250000000000003
10171;DPLM LN Equity;Industrials;Trading Companies & Distributors;GB;0.10710000000000001;0.0967;0;0;0;0;0;0;0.10710000000000001
10172;DRX LN Equity;Utilities;Independent Power and Renewable Electricity Producers;GB;0.15480000000000005;0.1466;0;0;0;0;0;0;0.15480000000000005
10173;DSM NA Equity;Materials;Chemicals;NL;0.12220000000000002;0.1157;1;0;1;0;1;0;0.12220000000000002
10174;DSV DC Equity;Industrials;Air Freight & Logistics;DK;0.091;0.0815;0;0;0;0;0;0;0.091
10175;DSY FP Equity;Information Technology;Software;FR;0.15480000000000002;0.1479;1;0;1;0;3;0;0.15480000000000002
10176;DTE GY Equity;Communication Services;Diversified Telecommunication Services;DE;-0.06820000000000001;-0.0631;0;0;0;0;0;0;-0.06820000000000001
10177;DTG GY Equity;Industrials;Machinery;DE;-0.47840000000000005;-0.4243;1;1;1;1;1;0;-0.47840000000000005
10178;EBS AV Equity;Financials;Banks;AT;-0.3737000000000001;-0.3075;0;0;0;0;0;1;-0.3737000000000001
10179;EDEN FP Equity;Financials;Financial Services;FR;0.17510000000000003;0.1615;0;0;0;0;0;1;0.17510000000000003
10180;EDF FP Equity;Utilities;Electric Utilities;FR;0.019199999999999995;0.0132;1;1;1;1;1;0;0.019199999999999995
10181;EDP PL Equity;Utilities;Electric Utilities;PT;0.08100000000000002;0.0713;0;0;0;0;0;0;0.08100000000000002
10182;EDPR PL Equity;Utilities;Independent Power and Renewable Electricity Producers;ES;0.35069999999999996;0.3454;0;0;0;0;0;0;0.35069999999999996
10183;EKTAB SS Equity;Health Care;Health Care Equipment & Supplies;SE;-0.14099999999999993;-0.1232;0;0;0;0;0;0;-0.14099999999999993
10184;EL FP Equity;Health Care;Health Care Equipment & Supplies;FR;-0.029100000000000008;-0.024;0;0;0;0;0;0;-0.029100000000000008
10185;ELE SQ Equity;Utilities;Electric Utilities;ES;0.015299999999999994;0.0088;0;0;0;0;0;0;0.015299999999999994
10186;ELI BB Equity;Utilities;Electric Utilities;BE;0.1341;0.1343;0;0;0;0;0;0;0.1341
10187;ELIS FP Equity;Industrials;Commercial Services & Supplies;FR;-0.16630000000000003;-0.1402;0;0;0;0;0;0;-0.16630000000000003
10188;ELISA FH Equity;Communication Services;Diversified Telecommunication Services;FI;0.0144;0.0122;0;0;0;0;0;0;0.0144
10189;ELUXB SS Equity;Consumer Discretionary;Household Durables;SE;-0.07089999999999999;-0.061;1;0;1;0;1;0;-0.07089999999999999
10190;EMEIS FP Equity;Health Care;Health Care Providers & Services;FR;0.1884;0.1533;0;0;0;0;0;0;0.1884
10191;EMG LN Equity;Financials;Capital Markets;GB;0.08129999999999998;0.0691;0;0;0;0;0;1;0.08129999999999998
10192;EMSN SE Equity;Materials;Chemicals;CH;0.0474;0.0446;0;0;0;0;0;0;0.0474
10193;EN FP Equity;Industrials;Construction & Engineering;FR;-0.008300000000000002;-0.009;0;0;0;0;0;0;-0.008300000000000002
10194;ENEL IM Equity;Utilities;Electric Utilities;IT;-0.0045999999999999895;-0.008;1;1;1;1;1;0;-0.0045999999999999895
10195;ENG SQ Equity;Utilities;Gas Utilities;ES;0.03410000000000001;0.0327;0;0;0;0;0;0;0.03410000000000001
10196;ENGI FP Equity;Utilities;Multi-Utilities;FR;-0.2734000000000001;-0.2444;1;1;1;1;2;0;-0.2734000000000001
10197;ENI IM Equity;Energy;Oil, Gas & Consumable Fuels;IT;0.03360000000000001;0.0278;1;1;1;4;2;0;0.03360000000000001
10198;ENR GY Equity;Industrials;Electrical Equipment;DE;0.22190000000000001;0.1976;0;0;0;0;0;0;0.22190000000000001
10199;ENT LN Equity;Consumer Discretionary;Hotels, Restaurants & Leisure;GB;0.06669999999999998;0.0582;0;0;0;0;0;0;0.06669999999999998
10200;ENX FP Equity;Financials;Capital Markets;NL;0.0468;0.0438;0;0;0;0;0;1;0.0468
10201;EOAN GY Equity;Utilities;Multi-Utilities;DE;-0.1022;-0.0987;1;1;1;1;1;0;-0.1022
10202;EPIA SS Equity;Industrials;Machinery;SE;0.05449999999999999;0.0478;0;0;0;0;0;0;0.05449999999999999
10203;EQNR NO Equity;Energy;Oil, Gas & Consumable Fuels;NO;0.1735;0.1685;1;1;0;1;0;0;0.1735
10204;EQT SS Equity;Financials;Capital Markets;SE;-0.0185;-0.0168;0;0;0;0;0;1;-0.0185
10205;ERF FP Equity;Health Care;Life Sciences Tools & Services;LU;0.0659;0.0633;0;0;0;0;0;0;0.0659
10206;ERICB SS Equity;Information Technology;Communications Equipment;SE;-0.29100000000000004;-0.2446;1;0;1;0;4;0;-0.29100000000000004
10207;ESSITYB SS Equity;Consumer Staples;Household Products;SE;-0.11810000000000001;-0.1072;0;0;0;0;0;0;-0.11810000000000001
10208;EVD GY Equity;Communication Services;Entertainment;DE;0.05170000000000001;0.0458;0;0;0;0;0;0;0.05170000000000001
10209;EVK GY Equity;Materials;Chemicals;DE;-0.1343;-0.1207;0;0;0;0;0;0;-0.1343
10210;EVO SS Equity;Consumer Discretionary;Hotels, Restaurants & Leisure;SE;0.1201;0.0976;0;0;0;0;0;0;0.1201
10211;EVT GY Equity;Health Care;Life Sciences Tools & Services;DE;0.020900000000000016;0.0143;0;0;0;0;0;0;0.020900000000000016
10212;EXO IM Equity;Financials;Financial Services;NL;-0.0458;-0.0394;0;0;0;0;0;1;-0.0458
10213;EXPN LN Equity;Industrials;Professional Services;IE;0.12460000000000002;0.1157;0;0;0;0;0;0;0.12460000000000002
10214;FABG SS Equity;Real Estate;Real Estate Management & Development;SE;0.0769;0.0679;0;0;0;0;0;0;0.0769
10215;FBK IM Equity;Financials;Banks;IT;-0.0837;-0.0755;0;0;0;0;0;1;-0.0837
10216;FDJU FP Equity;Consumer Discretionary;Hotels, Restaurants & Leisure;FR;0.045;0.0402;0;0;0;0;0;0;0.045
10217;FDR SQ Equity;Industrials;Machinery;ES;0.0941;0.0759;0;0;0;0;0;0;0.0941
10218;FER SQ Equity;Industrials;Construction & Engineering;NL;0.0921;0.0832;0;0;0;0;0;0;0.0921
10219;FGR FP Equity;Industrials;Construction & Engineering;FR;-0.0696;-0.0653;0;0;0;0;0;0;-0.0696
10220;FHZN SE Equity;Industrials;Transportation Infrastructure;CH;-0.06160000000000001;-0.0563;1;0;1;0;1;0;-0.06160000000000001
10221;FLTR ID Equity;Consumer Discretionary;Hotels, Restaurants & Leisure;US;-0.1195;-0.0964;0;0;0;0;0;0;-0.1195
10222;FME GY Equity;Health Care;Health Care Providers & Services;DE;0.008099999999999994;0.0052;0;0;0;0;0;0;0.008099999999999994
10223;FNTN GY Equity;Communication Services;Wireless Telecommunication Services;DE;-0.1194;-0.1164;0;0;0;0;0;0;-0.1194
10224;FORTUM FH Equity;Utilities;Electric Utilities;FI;-0.3669;-0.2834;1;1;1;7;6;0;-0.3669
10225;FPE3 GY Equity;Materials;Chemicals;DE;-0.02779999999999999;-0.0267;0;0;0;0;0;0;-0.02779999999999999
10226;FR FP Equity;Consumer Discretionary;Automobile Components;FR;-0.3974999999999999;-0.2975;0;0;0;0;0;0;-0.3974999999999999
10227;FRE GY Equity;Health Care;Health Care Providers & Services;DE;-0.20259999999999995;-0.1773;0;0;0;0;0;0;-0.20259999999999995
10228;FRVIA FP Equity;Consumer Discretionary;Automobile Components;FR;-0.3408;-0.2608;1;1;1;2;1;0;-0.3408
10229;FUTR LN Equity;Communication Services;Media;GB;-0.004399999999999975;-0.0057;0;0;0;0;0;0;-0.004399999999999975
10230;G IM Equity;Financials;Insurance;IT;-0.05779999999999999;-0.0535;0;0;0;0;0;1;-0.05779999999999999
10231;G1A GY Equity;Industrials;Machinery;DE;-0.06440000000000001;-0.0589;1;0;1;0;2;0;-0.06440000000000001
10232;G24 GY Equity;Communication Services;Interactive Media & Services;DE;0.1019;0.0925;0;0;0;0;0;0;0.1019
10233;GALE SE Equity;Health Care;Health Care Providers & Services;CH;0.0743;0.072;0;0;0;0;0;0;0.0743
10234;GALP PL Equity;Energy;Oil, Gas & Consumable Fuels;PT;0.16200000000000003;0.154;0;0;0;0;0;0;0.16200000000000003
10235;GAW LN Equity;Consumer Discretionary;Leisure Products;GB;-0.014299999999999995;-0.0134;0;0;0;0;0;0;-0.014299999999999995
10236;GBLB BB Equity;Financials;Financial Services;BE;0.016100000000000003;0.0141;0;0;0;0;0;1;0.016100000000000003
10237;GEBN SE Equity;Industrials;Building Products;CH;0.1312;0.126;0;0;0;0;0;0;0.1312
10238;GET FP Equity;Industrials;Transportation Infrastructure;FR;0.0726;0.0679;0;0;0;0;0;0;0.0726
10239;GETIB SS Equity;Health Care;Health Care Equipment & Supplies;SE;0.04620000000000001;0.0393;0;0;0;0;0;0;0.04620000000000001
10240;GF SE Equity;Industrials;Machinery;CH;0.011999999999999997;0.0111;1;0;1;0;1;0;0.011999999999999997
10241;GFC FP Equity;Real Estate;Office REITs;FR;-0.029799999999999993;-0.0321;0;0;0;0;0;0;-0.029799999999999993
10242;GFTU LN Equity;Industrials;Trading Companies & Distributors;IE;0.052199999999999996;0.0453;0;0;0;0;0;0;0.052199999999999996
10243;GIVN SE Equity;Materials;Chemicals;CH;0.19920000000000004;0.1982;0;0;0;0;0;0;0.19920000000000004
10244;GJF NO Equity;Financials;Insurance;NO;0.07440000000000001;0.0715;0;0;0;0;0;1;0.07440000000000001
10245;GLB ID Equity;Consumer Staples;Food Products;IE;-0.0936;-0.0921;0;0;0;0;0;0;-0.0936
10246;GLE FP Equity;Financials;Banks;FR;-0.46640000000000004;-0.3582;0;0;0;0;0;1;-0.46640000000000004
10247;GLEN LN Equity;Materials;Metals & Mining;CH;0.2377;0.237;1;1;1;10;1;0;0.2377
10248;GMAB DC Equity;Health Care;Biotechnology;DK;0.10859999999999997;0.0976;0;0;0;0;0;0;0.10859999999999997
10249;GN DC Equity;Consumer Discretionary;Household Durables;DK;-0.0038999999999999747;-0.0057;0;0;0;0;0;0;-0.0038999999999999747
10250;GNS LN Equity;Health Care;Biotechnology;GB;0.0947;0.0809;0;0;0;0;0;0;0.0947
10251;GRF SQ Equity;Health Care;Biotechnology;ES;0.2137;0.1992;0;0;0;0;0;0;0.2137
10252;GRG LN Equity;Consumer Discretionary;Hotels, Restaurants & Leisure;GB;0.0639;0.0566;0;0;0;0;0;0;0.0639
10253;GSK LN Equity;Health Care;Pharmaceuticals;GB;-0.0308;-0.0307;0;0;0;0;0;0;-0.0308
10254;GXI GY Equity;Health Care;Life Sciences Tools & Services;DE;-0.26720000000000005;-0.2265;0;0;0;0;0;0;-0.26720000000000005
10255;HAS LN Equity;Industrials;Professional Services;GB;-0.08779999999999999;-0.0772;0;0;0;0;0;0;-0.08779999999999999
10256;HBAN SE Equity;Financials;Insurance;CH;-0.06959999999999998;-0.0637;0;0;0;0;0;1;-0.06959999999999998
10257;HEI GY Equity;Materials;Construction Materials;DE;-0.167;-0.1472;0;0;0;0;0;0;-0.167
10258;HEIA NA Equity;Consumer Staples;Beverages;NL;-0.0527;-0.0504;1;1;1;1;2;0;-0.0527
10259;HEIO NA Equity;Consumer Staples;Beverages;NL;-0.0588;-0.0554;0;0;0;0;0;0;-0.0588
10260;HEN3 GY Equity;Consumer Staples;Household Products;DE;-0.11820669509999997;-0.1083;1;0;1;0;2;0;-0.11820669509999997
10261;HER IM Equity;Utilities;Multi-Utilities;IT;-0.0017000000000000023;-0.0037;0;0;0;0;0;0;-0.0017000000000000023
10262;HEXAB SS Equity;Information Technology;Electronic Equipment, Instruments & Components;SE;0.13920000000000002;0.1244;0;0;0;0;0;0;0.13920000000000002
10263;HFG GY Equity;Consumer Staples;Consumer Staples Distribution & Retail;DE;-0.09499999999999997;-0.0841;0;0;0;0;0;0;-0.09499999999999997
10264;HIK LN Equity;Health Care;Pharmaceuticals;GB;0.06269999999999999;0.0489;0;0;0;0;0;0;0.06269999999999999
10265;HL/ LN Equity;Financials;Capital Markets;GB;-0.1784;-0.1645;0;0;0;0;0;1;-0.1784
10266;HLMA LN Equity;Information Technology;Electronic Equipment, Instruments & Components;GB;0.14659999999999995;0.1356;0;0;0;0;0;0;0.14659999999999995
10267;HMB SS Equity;Consumer Discretionary;Specialty Retail;SE;-0.17659999999999998;-0.1467;0;0;0;0;0;0;-0.17659999999999998
10268;HNR1 GY Equity;Financials;Insurance;DE;-0.1158;-0.1031;0;0;0;0;0;1;-0.1158
10269;HO FP Equity;Industrials;Aerospace & Defense;FR;0.3117;0.3292;1;0;1;0;3;0;0.3117
10270;HOLMB SS Equity;Materials;Paper & Forest Products;SE;0.0483;0.0443;0;0;0;0;0;0;0.0483
10271;HOLN SE Equity;Materials;Construction Materials;CH;-0.08529999999999999;-0.0772;0;0;0;0;0;0;-0.08529999999999999
10272;HPOLB SS Equity;Materials;Chemicals;SE;-0.0495;-0.0415;0;0;0;0;0;0;-0.0495
10273;HSBA LN Equity;Financials;Banks;GB;-0.12029999999999999;-0.1103;0;0;0;0;0;1;-0.12029999999999999
10274;HSV LN Equity;Industrials;Commercial Services & Supplies;GB;-0.10740000000000001;-0.0939;0;0;0;0;0;0;-0.10740000000000001
10275;HSX LN Equity;Financials;Insurance;BM;-0.13380000000000003;-0.1305;0;0;0;0;0;1;-0.13380000000000003
10276;HUH1V FH Equity;Materials;Containers & Packaging;FI;-0.1694;-0.1476;0;0;0;0;0;0;-0.1694
10277;HUSQB SS Equity;Industrials;Machinery;SE;-0.04350000000000001;-0.0358;0;0;0;0;0;0;-0.04350000000000001
10278;HWDN LN Equity;Industrials;Trading Companies & Distributors;GB;0.1604;0.1443;0;0;0;0;0;0;0.1604
10279;IAG LN Equity;Industrials;Passenger Airlines;GB;-0.1062;-0.0841;0;0;0;0;0;0;-0.1062
10280;IBE SQ Equity;Utilities;Electric Utilities;ES;0.033800000000000004;0.027;0;0;0;0;0;0;0.033800000000000004
10281;ICG LN Equity;Financials;Capital Markets;GB;-0.029899999999999996;-0.0253;0;0;0;0;0;1;-0.029899999999999996
10282;IDS LN Equity;Industrials;Air Freight & Logistics;GB;-0.11309999999999996;-0.1;0;0;0;0;0;0;-0.11309999999999996
10283;IFX GY Equity;Information Technology;Semiconductors & Semiconductor Equipment;DE;0.021100000000000008;0.0189;0;0;0;0;0;0;0.021100000000000008
10284;IG IM Equity;Utilities;Gas Utilities;IT;0.010099999999999996;0.0078;0;0;0;0;0;0;0.010099999999999996
10285;IGG LN Equity;Financials;Capital Markets;GB;0.027000000000000007;0.0246;0;0;0;0;0;1;0.027000000000000007
10286;IHG LN Equity;Consumer Discretionary;Hotels, Restaurants & Leisure;GB;0.049699999999999994;0.04;1;1;0;1;0;0;0.049699999999999994
10287;III LN Equity;Financials;Capital Markets;GB;0.006299999999999993;0.0045;0;0;0;0;0;1;0.006299999999999993
10288;IMB LN Equity;Consumer Staples;Tobacco;GB;-0.14919999999999997;-0.1417;0;0;0;0;0;0;-0.14919999999999997
10289;IMCD NA Equity;Industrials;Trading Companies & Distributors;NL;0.1114;0.1012;0;0;0;0;0;0;0.1114
10290;IMI LN Equity;Industrials;Machinery;GB;-0.07030000000000002;-0.0625;1;0;1;0;1;0;-0.07030000000000002
10291;INCH LN Equity;Consumer Discretionary;Distributors;GB;-0.16840000000000002;-0.1509;0;0;0;0;0;0;-0.16840000000000002
10292;INDT SS Equity;Industrials;Machinery;SE;0.08460000000000001;0.072;1;0;1;0;1;0;0.08460000000000001
10293;INDUA SS Equity;Financials;Financial Services;SE;-0.07139999999999998;-0.0603;0;0;0;0;0;1;-0.07139999999999998
10294;INF LN Equity;Communication Services;Media;GB;0.0228;0.02;0;0;0;0;0;0;0.0228
10295;INGA NA Equity;Financials;Banks;NL;-0.29930000000000007;-0.2442;0;0;0;0;0;1;-0.29930000000000007
10296;INPST NA Equity;Industrials;Air Freight & Logistics;PL;-0.05120000000000002;-0.0451;0;0;0;0;0;0;-0.05120000000000002
10297;INRN SE Equity;Industrials;Machinery;CH;0.055499999999999994;0.0466;0;0;0;0;0;0;0.055499999999999994
10298;INVEB SS Equity;Financials;Financial Services;SE;0.047200000000000006;0.042;0;0;0;0;0;1;0.047200000000000006
10299;INVP LN Equity;Financials;Capital Markets;ZA;-0.12220000000000003;-0.1092;0;0;0;0;0;1;-0.12220000000000003
10300;INW IM Equity;Communication Services;Diversified Telecommunication Services;IT;0.1115;0.1067;0;0;0;0;0;0;0.1115
10301;IP IM Equity;Industrials;Machinery;IT;0.0098;0.0069;0;0;0;0;0;0;0.0098
10302;IPN FP Equity;Health Care;Pharmaceuticals;FR;0.0659;0.0617;0;0;0;0;0;0;0.0659
10303;ISP IM Equity;Financials;Banks;IT;-0.31160000000000004;-0.2526;0;0;0;0;0;1;-0.31160000000000004
10304;ISS DC Equity;Industrials;Commercial Services & Supplies;DK;-0.14969999999999997;-0.1248;0;0;0;0;0;0;-0.14969999999999997
10305;ITRK LN Equity;Industrials;Professional Services;GB;0.03810000000000002;0.0343;0;0;0;0;0;0;0.03810000000000002
10306;ITV LN Equity;Communication Services;Media;GB;-0.375;-0.3181;0;0;0;0;0;0;-0.375
10307;ITX SQ Equity;Consumer Discretionary;Specialty Retail;ES;-0.09499999999999997;-0.0812;0;0;0;0;0;0;-0.09499999999999997
10308;IVG IM Equity;Industrials;Machinery;IT;-0.0842;-0.0712;0;0;0;0;0;0;-0.0842
10309;IWG LN Equity;Real Estate;Real Estate Management & Development;CH;-0.0176;-0.0186;0;0;0;0;0;0;-0.0176
10310;JD/ LN Equity;Consumer Discretionary;Specialty Retail;GB;-0.10069999999999998;-0.081;0;0;0;0;0;0;-0.10069999999999998
10311;JDEP NA Equity;Consumer Staples;Food Products;NL;0.0793;0.067;0;0;0;0;0;0;0.0793
10312;JMAT LN Equity;Materials;Chemicals;GB;0.19410520550000004;0.1746;1;1;1;1;1;0;0.19410520550000004
10313;JMT PL Equity;Consumer Staples;Consumer Staples Distribution & Retail;PT;0.011799999999999993;0.0088;0;0;0;0;0;0;0.011799999999999993
10314;KBC BB Equity;Financials;Banks;BE;-0.25930000000000003;-0.2147;0;0;0;0;0;1;-0.25930000000000003
10315;KBX GY Equity;Industrials;Machinery;DE;-0.2042;-0.1792;1;1;1;1;4;0;-0.2042
10316;KER FP Equity;Consumer Discretionary;Textiles, Apparel & Luxury Goods;FR;0.059100000000000034;0.0494;0;0;0;0;0;0;0.059100000000000034
10317;KESKOB FH Equity;Consumer Staples;Consumer Staples Distribution & Retail;FI;-0.04620000000000001;-0.0425;0;0;0;0;0;0;-0.04620000000000001
10318;KGF LN Equity;Consumer Discretionary;Specialty Retail;GB;-0.07089999999999999;-0.0645;0;0;0;0;0;0;-0.07089999999999999
10319;KGH PW Equity;Materials;Metals & Mining;PL;0.28879999999999995;0.2641;0;0;0;0;0;0;0.28879999999999995
10320;KGX GY Equity;Industrials;Machinery;DE;-0.029899999999999996;-0.03;1;1;0;1;0;0;-0.029899999999999996
10321;KINDSDB SS Equity;Consumer Discretionary;Hotels, Restaurants & Leisure;MT;-0.005999999999999998;-0.0112;0;0;0;0;0;0;-0.005999999999999998
10322;KINVB SS Equity;Financials;Financial Services;SE;0.1248;0.1053;0;0;0;0;0;1;0.1248
10323;KNEBV FH Equity;Industrials;Machinery;FI;-0.05730000000000001;-0.0504;0;0;0;0;0;0;-0.05730000000000001
10324;KNIN SE Equity;Industrials;Marine Transportation;CH;0.19530000000000003;0.1898;1;1;0;1;0;0;0.19530000000000003
10325;KPN NA Equity;Communication Services;Diversified Telecommunication Services;NL;-0.02970000000000001;-0.0294;0;0;0;0;0;0;-0.02970000000000001
10326;KSP ID Equity;Industrials;Building Products;IE;;;0;0;0;0;0;0;
10327;KYGA ID Equity;Consumer Staples;Food Products;IE;-0.07089999999999999;-0.0706;0;0;0;0;0;0;-0.07089999999999999
10328;LAND LN Equity;Real Estate;Diversified REITs;GB;-0.0395;-0.0396;0;0;0;0;0;0;-0.0395
10329;LATOB SS Equity;Industrials;Industrial Conglomerates;SE;0.0876;0.0765;0;0;0;0;0;0;0.0876
10330;LDO IM Equity;Industrials;Aerospace & Defense;IT;0.22949999999999998;0.2223;1;1;1;2;1;0;0.22949999999999998
10331;LEG GY Equity;Real Estate;Real Estate Management & Development;DE;0.06;0.0569;0;0;0;0;0;0;0.06
10332;LGEN LN Equity;Financials;Insurance;GB;-0.018099999999999998;-0.0211;0;0;0;0;0;1;-0.018099999999999998
10333;LHA GY Equity;Industrials;Passenger Airlines;DE;-0.124;-0.1081;1;0;1;0;4;0;-0.124
10334;LI FP Equity;Real Estate;Retail REITs;FR;-0.017500000000000005;-0.0217;0;0;0;0;0;0;-0.017500000000000005
10335;LIFCOB SS Equity;Industrials;Industrial Conglomerates;SE;0.2721;0.2453;0;0;0;0;0;0;0.2721
10336;LIGHT NA Equity;Industrials;Electrical Equipment;NL;-0.021200000000000004;-0.0237;0;0;0;0;0;0;-0.021200000000000004
10337;LIN GY Equity;Materials;Chemicals;US;0.0841;0.0781;0;0;0;0;0;0;0.0841
10338;LISN SE Equity;Consumer Staples;Food Products;CH;0.0732;0.07;0;0;0;0;0;0;0.0732
10339;LLOY LN Equity;Financials;Banks;GB;-0.07629999999999998;-0.0701;0;0;0;0;0;1;-0.07629999999999998
10340;LMP LN Equity;Real Estate;Industrial REITs;GB;0.013600000000000008;0.0125;0;0;0;0;0;0;0.013600000000000008
10341;LOGN SE Equity;Information Technology;Technology Hardware, Storage & Peripherals;CH;0.07380000000000002;0.0656;0;0;0;0;0;0;0.07380000000000002
10342;LONN SE Equity;Health Care;Life Sciences Tools & Services;CH;0.1278;0.1238;0;0;0;0;0;0;0.1278
10343;LPP PW Equity;Consumer Discretionary;Textiles, Apparel & Luxury Goods;PL;-0.6966;-0.516;0;0;0;0;0;0;-0.5077299999999999
10344;LR FP Equity;Industrials;Electrical Equipment;FR;0.046299999999999994;0.0427;0;0;0;0;0;0;0.046299999999999994
10345;LSEG LN Equity;Financials;Capital Markets;GB;0.1275;0.1191;0;0;0;0;0;1;0.1275
10346;LUMO FH Equity;Real Estate;Real Estate Management & Development;FI;0.054400000000000004;0.0515;0;0;0;0;0;0;0.054400000000000004
10347;LUNDB SS Equity;Financials;Financial Services;SE;0.08370000000000001;0.0748;0;0;0;0;0;1;0.08370000000000001
10348;LXS GY Equity;Materials;Chemicals;DE;-0.24409999999999998;-0.1993;0;0;0;0;0;0;-0.24409999999999998
10349;MAERSKB DC Equity;Industrials;Marine Transportation;DK;-0.05209999999999998;-0.0505;1;1;0;2;0;0;-0.05209999999999998
10350;MB IM Equity;Financials;Banks;IT;-0.18780000000000002;-0.1607;0;0;0;0;0;1;-0.18780000000000002
10351;MBG GY Equity;Consumer Discretionary;Automobiles;DE;-0.1413;-0.1224;1;1;1;5;3;0;-0.1413
10352;MC FP Equity;Consumer Discretionary;Textiles, Apparel & Luxury Goods;FR;-0.0335;-0.0314;0;0;0;0;0;0;-0.0335
10353;METSO FH Equity;Industrials;Machinery;FI;-0.1654;-0.1327;1;1;1;2;6;0;-0.1654
10354;MF FP Equity;Financials;Financial Services;FR;0.015299999999999998;0.0122;0;0;0;0;0;1;0.015299999999999998
10355;MGGT LN Equity;Industrials;Aerospace & Defense;GB;0.04464840119999999;0.0444;1;0;1;0;2;0;0.04464840119999999
10356;MIPS SS Equity;Consumer Discretionary;Leisure Products;SE;0.1748;0.1463;0;0;0;0;0;0;0.1748
10357;MKS LN Equity;Consumer Staples;Consumer Staples Distribution & Retail;GB;-0.1162;-0.0991;0;0;0;0;0;0;-0.1162
10358;ML FP Equity;Consumer Discretionary;Automobile Components;FR;-0.21749999999999997;-0.181;1;0;1;0;2;0;-0.21749999999999997
10359;MNDI LN Equity;Materials;Paper & Forest Products;GB;-0.20600000000000002;-0.1779;0;0;0;0;0;0;-0.20600000000000002
10360;MNG LN Equity;Financials;Financial Services;GB;-0.055999999999999994;-0.0527;0;0;0;0;0;1;-0.055999999999999994
10361;MONC IM Equity;Consumer Discretionary;Textiles, Apparel & Luxury Goods;IT;-0.04769999999999999;-0.0448;0;0;0;0;0;0;-0.04769999999999999
10362;MOWI NO Equity;Consumer Staples;Food Products;NO;0.08349999999999999;0.0746;0;0;0;0;0;0;0.08349999999999999
10363;MRK GY Equity;Health Care;Pharmaceuticals;DE;0.034300000000000004;0.0305;0;0;0;0;0;0;0.034300000000000004
10364;MRL SQ Equity;Real Estate;Diversified REITs;ES;-0.05650000000000001;-0.0539;0;0;0;0;0;0;-0.05650000000000001
10365;MRO LN Equity;Industrials;Aerospace & Defense;GB;-0.0631;-0.0597;0;0;0;0;0;0;-0.0631
10366;MT NA Equity;Materials;Metals & Mining;LU;0.1254;0.1039;1;1;1;5;1;0;0.1254
10367;MTX GY Equity;Industrials;Aerospace & Defense;DE;0.12030000000000005;0.1022;1;0;1;0;1;0;0.12030000000000005
10368;MUV2 GY Equity;Financials;Insurance;DE;-0.13060000000000002;-0.1145;0;0;0;0;0;1;-0.13060000000000002
10369;NDA FH Equity;Financials;Banks;FI;-0.09019999999999999;-0.0783;0;0;0;0;0;1;-0.09019999999999999
10370;NEM GY Equity;Information Technology;Software;DE;0.14059999999999995;0.128;0;0;0;0;0;0;0.14059999999999995
10371;NESN SE Equity;Consumer Staples;Food Products;CH;0.056999999999999995;0.0557;1;1;1;7;2;0;0.056999999999999995
10372;NESTE FH Equity;Energy;Oil, Gas & Consumable Fuels;FI;0.07170000000000001;0.0489;0;0;0;0;0;0;0.07170000000000001
10373;NETC DC Equity;Information Technology;IT Services;DK;0.06449999999999999;0.0503;0;0;0;0;0;0;0.06449999999999999
10374;NEXI IM Equity;Financials;Financial Services;IT;0.005800000000000016;0.0043;0;0;0;0;0;1;0.005800000000000016
10375;NG/ LN Equity;Utilities;Multi-Utilities;GB;0.028499999999999998;0.0269;0;0;0;0;0;0;0.028499999999999998
10376;NHY NO Equity;Materials;Metals & Mining;NO;0.30770000000000003;0.3106;0;0;0;0;0;0;0.30770000000000003
10377;NIBEB SS Equity;Industrials;Building Products;SE;0.25760000000000005;0.219;0;0;0;0;0;0;0.25760000000000005
10378;NN NA Equity;Financials;Insurance;NL;-0.24029999999999999;-0.2082;0;0;0;0;0;1;-0.24029999999999999
10379;NOD NO Equity;Information Technology;Semiconductors & Semiconductor Equipment;NO;0.24970000000000003;0.2166;0;0;0;0;0;0;0.24970000000000003
10380;NOKIA FH Equity;Information Technology;Communications Equipment;FI;0.010700000000000008;0.009;1;0;1;0;2;0;0.010700000000000008
10381;NOVN SE Equity;Health Care;Pharmaceuticals;CH;0.07560000000000001;0.0746;0;0;0;0;0;0;0.07560000000000001
10382;NOVOB DC Equity;Health Care;Pharmaceuticals;DK;0.20879999999999999;0.2031;0;0;0;0;0;0;0.20879999999999999
10383;NSISB DC Equity;Materials;Chemicals;DK;0.21690000000000004;0.2146;0;0;0;0;0;0;0.21690000000000004
10384;NTGY SQ Equity;Utilities;Gas Utilities;ES;-0.04420000000000002;-0.0446;1;1;0;1;0;0;-0.04420000000000002
10385;NWG LN Equity;Financials;Banks;GB;-0.09630000000000002;-0.0851;0;0;0;0;0;1;-0.09630000000000002
10386;NXT LN Equity;Consumer Discretionary;Broadline Retail;GB;-0.0437;-0.0378;0;0;0;0;0;0;-0.0437
10387;OCDO LN Equity;Consumer Staples;Consumer Staples Distribution & Retail;GB;0.09929999999999997;0.0876;0;0;0;0;0;0;0.09929999999999997
10388;OMV AV Equity;Energy;Oil, Gas & Consumable Fuels;AT;-0.24469999999999997;-0.1986;1;1;1;3;1;0;-0.24469999999999997
10389;ONT LN Equity;Health Care;Life Sciences Tools & Services;GB;-0.07179999999999999;-0.0618;0;0;0;0;0;0;-0.07179999999999999
10390;OR FP Equity;Consumer Staples;Personal Care Products;FR;0.0392;0.0351;1;1;1;1;2;0;0.0392
10391;ORA FP Equity;Communication Services;Diversified Telecommunication Services;FR;-0.0588;-0.059;1;1;0;1;0;0;-0.0588
10392;ORK NO Equity;Consumer Staples;Food Products;NO;0.023599999999999996;0.022;0;0;0;0;0;0;0.023599999999999996
10393;ORNBV FH Equity;Health Care;Pharmaceuticals;FI;0.20010000000000006;0.182;0;0;0;0;0;0;0.20010000000000006
10394;ORRON SS Equity;Utilities;Independent Power and Renewable Electricity Producers;SE;0.20379999999999998;0.1965;0;0;0;0;0;0;0.20379999999999998
10395;ORSTED DC Equity;Utilities;Independent Power and Renewable Electricity Producers;DK;0.31490000000000007;0.2939;0;0;0;0;0;0;0.31490000000000007
10396;PAH3 GY Equity;Consumer Discretionary;Automobiles;DE;-0.01789999999999998;-0.0267;0;0;0;0;0;0;-0.01789999999999998
10397;PEO PW Equity;Financials;Banks;PL;-0.3301;-0.2813;0;0;0;0;0;1;-0.3301
10398;PGHN SE Equity;Financials;Capital Markets;CH;0.06499999999999997;0.0581;0;0;0;0;0;1;0.06499999999999997
10399;PHIA NA Equity;Health Care;Health Care Equipment & Supplies;NL;0.031200000000000006;0.0272;1;0;1;0;2;0;0.031200000000000006
10400;PHP LN Equity;Real Estate;Health Care REITs;GB;0.0746;0.072;0;0;0;0;0;0;0.0746
10401;PKN PW Equity;Energy;Oil, Gas & Consumable Fuels;PL;0.16120000000000004;0.1296;1;1;0;3;0;0;0.16120000000000004
10402;PKO PW Equity;Financials;Banks;PL;-0.2695000000000001;-0.2384;0;0;0;0;0;1;-0.2695000000000001
10403;PNDORA DC Equity;Consumer Discretionary;Textiles, Apparel & Luxury Goods;DK;-0.010200000000000008;-0.0086;0;0;0;0;0;0;-0.010200000000000008
10404;PNN LN Equity;Utilities;Water Utilities;GB;0.04990000000000001;0.0461;0;0;0;0;0;0;0.04990000000000001
10405;POLY LN Equity;Materials;Metals & Mining;KZ;-1.74;-0.8413;1;1;0;5;0;0;-0.5077299999999999
10406;PROX BB Equity;Communication Services;Diversified Telecommunication Services;BE;-0.061000000000000006;-0.0632;0;0;0;0;0;0;-0.061000000000000006
10407;PRU LN Equity;Financials;Insurance;HK;0.08980000000000002;0.075;0;0;0;0;0;1;0.08980000000000002
10408;PRX NA Equity;Consumer Discretionary;Broadline Retail;NL;-0.21080000000000004;-0.1652;0;0;0;0;0;0;-0.21080000000000004
10409;PRY IM Equity;Industrials;Electrical Equipment;IT;0.1401;0.1273;1;0;1;0;1;0;0.1401
10410;PSM GY Equity;Communication Services;Media;DE;-0.1913;-0.1574;0;0;0;0;0;0;-0.1913
10411;PSN LN Equity;Consumer Discretionary;Household Durables;GB;0.08850000000000001;0.0805;0;0;0;0;0;0;0.08850000000000001
10412;PSON LN Equity;Consumer Discretionary;Diversified Consumer Services;GB;0.0724;0.0619;0;0;0;0;0;0;0.0724
10413;PSPN SE Equity;Real Estate;Real Estate Management & Development;CH;0.2154;0.2237;0;0;0;0;0;0;0.2154
10414;PST IM Equity;Financials;Financial Services;IT;-0.0693;-0.062;0;0;0;0;0;1;-0.0693
10415;PUB FP Equity;Communication Services;Media;FR;-0.1623;-0.1409;1;0;1;0;1;0;-0.1623
10416;PUM GY Equity;Consumer Discretionary;Textiles, Apparel & Luxury Goods;DE;-0.12400000000000001;-0.1054;0;0;0;0;0;0;-0.12400000000000001
10417;PZU PW Equity;Financials;Insurance;PL;-0.1673;-0.1483;0;0;0;0;0;1;-0.1673
10418;QIA GY Equity;Health Care;Life Sciences Tools & Services;NL;0.002700000000000008;0.0011;0;0;0;0;0;0;0.002700000000000008
10419;QLT LN Equity;Financials;Capital Markets;GB;-0.07629999999999999;-0.0678;0;0;0;0;0;1;-0.07629999999999999
10420;QTCOM FH Equity;Information Technology;Software;FI;0.3408;0.2987;0;0;0;0;0;0;0.3408
10421;RAA GY Equity;Industrials;Machinery;DE;0.015900000000000008;0.0142;0;0;0;0;0;0;0.015900000000000008
10422;RACE IM Equity;Consumer Discretionary;Automobiles;IT;0.0617;0.0578;1;0;1;0;1;0;0.0617
10423;RAND NA Equity;Industrials;Professional Services;NL;-0.044;-0.0417;0;0;0;0;0;0;-0.044
10424;RBI AV Equity;Financials;Banks;AT;-0.7596999999999998;-0.5073;0;0;0;0;0;1;-0.5077299999999999
10425;RBREW DC Equity;Consumer Staples;Beverages;DK;-0.16250000000000003;-0.1446;0;0;0;0;0;0;-0.16250000000000003
10426;RCO FP Equity;Consumer Staples;Beverages;FR;0.019599999999999996;0.0178;0;0;0;0;0;0;0.019599999999999996
10427;REC IM Equity;Health Care;Pharmaceuticals;IT;0.007599999999999999;0.0043;0;0;0;0;0;0;0.007599999999999999
10428;RED SQ Equity;Utilities;Electric Utilities;ES;0.035199999999999995;0.0321;0;0;0;0;0;0;0.035199999999999995
10429;REL LN Equity;Industrials;Professional Services;GB;0.085;0.0825;0;0;0;0;0;0;0.085
10430;REP SQ Equity;Energy;Oil, Gas & Consumable Fuels;ES;0.05960000000000001;0.0549;1;1;1;3;1;0;0.05960000000000001
10431;REY IM Equity;Information Technology;IT Services;IT;0.1673;0.1546;0;0;0;0;0;0;0.1673
10432;RF FP Equity;Financials;Financial Services;FR;0.0284;0.024;0;0;0;0;0;1;0.0284
10433;RHM GY Equity;Industrials;Aerospace & Defense;DE;0.48729999999999996;0.5368;0;0;0;0;0;0;0.3507439999999999
10434;RI FP Equity;Consumer Staples;Beverages;FR;0.033000000000000015;0.0289;1;0;1;0;3;0;0.033000000000000015
10435;RILBA DC Equity;Financials;Banks;DK;0.011100000000000006;0.0082;0;0;0;0;0;1;0.011100000000000006
10436;RIO LN Equity;Materials;Metals & Mining;GB;0.14650000000000002;0.1448;1;1;1;1;1;0;0.14650000000000002
10437;RKT LN Equity;Consumer Staples;Household Products;GB;0.011599999999999978;0.0075;1;0;1;0;2;0;0.011599999999999978
10438;RMS FP Equity;Consumer Discretionary;Textiles, Apparel & Luxury Goods;FR;0.09260000000000002;0.0832;0;0;0;0;0;0;0.09260000000000002
10439;RMV LN Equity;Communication Services;Interactive Media & Services;GB;0.16300000000000003;0.1538;0;0;0;0;0;0;0.16300000000000003
10440;RNO FP Equity;Consumer Discretionary;Automobiles;FR;-0.3163999999999999;-0.2513;1;1;1;11;2;0;-0.3163999999999999
10441;ROCKB DC Equity;Industrials;Building Products;DK;-0.08520000000000001;-0.0841;1;1;0;1;0;0;-0.08520000000000001
10442;ROG SE Equity;Health Care;Pharmaceuticals;CH;0.0852;0.0826;0;0;0;0;0;0;0.0852
10443;ROO LN Equity;Consumer Discretionary;Hotels, Restaurants & Leisure;GB;-0.02370000000000002;-0.0242;0;0;0;0;0;0;-0.02370000000000002
10444;ROR LN Equity;Industrials;Machinery;GB;0.043500000000000004;0.0359;0;0;0;0;0;0;0.043500000000000004
10445;RR/ LN Equity;Industrials;Aerospace & Defense;GB;-0.06169999999999996;-0.0591;1;1;1;2;2;0;-0.06169999999999996
10446;RS1 LN Equity;Industrials;Trading Companies & Distributors;GB;-0.016499999999999997;-0.0162;0;0;0;0;0;0;-0.016499999999999997
10447;RTO LN Equity;Industrials;Commercial Services & Supplies;GB;0.0633;0.0578;0;0;0;0;0;0;0.0633
10448;RUI FP Equity;Utilities;Gas Utilities;FR;-0.138;-0.1273;0;0;0;0;0;0;-0.138
10449;RWE GY Equity;Utilities;Independent Power and Renewable Electricity Producers;DE;0.006299999999999991;-0.0041;0;0;0;0;0;0;0.006299999999999991
10450;RXL FP Equity;Industrials;Trading Companies & Distributors;FR;-0.09879999999999999;-0.087;0;0;0;0;0;0;-0.09879999999999999
10451;RYA ID Equity;Industrials;Passenger Airlines;IE;-0.1606;-0.1302;0;0;0;0;0;0;-0.1606
10452;SAB SQ Equity;Financials;Banks;ES;-0.35790000000000005;-0.3022;0;0;0;0;0;1;-0.35790000000000005
10453;SAF FP Equity;Industrials;Aerospace & Defense;FR;0.0030000000000000087;-0.0026;1;1;1;1;8;0;0.0030000000000000087
10454;SAFE LN Equity;Real Estate;Specialized REITs;GB;-0.034600000000000006;-0.0355;0;0;0;0;0;0;-0.034600000000000006
10455;SAGAB SS Equity;Real Estate;Real Estate Management & Development;SE;0.14289999999999997;0.1207;0;0;0;0;0;0;0.14289999999999997
10456;SALM NO Equity;Consumer Staples;Food Products;NO;0.12620000000000003;0.1172;0;0;0;0;0;0;0.12620000000000003
10457;SAMPO FH Equity;Financials;Insurance;FI;-0.0669;-0.0608;0;0;0;0;0;1;-0.0669
10458;SAN FP Equity;Health Care;Pharmaceuticals;FR;-0.017300000000000003;-0.0177;0;0;0;0;0;0;-0.017300000000000003
10459;SAN SQ Equity;Financials;Banks;ES;-0.1278;-0.1115;0;0;0;0;0;1;-0.1278
10460;SAND SS Equity;Industrials;Machinery;SE;-0.10229999999999997;-0.0855;1;0;1;0;3;0;-0.10229999999999997
10461;SAP GY Equity;Information Technology;Software;DE;0.0382;0.034;1;0;1;0;7;0;0.0382
10462;SBBB SS Equity;Real Estate;Real Estate Management & Development;SE;0.025400000000000002;0.004;0;0;0;0;0;0;0.025400000000000002
10463;SBRY LN Equity;Consumer Staples;Consumer Staples Distribution & Retail;GB;-0.0748;-0.0712;0;0;0;0;0;0;-0.0748
10464;SCAB SS Equity;Materials;Paper & Forest Products;SE;0.019000000000000003;0.0159;0;0;0;0;0;0;0.019000000000000003
10465;SCHP SE Equity;Industrials;Machinery;CH;0.06810000000000001;0.0621;0;0;0;0;0;0;0.06810000000000001
10466;SCMN SE Equity;Communication Services;Diversified Telecommunication Services;CH;0.06499999999999997;0.0661;0;0;0;0;0;0;0.06499999999999997
10467;SCR FP Equity;Financials;Insurance;FR;-0.19169999999999998;-0.1748;0;0;0;0;0;1;-0.19169999999999998
10468;SCT LN Equity;Information Technology;IT Services;GB;0.0958;0.0838;0;0;0;0;0;0;0.0958
10469;SDF GY Equity;Materials;Chemicals;DE;0.13380000000000003;0.1363;0;0;0;0;0;0;0.13380000000000003
10470;SDLF LN Equity;Financials;Insurance;GB;-0.01929999999999999;-0.0198;0;0;0;0;0;1;-0.01929999999999999
10471;SDR LN Equity;Financials;Capital Markets;GB;0.002700000000000005;0.0006;0;0;0;0;0;1;0.002700000000000005
10472;SEBA SS Equity;Financials;Banks;SE;-0.09669999999999998;-0.0806;0;0;0;0;0;1;-0.09669999999999998
10473;SECTB SS Equity;Health Care;Health Care Technology;SE;0.26089999999999997;0.2312;0;0;0;0;0;0;0.26089999999999997
10474;SECUB SS Equity;Industrials;Commercial Services & Supplies;SE;0.0533;0.0442;0;0;0;0;0;0;0.0533
10475;SESG FP Equity;Communication Services;Media;LU;-0.024799999999999985;-0.0269;1;1;0;1;0;0;-0.024799999999999985
10476;SFOR LN Equity;Communication Services;Media;GB;-0.08469999999999998;-0.0718;0;0;0;0;0;0;-0.08469999999999998
10477;SFZN SE Equity;Health Care;Life Sciences Tools & Services;CH;0.19059999999999996;0.1825;0;0;0;0;0;0;0.19059999999999996
10478;SGE LN Equity;Information Technology;Software;GB;0.049699999999999994;0.0458;0;0;0;0;0;0;0.049699999999999994
10479;SGO FP Equity;Industrials;Building Products;FR;-0.06019999999999999;-0.0531;1;1;0;1;0;0;-0.06019999999999999
10480;SGRE SQ Equity;Industrials;Electrical Equipment;ES;0.16840000000000002;0.1381;1;0;1;0;1;0;0.16840000000000002
10481;SGRO LN Equity;Real Estate;Industrial REITs;GB;0.07830000000000002;0.0741;0;0;0;0;0;0;0.07830000000000002
10482;SGSN SE Equity;Industrials;Professional Services;CH;0.07780000000000001;0.0741;1;0;1;0;1;0;0.07780000000000001
10483;SHBA SS Equity;Financials;Banks;SE;-0.02030000000000001;-0.0189;0;0;0;0;0;1;-0.02030000000000001
10484;SHELL NA Equity;Energy;Oil, Gas & Consumable Fuels;GB;-0.0019999999999999987;-0.0034;1;1;0;4;0;0;-0.0019999999999999987
10485;SHL GY Equity;Health Care;Health Care Equipment & Supplies;DE;0.06180000000000001;0.0569;0;0;0;0;0;0;0.06180000000000001
10486;SIE GY Equity;Industrials;Industrial Conglomerates;DE;-0.07013643380000001;-0.0605;1;1;1;7;5;0;-0.07013643380000001
10487;SIGN SE Equity;Materials;Containers & Packaging;CH;0.22080000000000005;0.2183;0;0;0;0;0;0;0.22080000000000005
10488;SIKA SE Equity;Materials;Chemicals;CH;0.1468;0.1384;1;1;0;1;0;0;0.1468
10489;SIM DC Equity;Information Technology;Software;DK;0.007399999999999997;0.0014;0;0;0;0;0;0;0.007399999999999997
10490;SINCH SS Equity;Information Technology;Software;US;-0.004399999999999959;-0.0429;0;0;0;0;0;0;-0.004399999999999959
10491;SK FP Equity;Consumer Discretionary;Household Durables;FR;-0.02890000000000001;-0.0267;1;0;1;0;1;0;-0.02890000000000001
10492;SKAB SS Equity;Industrials;Construction & Engineering;SE;-0.08979999999999999;-0.0776;0;0;0;0;0;0;-0.08979999999999999
10493;SKFB SS Equity;Industrials;Machinery;SE;-0.032;-0.0249;1;0;1;0;2;0;-0.032
10494;SKG ID Equity;Materials;Containers & Packaging;IE;-0.1921;-0.1666;0;0;0;0;0;0;-0.1921
10495;SLHN SE Equity;Financials;Insurance;CH;-0.08650000000000002;-0.0811;0;0;0;0;0;1;-0.08650000000000002
10496;SMDS LN Equity;Materials;Containers & Packaging;GB;-0.09680000000000001;-0.0853;0;0;0;0;0;0;-0.09680000000000001
10497;SMIN LN Equity;Industrials;Machinery;GB;0.012399999999999998;0.0094;1;0;1;0;1;0;0.012399999999999998
10498;SN/ LN Equity;Health Care;Health Care Equipment & Supplies;GB;0.14759999999999995;0.1371;0;0;0;0;0;0;0.14759999999999995
10499;SOBI SS Equity;Health Care;Biotechnology;SE;0.07799999999999997;0.0713;0;0;0;0;0;0;0.07799999999999997
10500;SOF BB Equity;Financials;Financial Services;BE;0.06389999999999998;0.0592;0;0;0;0;0;1;0.06389999999999998
10501;SOI FP Equity;Information Technology;Semiconductors & Semiconductor Equipment;FR;0.06770000000000001;0.0576;0;0;0;0;0;0;0.06770000000000001
10502;SOLB BB Equity;Materials;Chemicals;BE;-0.16340000000000002;-0.1442;0;0;0;0;0;0;-0.16340000000000002
10503;SOON SE Equity;Health Care;Health Care Equipment & Supplies;CH;0.223;0.2138;0;0;0;0;0;0;0.223
10504;SOP FP Equity;Information Technology;IT Services;FR;0.05589999999999999;0.0498;1;0;1;0;1;0;0.05589999999999999
10505;SPIE FP Equity;Industrials;Commercial Services & Supplies;FR;-0.0382;-0.0372;0;0;0;0;0;0;-0.0382
10506;SPSN SE Equity;Real Estate;Real Estate Management & Development;CH;0.096;0.0945;0;0;0;0;0;0;0.096
10507;SPX LN Equity;Industrials;Machinery;GB;0.07710000000000002;0.0686;0;0;0;0;0;0;0.07710000000000002
10508;SREN SE Equity;Financials;Insurance;CH;-0.1906;-0.1728;0;0;0;0;0;1;-0.1906
10509;SRG IM Equity;Utilities;Gas Utilities;IT;0.07050000000000001;0.0686;0;0;0;0;0;0;0.07050000000000001
10510;SRT3 GY Equity;Health Care;Life Sciences Tools & Services;DE;0.02349999999999999;0.0192;0;0;0;0;0;0;0.02349999999999999
10511;SSE LN Equity;Utilities;Electric Utilities;GB;0.10950000000000001;0.1051;0;0;0;0;0;0;0.10950000000000001
10512;STAN LN Equity;Financials;Banks;GB;-0.053199999999999976;-0.0574;0;0;0;0;0;1;-0.053199999999999976
10513;STB NO Equity;Financials;Insurance;NO;-0.04139999999999999;-0.0391;0;0;0;0;0;1;-0.04139999999999999
10514;STERV FH Equity;Materials;Paper & Forest Products;FI;-0.15969999999999998;-0.142;0;0;0;0;0;0;-0.15969999999999998
10515;STJ LN Equity;Financials;Capital Markets;GB;-0.0845;-0.0761;0;0;0;0;0;1;-0.0845
10516;STLAM IM Equity;Consumer Discretionary;Automobiles;NL;0.003600000000000024;-0.0005;1;1;0;2;0;0;0.003600000000000024
10517;STMMI IM Equity;Information Technology;Semiconductors & Semiconductor Equipment;CH;-0.016599999999999993;-0.0135;0;0;0;0;0;0;-0.016599999999999993
10518;STMN SE Equity;Health Care;Health Care Equipment & Supplies;CH;0.2374;0.218;0;0;0;0;0;0;0.2374
10519;STORB SS Equity;Industrials;Industrial Conglomerates;SE;-0.32780000000000004;-0.2344;0;0;0;0;0;0;-0.32780000000000004
10520;SU FP Equity;Industrials;Electrical Equipment;FR;0.018700000000000005;0.0154;1;0;1;0;3;0;0.018700000000000005
10521;SVT LN Equity;Utilities;Water Utilities;GB;0.0367;0.035;0;0;0;0;0;0;0.0367
10522;SW FP Equity;Consumer Discretionary;Hotels, Restaurants & Leisure;FR;-0.19470000000000004;-0.1712;1;0;1;0;1;0;-0.19470000000000004
10523;SWECB SS Equity;Industrials;Construction & Engineering;SE;0.0296;0.025;0;0;0;0;0;0;0.0296
10524;SWEDA SS Equity;Financials;Banks;SE;-0.09380000000000001;-0.0799;0;0;0;0;0;1;-0.09380000000000001
10525;SWMA SS Equity;Consumer Staples;Tobacco;SE;0.0619;0.0542;0;0;0;0;0;0;0.0619
10526;SXS LN Equity;Information Technology;Electronic Equipment, Instruments & Components;GB;-0.1592;-0.1333;0;0;0;0;0;0;-0.1592
10527;SY1 GY Equity;Materials;Chemicals;DE;0.16799999999999995;0.1633;0;0;0;0;0;0;0.16799999999999995
10528;TATE LN Equity;Consumer Staples;Food Products;GB;-0.04809999999999999;-0.0478;0;0;0;0;0;0;-0.04809999999999999
10529;TECN SE Equity;Health Care;Life Sciences Tools & Services;CH;0.05149999999999999;0.0458;0;0;0;0;0;0;0.05149999999999999
10530;TEF SQ Equity;Communication Services;Diversified Telecommunication Services;ES;-0.1273;-0.1242;0;0;0;0;0;0;-0.1273
10531;TEG GY Equity;Real Estate;Real Estate Management & Development;DE;0.0698;0.0642;0;0;0;0;0;0;0.0698
10532;TEL NO Equity;Communication Services;Diversified Telecommunication Services;NO;0.027999999999999997;0.0252;0;0;0;0;0;0;0.027999999999999997
10533;TEL2B SS Equity;Communication Services;Wireless Telecommunication Services;SE;-0.04339999999999998;-0.0426;1;1;0;1;0;0;-0.04339999999999998
10534;TELIA SS Equity;Communication Services;Diversified Telecommunication Services;SE;-0.03799999999999999;-0.0363;1;0;1;0;1;0;-0.03799999999999999
10535;TEMN SE Equity;Information Technology;Software;CH;-0.184;-0.1535;1;0;1;0;2;0;-0.184
10536;TEN IM Equity;Energy;Energy Equipment & Services;LU;0.1033;0.097;1;1;0;1;0;0;0.1033
10537;TEP FP Equity;Industrials;Professional Services;FR;0.10300000000000001;0.0955;0;0;0;0;0;0;0.10300000000000001
10538;THULE SS Equity;Consumer Discretionary;Leisure Products;SE;0.02489999999999998;0.0235;0;0;0;0;0;0;0.02489999999999998
10539;TIGO SS Equity;Communication Services;Wireless Telecommunication Services;LU;-0.1045;-0.0898;0;0;0;0;0;0;-0.1045
10540;TIT IM Equity;Communication Services;Diversified Telecommunication Services;IT;-0.5309;-0.4322;0;0;0;0;0;0;-0.5077299999999999
10541;TKA GY Equity;Materials;Metals & Mining;DE;0.12380000000000002;0.0962;1;1;0;2;0;0;0.12380000000000002
10542;TKWY NA Equity;Consumer Discretionary;Hotels, Restaurants & Leisure;NL;-0.05059999999999999;-0.0499;0;0;0;0;0;0;-0.05059999999999999
10543;TOM NO Equity;Industrials;Machinery;NO;0.13579999999999998;0.1208;0;0;0;0;0;0;0.13579999999999998
10544;TPK LN Equity;Industrials;Trading Companies & Distributors;GB;0.09560000000000002;0.0871;0;0;0;0;0;0;0.09560000000000002
10545;TRELB SS Equity;Industrials;Machinery;SE;-0.17529999999999996;-0.1372;0;0;0;0;0;0;-0.17529999999999996
10546;TRN IM Equity;Utilities;Electric Utilities;IT;0.12539999999999998;0.1254;0;0;0;0;0;0;0.12539999999999998
10547;TRYG DC Equity;Financials;Insurance;DK;-0.002499999999999999;-0.0035;0;0;0;0;0;1;-0.002499999999999999
10548;TSCO LN Equity;Consumer Staples;Consumer Staples Distribution & Retail;GB;-0.04699999999999999;-0.0464;0;0;0;0;0;0;-0.04699999999999999
10549;TTE FP Equity;Energy;Oil, Gas & Consumable Fuels;FR;-0.08849999999999997;-0.0835;1;1;1;3;1;0;-0.08849999999999997
10550;TUI LN Equity;Consumer Discretionary;Hotels, Restaurants & Leisure;DE;-0.18479999999999996;-0.1426;0;0;0;0;0;0;-0.18479999999999996
10551;TW/ LN Equity;Consumer Discretionary;Household Durables;GB;0.02879999999999999;0.0231;0;0;0;0;0;0;0.02879999999999999
10552;TYRES FH Equity;Consumer Discretionary;Automobile Components;FI;-0.5189999999999999;-0.3823;1;1;0;1;0;0;-0.5077299999999999
10553;UBI FP Equity;Communication Services;Entertainment;FR;-0.1950999999999999;-0.1877;0;0;0;0;0;0;-0.1950999999999999
10554;UBSG SE Equity;Financials;Capital Markets;CH;-0.168;-0.1464;0;0;0;0;0;1;-0.168
10555;UCB BB Equity;Health Care;Pharmaceuticals;BE;0.21099999999999994;0.2129;1;0;1;0;1;0;0.21099999999999994
10556;UCG IM Equity;Financials;Banks;IT;-0.5075;-0.398;1;1;1;1;1;1;-0.5075
10557;UHR SE Equity;Consumer Discretionary;Textiles, Apparel & Luxury Goods;CH;0.03170000000000001;0.0249;0;0;0;0;0;0;0.03170000000000001
10558;ULVR LN Equity;Consumer Staples;Personal Care Products;GB;-0.1511;-0.1476;1;1;1;14;3;0;-0.1511
10559;UMG NA Equity;Communication Services;Entertainment;NL;0.02429999999999998;0.0194;0;0;0;0;0;0;0.02429999999999998
10560;UMI BB Equity;Materials;Chemicals;BE;0.21879999999999994;0.2005;0;0;0;0;0;0;0.21879999999999994
10561;UN0 GY Equity;Utilities;Independent Power and Renewable Electricity Producers;DE;-0.7554000000000001;-0.5317;1;1;1;4;3;0;-0.5077299999999999
10562;UPM FH Equity;Materials;Paper & Forest Products;FI;-0.15239999999999998;-0.1368;0;0;0;0;0;0;-0.15239999999999998
10563;URW NA Equity;Real Estate;Retail REITs;FR;-0.005500000000000008;-0.0063;0;0;0;0;0;0;-0.005500000000000008
10564;UTDI GY Equity;Communication Services;Diversified Telecommunication Services;DE;-0.1812;-0.1624;0;0;0;0;0;0;-0.1812
10565;UTG LN Equity;Real Estate;Residential REITs;GB;0.09779999999999997;0.0902;0;0;0;0;0;0;0.09779999999999997
10566;UU/ LN Equity;Utilities;Water Utilities;GB;0.024;0.0219;0;0;0;0;0;0;0.024
10567;VACN SE Equity;Industrials;Machinery;CH;0.09010000000000003;0.0779;0;0;0;0;0;0;0.09010000000000003
10568;VALMT FH Equity;Industrials;Machinery;FI;-0.0020000000000000018;-0.0022;1;0;1;0;1;0;-0.0020000000000000018
10569;VCT LN Equity;Materials;Chemicals;GB;0.0248;0.021;0;0;0;0;0;0;0.0248
10570;VENDA NO Equity;Communication Services;Interactive Media & Services;NO;0.4444;0.4039;0;0;0;0;0;0;0.3507439999999999
10571;VER AV Equity;Utilities;Electric Utilities;AT;-0.026799999999999977;-0.0477;0;0;0;0;0;0;-0.026799999999999977
10572;VIE FP Equity;Utilities;Multi-Utilities;FR;-0.1758;-0.1571;0;0;0;0;0;0;-0.1758
10573;VIFN SE Equity;Health Care;Pharmaceuticals;CH;-0.018199999999999994;-0.0197;0;0;0;0;0;0;-0.018199999999999994
10574;VITR SS Equity;Health Care;Biotechnology;SE;-0.08980000000000005;-0.0878;0;0;0;0;0;0;-0.08980000000000005
10575;VIV FP Equity;Communication Services;Entertainment;FR;-0.021800000000000003;-0.0199;0;0;0;0;0;0;-0.021800000000000003
10576;VMUK LN Equity;Financials;Banks;GB;-0.10080000000000001;-0.0868;0;0;0;0;0;1;-0.10080000000000001
10577;VNA GY Equity;Real Estate;Real Estate Management & Development;DE;0.015499999999999993;0.0125;0;0;0;0;0;0;0.015499999999999993
10578;VOD LN Equity;Communication Services;Wireless Telecommunication Services;GB;-0.12110000000000001;-0.1175;0;0;0;0;0;0;-0.12110000000000001
10579;VOE AV Equity;Materials;Metals & Mining;AT;-0.022100000000000012;-0.0254;1;0;1;0;1;0;-0.022100000000000012
10580;VOLCARB SS Equity;Consumer Discretionary;Automobiles;SE;0.1634;0.1141;1;1;0;1;0;0;0.1634
10581;VOLVB SS Equity;Industrials;Machinery;SE;-0.14310000000000003;-0.1149;1;1;1;3;1;0;-0.14310000000000003
10582;VOW3 GY Equity;Consumer Discretionary;Automobiles;DE;-0.10200000000000001;-0.0887;1;1;1;11;1;0;-0.10200000000000001
10583;VPLAYB SS Equity;Communication Services;Media;SE;0.05630000000000001;0.046;0;0;0;0;0;0;0.05630000000000001
10584;VTY LN Equity;Consumer Discretionary;Household Durables;GB;0.04760000000000001;0.0395;0;0;0;0;0;0;0.04760000000000001
10585;VWS DC Equity;Industrials;Electrical Equipment;DK;0.3672000000000001;0.3392;1;0;1;0;1;0;0.3507439999999999
10586;WALLB SS Equity;Real Estate;Real Estate Management & Development;SE;0.0093;0.0049;0;0;0;0;0;0;0.0093
10587;WDP BB Equity;Real Estate;Industrial REITs;BE;0.0367;0.0329;0;0;0;0;0;0;0.0367
10588;WEIR LN Equity;Industrials;Machinery;GB;0.0037999999999999944;-0.0035;1;0;1;0;2;0;0.0037999999999999944
10589;WIE AV Equity;Materials;Construction Materials;AT;-0.15220000000000003;-0.1387;0;0;0;0;0;0;-0.15220000000000003
10590;WIHL SS Equity;Real Estate;Real Estate Management & Development;SE;0.08780000000000002;0.0758;0;0;0;0;0;0;0.08780000000000002
10591;WIZZ LN Equity;Industrials;Passenger Airlines;HU;-0.34739999999999993;-0.2622;0;0;0;0;0;0;-0.34739999999999993
10592;WKL NA Equity;Industrials;Professional Services;NL;0.1546;0.1539;0;0;0;0;0;0;0.1546
10593;WLN FP Equity;Financials;Financial Services;FR;0.0977;0.0758;1;0;1;0;1;1;0.0977
10594;WOSG LN Equity;Consumer Discretionary;Specialty Retail;GB;-0.1666;-0.144;0;0;0;0;0;0;-0.1666
10595;WPP LN Equity;Communication Services;Media;GB;-0.1652;-0.1492;0;0;0;0;0;0;-0.1652
10596;WRT1V FH Equity;Industrials;Machinery;FI;0.0217;0.0202;1;1;1;1;1;0;0.0217
10597;WTB LN Equity;Consumer Discretionary;Hotels, Restaurants & Leisure;GB;-0.07229999999999999;-0.0641;0;0;0;0;0;0;-0.07229999999999999
10598;YAR NO Equity;Materials;Chemicals;NO;0.0949;0.0883;1;1;1;1;1;0;0.0949
10599;ZAL GY Equity;Consumer Discretionary;Specialty Retail;DE;-0.1829;-0.1563;0;0;0;0;0;0;-0.1829
10600;ZURN SE Equity;Financials;Insurance;CH;-0.038900000000000004;-0.0369;0;0;0;0;0;1;-0.038900000000000004
